time_s,base_acceleration_g,rotation_rad,normalized_moment,normalized_shear,normalized_sliding,normalized_settlement
0,0.0031988,-0.00070478,0.00094762,8.2676e-05,0.00026368,0.0091332
0.00976,0.00085222,-0.00070478,0.0002084,-9.9967e-05,0.00025954,0.0091351
0.01953,0.0019757,-0.00070378,-0.00054232,-0.00028883,0.0002555,0.0091364
0.0293,-0.0026909,-0.00070378,-0.0012652,-0.00047023,0.00025171,0.0091372
0.03906,-0.0015714,-0.00070278,-0.0019158,-0.00063062,0.00024818,0.0091374
0.04883,0.00078602,-0.00070078,-0.0024488,-0.00075834,0.000245,0.0091371
0.05859,0.0030495,-0.00069978,-0.0028221,-0.00084486,0.00024218,0.0091363
0.06836,0.001893,-0.00069778,-0.0030114,-0.00088823,0.00023982,0.0091351
0.07812,-0.0027735,-0.00069478,-0.003017,-0.00089253,0.00023789,0.0091337
0.08789,0.0018601,-0.00069278,-0.0028526,-0.00086253,0.00023639,0.0091322
0.09766,-0.0028063,-0.00068978,-0.002541,-0.00080108,0.00023532,0.0091306
0.10742,0.0041574,-0.00068778,-0.0021124,-0.00070922,0.00023471,0.009129
0.11719,0.0006211,-0.00068478,-0.0016069,-0.00058953,0.0002345,0.0091276
0.12695,0.0017949,-0.00068378,-0.0010695,-0.0004492,0.00023471,0.0091261
0.13672,0.0005887,-0.00068178,-0.00054733,-0.00030159,0.00023529,0.0091247
0.14648,0.0017626,-0.00068178,-8.6555e-05,-0.00016335,0.00023621,0.0091234
0.15625,0.00060655,-0.00068178,0.00028665,-4.6668e-05,0.00023739,0.009122
0.16601,0.0028706,-0.00068278,0.00057109,4.3019e-05,0.00023882,0.0091206
0.17578,0.0040447,-0.00068478,0.00077598,0.00010371,0.00024043,0.0091193
0.18555,0.0016989,-0.00068678,0.00090688,0.00013365,0.00024214,0.0091179
0.19531,0.0040132,-0.00069078,0.00096835,0.00013237,0.00024393,0.0091165
0.20508,-0.0041224,-0.00069478,0.00096658,0.00010235,0.00024575,0.009115
0.21484,-0.0006739,-0.00069978,0.00091251,5.0518e-05,0.00024754,0.0091137
0.22461,-0.0030133,-0.00070478,0.00082768,-1.0942e-05,0.00024932,0.0091124
0.23437,0.0028114,-0.00071078,0.00074316,-6.7205e-05,0.000251,0.0091112
0.24414,0.00046623,-0.00071578,0.00069731,-0.00010277,0.00025257,0.0091102
0.25391,-0.0019228,-0.00072178,0.0007347,-0.00010207,0.00025404,0.0091094
0.26367,0.00043623,-0.00072778,0.0008965,-5.2479e-05,0.00025539,0.0091088
0.27344,-0.0065586,-0.00073378,0.0011957,4.8213e-05,0.00025664,0.0091085
0.2832,0.0027367,-0.00073878,0.0016005,0.00018806,0.00025771,0.0091084
0.29297,-0.00079381,-0.00074278,0.0020328,0.00034128,0.00025861,0.0091086
0.30273,-0.0019962,-0.00074778,0.0024129,0.00048098,0.00025936,0.0091092
0.3125,-0.00082248,-0.00075078,0.0026805,0.00058525,0.00025989,0.00911
0.32226,0.0026794,-0.00075378,0.0027895,0.00063598,0.00026029,0.009111
0.33203,-0.00085056,-0.00075578,0.0027081,0.00062082,0.00026046,0.0091122
0.3418,-0.00086436,-0.00075678,0.0024217,0.00053567,0.00026046,0.0091136
0.35156,0.001448,-0.00075778,0.0019332,0.00038529,0.00026029,0.009115
0.36133,-0.0020315,-0.00075778,0.0012782,0.00018458,0.00025989,0.0091165
0.37109,0.00023118,-0.00075678,0.00053691,-4.0102e-05,0.00025929,0.0091181
0.38086,0.00021803,-0.00075478,-0.00018631,-0.0002576,0.00025843,0.0091195
0.39062,-0.00093095,-0.00075178,-0.00078637,-0.00043736,0.00025729,0.0091209
0.40039,-0.00094376,-0.00074778,-0.001177,-0.00055368,0.00025582,0.0091221
0.41016,0.0025596,-0.00074378,-0.0013072,-0.00059142,0.00025393,0.0091231
0.41992,-0.00096883,-0.00073878,-0.0011697,-0.00054822,0.00025157,0.0091241
0.42969,0.00015491,-0.00073378,-0.00079703,-0.0004336,0.00024864,0.0091249
0.43945,-0.0021332,-0.00072778,-0.00026387,-0.00027028,0.00024507,0.0091257
0.44922,0.00013096,-0.00072178,0.0003228,-9.0731e-05,0.00024082,0.0091264
0.45898,-0.0021567,-0.00071578,0.00083698,6.8493e-05,0.00023586,0.0091271
0.46875,0.00010778,-0.00070878,0.0011626,0.00017498,0.00023014,0.0091277
0.47851,0.00014648,-0.00070278,0.001218,0.00020585,0.00022375,0.0091282
0.48828,0.0035554,-0.00069678,0.00096712,0.00015023,0.00021668,0.0091287
0.49805,0.0035945,-0.00069078,0.00042769,1.1801e-05,0.00020907,0.0091291
0.50781,0.0012538,-0.00068578,-0.00032431,-0.00018949,0.00020107,0.0091294
0.51758,0.0047133,-0.00068078,-0.0011763,-0.00042313,0.00019282,0.0091295
0.52734,-0.001093,-0.00067578,-0.0020043,-0.00065497,0.00018461,0.0091296
0.53711,3.2986e-05,-0.00067278,-0.0026921,-0.00085176,0.00017657,0.0091295
0.54687,-0.0057669,-0.00066978,-0.0031574,-0.00098831,0.000169,0.0091293
0.55664,0.0012035,-0.00066678,-0.0033694,-0.001053,0.00016214,0.0091291
0.56641,0.0023841,-0.00066578,-0.0033351,-0.0010463,0.00015618,0.0091289
0.57617,0.0023249,-0.00066578,-0.0030829,-0.00097764,0.00015129,0.0091288
0.58594,-1.4118e-05,-0.00066678,-0.0026518,-0.00086201,0.00014754,0.0091287
0.5957,-0.0046229,-0.00066978,-0.0020892,-0.00071606,0.00014504,0.0091287
0.60547,-3.1435e-05,-0.00067278,-0.001458,-0.0005584,0.00014371,0.009129
0.61523,-0.0023638,-0.00067778,-0.00082961,-0.00040709,0.00014346,0.0091295
0.625,-0.0011839,-0.00068378,-0.00026312,-0.0002739,0.00014414,0.0091303
0.63476,0.0011343,-0.00068978,0.00020293,-0.00016351,0.00014543,0.0091315
0.64453,0.0034566,-0.00069678,0.00055754,-7.4584e-05,0.00014707,0.009133
0.6543,-0.0012068,-0.00070378,0.00082305,-8.5873e-07,0.00014875,0.0091349
0.66406,0.001112,-0.00071078,0.0010399,6.3565e-05,0.00015011,0.0091371
0.67383,-0.002361,-0.00071778,0.0012343,0.00011807,0.00015082,0.0091396
0.68359,-4.1786e-05,-0.00072378,0.0014039,0.00015543,0.00015068,0.0091424
0.69336,-0.0012343,-0.00072878,0.001523,0.00016711,0.00014946,0.0091454
0.70312,-0.00010462,-0.00073378,0.0015628,0.0001505,0.00014718,0.0091485
0.71289,-6.0698e-05,-0.00073678,0.0015098,0.00011246,0.00014382,0.0091515
0.72266,-0.0024405,-0.00073878,0.0013719,6.6147e-05,0.00013957,0.0091544
0.73242,-7.2173e-05,-0.00073978,0.0011665,2.2188e-05,0.00013468,0.009157
0.74219,-0.0024036,-0.00074078,0.0009146,-1.615e-05,0.0001295,0.0091593
0.75195,0.0010573,-0.00073978,0.00063553,-5.3773e-05,0.00012439,0.0091612
0.76172,-0.0012737,-0.00073978,0.00033926,-9.9676e-05,0.00011982,0.0091626
0.77148,-0.0024184,-0.00073878,3.631e-05,-0.00015826,0.00011618,0.0091634
0.78125,-0.00014691,-0.00073878,-0.00025076,-0.00022287,0.00011396,0.0091637
0.79101,-0.0012872,-0.00073878,-0.00050707,-0.00028299,0.0001135,0.0091635
0.80078,0.0022248,-0.00074078,-0.0007399,-0.0003337,0.00011514,0.0091627
0.81055,0.004501,-0.00074278,-0.00095842,-0.00037583,0.00011911,0.0091616
0.82031,-0.0024866,-0.00074678,-0.0011521,-0.0004101,0.00012539,0.00916
0.83008,-0.00011603,-0.00075278,-0.0012985,-0.00043566,0.000134,0.009158
0.83984,0.0056808,-0.00075878,-0.001378,-0.00044953,0.00014464,0.0091558
0.84961,-0.0036321,-0.00076678,-0.0013781,-0.0004468,0.000157,0.0091533
0.85937,-0.0013109,-0.00077478,-0.0012978,-0.00042597,0.00017054,0.0091507
0.86914,0.0021526,-0.00078378,-0.0011437,-0.00039056,0.00018471,0.0091482
0.87891,0.0021504,-0.00079178,-0.00092146,-0.00034566,0.00019882,0.0091457
0.88867,-0.0036417,-0.00079878,-0.00063095,-0.00029454,0.00021229,0.0091435
0.89844,0.0033364,-0.00080478,-0.00028353,-0.00024322,0.00022436,0.0091416
0.9082,0.0010048,-0.00080878,8.8579e-05,-0.00020058,0.00023457,0.00914
0.91797,-0.0047867,-0.00081078,0.00045777,-0.00016888,0.00024246,0.0091388
0.92773,-0.00013789,-0.00080978,0.00081397,-0.00013945,0.00024771,0.0091381
0.9375,-0.0036489,-0.00080678,0.0011616,-9.5992e-05,0.00025018,0.0091378
0.94726,0.0044703,-0.00080078,0.0015155,-2.2327e-05,0.00024989,0.0091379
0.95703,-0.00014032,-0.00079278,0.0018808,8.6125e-05,0.00024704,0.0091383
0.9668,-0.0024667,-0.00078278,0.0022411,0.00021784,0.00024186,0.0091389
0.97656,-0.0071209,-0.00077078,0.0025687,0.00035255,0.00023486,0.0091395
0.98633,-0.0024669,-0.00075778,0.0028288,0.00046879,0.00022646,0.0091402
0.99609,-0.0059807,-0.00074378,0.0029891,0.00055084,0.00021732,0.0091406
1.0059,-0.0013263,-0.00073078,0.0030409,0.00059465,0.000208,0.0091409
1.0156,0.0056102,-0.00071778,0.0029856,0.00060217,0.00019911,0.0091408
1.0254,0.004471,-0.00070478,0.0028077,0.00057152,0.00019114,0.0091402
1.0352,0.004472,-0.00069478,0.002484,0.00049927,0.00018457,0.0091392
1.0449,-0.00013686,-0.00068578,0.002003,0.00038599,0.00017979,0.0091377
1.0547,-0.0024615,-0.00067878,0.0013733,0.00023617,0.000177,0.0091358
1.0644,0.001006,-0.00067478,0.00062041,5.5518e-05,0.00017625,0.0091334
1.0742,0.0044777,-0.00067178,-0.00021984,-0.00015084,0.00017757,0.0091307
1.084,0.0033396,-0.00067178,-0.0010989,-0.00037463,0.00018082,0.0091277
1.0938,-0.0071083,-0.00067278,-0.0019513,-0.00060089,0.00018571,0.0091243
1.1035,0.0033439,-0.00067578,-0.0027141,-0.00081214,0.00019196,0.0091208
1.1133,-0.0036337,-0.00067978,-0.0033558,-0.00099764,0.00019929,0.0091171
1.1231,-0.0024471,-0.00068478,-0.0038534,-0.0011478,0.00020725,0.0091133
1.1328,-0.0082883,-0.00068978,-0.004199,-0.0012567,0.00021554,0.0091097
1.1426,0.0033546,-0.00069578,-0.0044018,-0.0013236,0.00022375,0.0091061
1.1523,-0.0012983,-0.00070178,-0.0044785,-0.0013507,0.00023161,0.0091028
1.1621,0.0010309,-0.00070778,-0.0044487,-0.0013421,0.00023879,0.0090997
1.1719,-0.0094157,-0.00071378,-0.0043307,-0.0013045,0.000245,0.0090969
1.1816,-0.0070821,-0.00071778,-0.0041262,-0.0012422,0.00025,0.0090946
1.1914,-0.0059384,-0.00072178,-0.0038207,-0.0011551,0.00025368,0.0090927
1.2012,0.0033255,-0.00072378,-0.0033913,-0.0010386,0.00025582,0.0090915
1.2109,0.0045195,-0.00072578,-0.0028251,-0.00088909,0.00025639,0.0090909
1.2207,-8.6355e-05,-0.00072478,-0.0021267,-0.00070832,0.00025532,0.0090911
1.2305,-0.002408,-0.00072378,-0.0013197,-0.00050407,0.00025264,0.0090921
1.2402,-0.0035876,-0.00072078,-0.00045021,-0.00028956,0.00024839,0.0090938
1.25,-0.002399,-0.00071578,0.00042238,-7.8435e-05,0.00024271,0.0090962
1.2598,0.0022117,-0.00070978,0.0012355,0.00011786,0.00023571,0.0090993
1.2695,-0.0012494,-0.00070278,0.0019386,0.00029139,0.00022764,0.0091029
1.2793,-0.0035684,-0.00069578,0.002501,0.0004363,0.00021861,0.009107
1.2891,0.0010867,-0.00068678,0.0029054,0.00054666,0.00020886,0.0091114
1.2988,-0.001234,-0.00067878,0.0031378,0.00061488,0.00019861,0.0091159
1.3086,0.0057573,-0.00066978,0.0031841,0.00063254,0.00018807,0.0091204
1.3184,0.0022928,-0.00066078,0.0030438,0.00059691,0.00017739,0.0091248
1.3281,0.0034385,-0.00065178,0.0027422,0.00051633,0.00016675,0.0091291
1.3379,-7.5807e-05,-0.00064378,0.002323,0.00040649,0.00015632,0.009133
1.3477,-0.00353,-0.00063638,0.0018343,0.00028406,0.00014621,0.0091367
1.3574,-0.003524,-0.00062978,0.0013215,0.00016415,0.00013654,0.00914
1.3672,-7.9333e-06,-0.00062408,0.00081178,5.4878e-05,0.00012739,0.0091429
1.3769,0.0034682,-0.00061938,0.00030762,-4.5911e-05,0.00011882,0.0091454
1.3867,4.5156e-06,-0.00061588,-0.00020356,-0.00014737,0.00011104,0.0091476
1.3965,0.0034809,-0.00061338,-0.00072462,-0.00025756,0.00010357,0.0091494
1.4062,-0.0023086,-0.00061208,-0.0012421,-0.00037976,9.6999e-05,0.0091507
1.416,2.3935e-05,-0.00061188,-0.0017372,-0.00051211,9.1214e-05,0.0091516
1.4258,-0.0034794,-0.00061258,-0.0021973,-0.00064837,8.6249e-05,0.0091521
1.4356,0.0023173,-0.00061428,-0.0026211,-0.00078036,8.2214e-05,0.0091522
1.4453,0.0011842,-0.00061678,-0.003014,-0.0009001,7.9214e-05,0.0091519
1.4551,0.0023311,-0.00062008,-0.0033737,-0.0010011,7.7321e-05,0.0091512
1.4648,0.0035281,-0.00062408,-0.0036846,-0.0010797,7.6642e-05,0.0091503
1.4746,-0.0011208,-0.00062858,-0.0039341,-0.0011377,7.7178e-05,0.009149
1.4844,0.0058724,-0.00063358,-0.0041253,-0.0011821,7.8999e-05,0.0091475
1.4941,-0.0045704,-0.00063878,-0.0042631,-0.0012173,8.2142e-05,0.0091458
1.5039,-0.0010991,-0.00064478,-0.00434,-0.0012404,8.6535e-05,0.0091439
1.5137,-0.0034157,-0.00065078,-0.0043427,-0.0012452,9.2142e-05,0.0091422
1.5234,0.0035717,-0.00065678,-0.00424,-0.0012219,9.8928e-05,0.0091405
1.5332,-0.0022168,-0.00066278,-0.0039832,-0.0011588,0.00010675,0.009139
1.543,0.0035867,-0.00066878,-0.0035175,-0.0010448,0.00011546,0.0091378
1.5527,-0.0010617,-0.00067478,-0.0028048,-0.0008727,0.00012496,0.009137
1.5625,-0.002194,-0.00068078,-0.0018393,-0.00064158,0.00013511,0.0091365
1.5723,-0.0033703,-0.00068678,-0.0006516,-0.00035851,0.00014564,0.0091365
1.582,9.7491e-05,-0.00069278,0.00069382,-3.7945e-05,0.0001565,0.0091368
1.5918,0.0012953,-0.00069878,0.0021037,0.00029883,0.00016746,0.0091376
1.6016,0.0013032,-0.00070478,0.0034681,0.00062563,0.00017839,0.0091386
1.6113,0.001311,-0.00071078,0.0046681,0.00091256,0.00018918,0.0091398
1.6211,-0.005661,-0.00071678,0.005592,0.0011308,0.00019964,0.0091412
1.6309,-0.00099907,-0.00072178,0.006159,0.0012596,0.00020975,0.0091425
1.6406,-0.0033151,-0.00072678,0.0063254,0.0012882,0.00021932,0.0091438
1.6504,0.0036729,-0.00073178,0.0060815,0.0012149,0.00022832,0.009145
1.6602,0.003681,-0.00073678,0.0054636,0.0010513,0.00023668,0.009146
1.6699,0.0036391,-0.00074078,0.0045535,0.00082139,0.00024432,0.0091468
1.6797,-0.00095885,-0.00074478,0.0034584,0.00055471,0.00025125,0.0091473
1.6894,-0.0032747,-0.00074778,0.002289,0.00027919,0.00025736,0.0091477
1.6992,-0.00094262,-0.00075078,0.0011388,1.6316e-05,0.00026264,0.0091479
1.709,-0.0032585,-0.00075278,7.0152e-05,-0.00022261,0.00026704,0.009148
1.7188,0.0025897,-0.00075478,-0.00088508,-0.00043482,0.0002705,0.009148
1.7285,-0.00091819,-0.00075578,-0.0017086,-0.00061935,0.000273,0.0091479
1.7383,0.002556,-0.00075678,-0.0023835,-0.00077319,0.00027454,0.0091478
1.7481,-0.00090189,-0.00075678,-0.0029022,-0.00089324,0.00027511,0.0091477
1.7578,-0.0020337,-0.00075678,-0.0032702,-0.00097869,0.00027471,0.0091475
1.7676,-0.0020256,-0.00075578,-0.0035048,-0.0010322,0.00027343,0.0091472
1.7773,0.00030854,-0.00075478,-0.0036307,-0.0010598,0.00027132,0.0091469
1.7871,0.0037867,-0.00075378,-0.0036703,-0.0010672,0.00026846,0.0091464
1.7969,-0.00086123,-0.00075178,-0.0036328,-0.0010573,0.00026507,0.0091456
1.8066,0.00033286,-0.00074978,-0.0035118,-0.0010305,0.00026125,0.0091447
1.8164,0.00029094,-0.00074678,-0.0033058,-0.00098819,0.00025729,0.0091434
1.8262,0.003819,-0.00074478,-0.0030282,-0.00093469,0.00025339,0.0091418
1.8359,-0.001969,-0.00074178,-0.0026978,-0.00087339,0.00024979,0.0091399
1.8457,0.001505,-0.00073978,-0.0023353,-0.00080666,0.00024675,0.0091378
1.8555,0.001513,-0.00073778,-0.0019639,-0.00073658,0.00024443,0.0091356
1.8652,-0.00080507,-0.00073578,-0.0015891,-0.00065935,0.00024318,0.0091332
1.875,0.00033883,-0.00073478,-0.001194,-0.00056544,0.00024271,0.0091309
1.8848,-0.0007893,-0.00073378,-0.00075712,-0.00044766,0.00024346,0.0091287
1.8945,0.0015445,-0.00073378,-0.00027141,-0.00030693,0.00024521,0.0091266
1.9043,0.0026923,-0.00073478,0.0002567,-0.00015144,0.00024789,0.0091248
1.9141,0.00389,-0.00073578,0.0008098,6.1773e-06,0.00025129,0.0091234
1.9238,-0.0030823,-0.00073678,0.0013584,0.00015339,0.00025525,0.0091223
1.9336,-0.00075065,-0.00073778,0.0018678,0.0002823,0.0002595,0.0091216
1.9434,-0.0042071,-0.00073878,0.0023074,0.00039097,0.00026379,0.0091213
1.9531,0.00045045,-0.00073978,0.0026507,0.00047873,0.00026782,0.0091213
1.9629,0.00040791,-0.00074078,0.0028746,0.00054165,0.00027164,0.0091216
1.9727,0.0039353,-0.00074078,0.0029574,0.00057144,0.00027482,0.009122
1.9824,0.00042265,-0.00074078,0.0028812,0.00055932,0.00027729,0.0091224
1.9922,0.0015699,-0.00073978,0.002632,0.00049836,0.000279,0.0091228
2.0019,0.00048711,-0.00073778,0.0022099,0.00038675,0.00027989,0.0091231
2.0117,0.0016342,-0.00073578,0.0016455,0.00023184,0.00027996,0.0091233
2.0215,0.0016413,-0.00073278,0.00099677,5.0291e-05,0.00027925,0.0091234
2.0312,-0.0064717,-0.00072978,0.00033923,-0.00013399,0.00027782,0.0091234
2.041,0.00051517,-0.00072678,-0.00025541,-0.00029868,0.00027582,0.0091233
2.0508,0.001662,-0.00072278,-0.00074923,-0.00043548,0.00027325,0.0091232
2.0606,0.0016687,-0.00071878,-0.001141,-0.0005489,0.00027029,0.0091232
2.0703,-0.0018386,-0.00071478,-0.0014438,-0.00064435,0.00026693,0.0091232
2.0801,0.0028719,-0.00071078,-0.0016667,-0.00072028,0.00026336,0.0091235
2.0898,0.0004984,-0.00070678,-0.0018091,-0.00076766,0.00025961,0.0091239
2.0996,-0.00063122,-0.00070278,-0.0018733,-0.00077787,0.00025575,0.0091245
2.1094,0.0028911,-0.00069878,-0.0018618,-0.00074762,0.00025189,0.0091253
2.1191,-0.00061875,-0.00069478,-0.0017778,-0.00068158,0.000248,0.0091262
2.1289,0.0017133,-0.00069178,-0.0016331,-0.00059186,0.00024418,0.0091271
2.1387,-0.0040707,-0.00068978,-0.0014515,-0.0004949,0.00024036,0.0091281
2.1484,0.0017252,-0.00068678,-0.0012658,-0.00040772,0.00023654,0.009129
2.1582,-0.001783,-0.00068478,-0.0011122,-0.00034532,0.00023275,0.0091297
2.168,0.0052067,-0.00068378,-0.0010125,-0.00031541,0.00022893,0.0091303
2.1777,-0.00058375,-0.00068178,-0.00096266,-0.00031521,0.00022504,0.0091307
2.1875,-0.00057829,-0.00068078,-0.00094006,-0.00033398,0.00022111,0.0091308
2.1973,-0.0017129,-0.00067978,-0.00091726,-0.00035705,0.00021707,0.0091307
2.207,-0.0017557,-0.00067878,-0.00086485,-0.00036932,0.00021293,0.0091305
2.2168,0.00057342,-0.00067678,-0.00075468,-0.00035987,0.00020864,0.0091302
2.2266,0.0017684,-0.00067478,-0.00055718,-0.00032147,0.00020425,0.0091299
2.2363,0.0029133,-0.00067278,-0.00024982,-0.00024955,0.00019975,0.0091297
2.2461,-0.0016879,-0.00066978,0.00016762,-0.00014435,0.00019518,0.0091296
2.2559,-0.00054324,-0.00066678,0.00066215,-1.4155e-05,0.00019061,0.0091297
2.2656,-0.0051427,-0.00066378,0.0011657,0.00012397,0.00018607,0.0091301
2.2754,-0.0016743,-0.00065978,0.0015998,0.00025038,0.00018175,0.0091307
2.2852,0.001796,-0.00065678,0.0019028,0.00035014,0.00017768,0.0091316
2.2949,0.0041302,-0.00065278,0.0020316,0.00041308,0.000174,0.0091328
2.3047,-0.0028458,-0.00064978,0.0019565,0.00043171,0.00017082,0.0091343
2.3144,0.0018082,-0.00064678,0.0016654,0.00040201,0.00016829,0.0091361
2.3242,0.001812,-0.00064478,0.0011692,0.00032508,0.00016639,0.0091381
2.334,-0.0016504,-0.00064278,0.00051746,0.00021237,0.00016525,0.0091402
2.3438,0.0018192,-0.00064078,-0.00019409,8.7886e-05,0.00016479,0.0091424
2.3535,-0.0028274,-0.00063978,-0.00083864,-1.7978e-05,0.00016504,0.0091447
2.3633,0.0030159,-0.00063978,-0.0012903,-7.9407e-05,0.00016586,0.0091468
2.3731,-0.005151,-0.00063978,-0.0014507,-8.082e-05,0.00016714,0.0091489
2.3828,-0.0016819,-0.00063978,-0.0012588,-1.5873e-05,0.00016871,0.0091507
2.3926,-0.005145,-0.00063978,-0.00069729,0.00011553,0.00017036,0.0091523
2.4023,-0.00048823,-0.00064078,0.00021953,0.00031417,0.00017189,0.0091535
2.4121,-0.0062796,-0.00064078,0.0014562,0.00058258,0.00017311,0.0091544
2.4219,0.00070295,-0.00064078,0.0029636,0.00092075,0.00017379,0.009155
2.4316,-0.0051347,-0.00064078,0.0046809,0.0013224,0.00017379,0.0091553
2.4414,-0.0074624,-0.00063978,0.0065354,0.0017743,0.00017293,0.0091553
2.4512,-0.00047625,-0.00063878,0.0084541,0.00226,0.00017111,0.009155
2.4609,0.00071177,-0.00063688,0.010367,0.0027619,0.00016829,0.0091545
2.4707,-0.0016123,-0.00063428,0.012215,0.0032646,0.00016443,0.0091537
2.4805,-0.0039346,-0.00063108,0.013963,0.0037593,0.00015961,0.0091528
2.4902,-0.002793,-0.00062728,0.0156,0.0042408,0.000154,0.0091518
2.5,-0.0039314,-0.00062318,0.017117,0.0047008,0.00014786,0.0091506
2.5098,-0.0027901,-0.00061878,0.018493,0.0051254,0.00014136,0.0091494
2.5195,-0.0062588,-0.00061448,0.019703,0.0054997,0.00013489,0.0091483
2.5293,-0.014334,-0.00061048,0.020721,0.0058096,0.00012875,0.0091473
2.5391,0.00072336,-0.00060708,0.021521,0.0060431,0.00012321,0.0091464
2.5488,0.0018643,-0.00060448,0.022092,0.006195,0.00011854,0.0091456
2.5586,-0.007395,-0.00060288,0.022461,0.0062728,0.00011518,0.009145
2.5684,-0.0085843,-0.00060228,0.02268,0.0062941,0.00011304,0.0091444
2.5781,-0.0085338,-0.00060288,0.022797,0.0062781,0.00011229,0.009144
2.5879,-0.0062533,-0.00060458,0.022841,0.006239,0.00011282,0.0091435
2.5977,-0.00045904,-0.00060708,0.022817,0.0061818,0.00011461,0.0091431
2.6074,-0.0027828,-0.00061028,0.022705,0.0061016,0.00011768,0.0091426
2.6172,-0.0027828,-0.00061398,0.022459,0.0059846,0.00012136,0.009142
2.6269,-0.0027828,-0.00061778,0.022,0.0058068,0.0001255,0.0091411
2.6367,0.00072706,-0.00062138,0.021221,0.0055379,0.00012982,0.00914
2.6465,0.0018668,-0.00062468,0.02002,0.0051512,0.00013396,0.0091386
2.6562,-0.0027436,-0.00062738,0.018317,0.0046295,0.00013771,0.009137
2.666,0.003006,-0.00062948,0.016074,0.0039648,0.00014086,0.0091351
2.6758,-0.0004606,-0.00063078,0.013284,0.0031583,0.00014321,0.009133
2.6856,0.00072472,-0.00063138,0.0099889,0.0022212,0.00014461,0.0091306
2.6953,0.0030039,-0.00063138,0.0062588,0.0011714,0.00014546,0.0091281
2.7051,0.0088431,-0.00063088,0.0021759,2.8186e-05,0.00014543,0.0091255
2.7149,0.00072208,-0.00063018,-0.0021671,-0.0011845,0.00014479,0.0091229
2.7246,0.005331,-0.00062948,-0.0066695,-0.0024377,0.00014371,0.0091204
2.7344,0.0041898,-0.00062898,-0.011237,-0.0037029,0.00014239,0.0091182
2.7442,0.0087985,-0.00062898,-0.015788,-0.004954,0.00014111,0.0091164
2.7539,0.0087972,-0.00062988,-0.020255,-0.006168,0.00014011,0.0091153
2.7637,0.0076557,-0.00063198,-0.024575,-0.0073226,0.00013957,0.0091149
2.7735,0.0053741,-0.00063538,-0.028686,-0.0083978,0.00013982,0.0091154
2.7832,-0.0004735,-0.00064078,-0.03255,-0.0093807,0.00014104,0.009117
2.793,0.011115,-0.00064778,-0.036145,-0.010267,0.00014346,0.0091197
2.8028,0.0053189,-0.00065578,-0.039454,-0.011056,0.00014729,0.0091237
2.8125,0.015766,-0.00066678,-0.042452,-0.011751,0.00015264,0.0091289
2.8223,0.008785,-0.00067978,-0.045089,-0.012347,0.00015964,0.009135
2.8321,0.011154,-0.00069478,-0.047284,-0.012829,0.00016843,0.009142
2.8418,0.0076407,-0.00071078,-0.048949,-0.013179,0.000179,0.0091495
2.8516,0.0087785,-0.00072878,-0.049997,-0.013376,0.00019132,0.0091573
2.8613,0.0064461,-0.00074778,-0.05035,-0.013408,0.00020532,0.009165
2.8711,0.011145,-0.00076778,-0.049942,-0.013269,0.00022071,0.0091721
2.8809,0.0064912,-0.00078678,-0.048726,-0.012952,0.00023732,0.0091785
2.8906,0.00068864,-0.00080478,-0.046676,-0.012455,0.00025475,0.0091838
2.9004,0.009902,-0.00082278,-0.043813,-0.01178,0.00027264,0.0091877
2.9102,0.0064832,-0.00083778,-0.040217,-0.010942,0.00029054,0.0091901
2.9199,0.0064304,-0.00085078,-0.036016,-0.0099649,0.000308,0.0091911
2.9297,0.011129,-0.00086178,-0.031373,-0.0088807,0.0003245,0.0091906
2.9395,0.0087946,-0.00086878,-0.026479,-0.0077291,0.00033961,0.0091887
2.9492,0.0099355,-0.00087278,-0.021542,-0.0065523,0.00035286,0.0091858
2.959,0.012259,-0.00087278,-0.016767,-0.0053906,0.00036382,0.009182
2.9688,0.0052753,-0.00086978,-0.012329,-0.0042797,0.00037214,0.0091776
2.9785,0.007602,-0.00086378,-0.0083607,-0.0032468,0.00037757,0.009173
2.9883,0.0053187,-0.00085478,-0.0049385,-0.0023068,0.00037986,0.0091685
2.9981,0.0075953,-0.00084378,-0.0020674,-0.001459,0.00037882,0.0091643
3.0078,0.0075919,-0.00082978,0.00031223,-0.00068834,0.00037446,0.0091606
3.0176,0.0017883,-0.00081478,0.0023143,3.1773e-05,0.00036686,0.0091577
3.0274,0.00064476,-0.00079778,0.0040957,0.00073422,0.00035611,0.0091557
3.0371,-0.0074789,-0.00078078,0.0058496,0.0014542,0.0003425,0.0091547
3.0469,-0.0051526,-0.00076278,0.0077741,0.0022216,0.00032639,0.0091547
3.0567,-0.0063463,-0.00074478,0.010029,0.003055,0.00030825,0.0091557
3.0664,-0.0017441,-0.00072778,0.012715,0.0039636,0.00028871,0.0091576
3.0762,-0.007544,-0.00071078,0.015878,0.0049489,0.00026843,0.0091602
3.086,-0.0063579,-0.00069578,0.019515,0.0060083,0.00024814,0.0091635
3.0957,-0.0051719,-0.00068078,0.023584,0.0071326,0.00022871,0.0091674
3.1055,-0.020285,-0.00066778,0.02801,0.0083067,0.00021096,0.0091718
3.1153,-0.012166,-0.00065578,0.032675,0.009504,0.00019571,0.0091765
3.125,-0.0098441,-0.00064578,0.037415,0.010688,0.00018375,0.0091814
3.1348,-0.010988,-0.00063718,0.042054,0.011826,0.00017579,0.0091863
3.1446,-0.0086625,-0.00063068,0.046428,0.012898,0.00017246,0.0091914
3.1543,-0.0040567,-0.00062618,0.050394,0.013892,0.00017421,0.0091965
3.1641,-0.0098609,-0.00062358,0.053844,0.014804,0.00018129,0.0092016
3.1738,-0.0098652,-0.00062268,0.056731,0.015638,0.00019379,0.0092069
3.1836,-0.0098696,-0.00062348,0.059059,0.016408,0.00021154,0.0092123
3.1934,-0.019135,-0.00062558,0.060887,0.017129,0.00023414,0.0092176
3.2031,-0.013344,-0.00062878,0.062325,0.017821,0.00026104,0.0092229
3.2129,-0.012209,-0.00063248,0.063511,0.018501,0.00029136,0.0092281
3.2227,-0.018008,-0.00063638,0.06461,0.019185,0.00032414,0.0092329
3.2324,-0.029651,-0.00063978,0.065817,0.019894,0.00035821,0.0092372
3.2422,-0.022672,-0.00064278,0.067328,0.02064,0.00039246,0.0092407
3.252,-0.026144,-0.00064378,0.069298,0.021422,0.00042532,0.0092431
3.2617,-0.022681,-0.00064378,0.071819,0.02222,0.00045604,0.0092443
3.2715,-0.030808,-0.00064078,0.074917,0.023006,0.00048318,0.0092441
3.2813,-0.02383,-0.00063678,0.078529,0.023742,0.00050568,0.0092423
3.291,-0.028489,-0.00063038,0.082481,0.024382,0.00052246,0.0092391
3.3008,-0.023839,-0.00062208,0.086487,0.024873,0.00053354,0.0092345
3.3106,-0.015768,-0.00061228,0.090193,0.02516,0.00053782,0.0092288
3.3203,-0.013397,-0.00060168,0.093208,0.02519,0.00053604,0.0092222
3.3301,-0.0018597,-0.00059098,0.095129,0.024906,0.00052746,0.0092151
3.3399,-0.015734,-0.00058068,0.095554,0.024248,0.00051318,0.0092078
3.3496,0.00045561,-0.00057178,0.09412,0.023163,0.00049389,0.0092008
3.3594,-0.011139,-0.00056508,0.090535,0.021603,0.00046961,0.0091944
3.3692,0.0085771,-0.00056118,0.084634,0.019543,0.00044211,0.0091887
3.3789,0.0028229,-0.00056068,0.076383,0.016978,0.00041246,0.009184
3.3887,0.0074287,-0.00056418,0.065863,0.013924,0.00038121,0.0091803
3.3985,0.0074246,-0.00057188,0.053227,0.010407,0.00035004,0.0091774
3.4082,0.012071,-0.00058408,0.03868,0.0064618,0.00031996,0.0091752
3.418,0.019002,-0.00060078,0.022488,0.0021402,0.00029211,0.0091735
3.4278,0.021326,-0.00062218,0.0049893,-0.0024868,0.00026746,0.0091719
3.4375,0.02479,-0.00064778,-0.013413,-0.0073276,0.00024693,0.0091703
3.4473,0.021319,-0.00067778,-0.032271,-0.012275,0.00023121,0.0091683
3.4571,0.023642,-0.00071178,-0.051135,-0.017214,0.00022086,0.0091659
3.4668,0.015516,-0.00074878,-0.069594,-0.022033,0.00021618,0.0091631
3.4766,0.035224,-0.00078978,-0.087304,-0.026624,0.00021725,0.0091601
3.4863,0.034034,-0.00083378,-0.104,-0.030896,0.00022389,0.009157
3.4961,0.03403,-0.00087978,-0.11947,-0.034768,0.00023575,0.0091541
3.5059,0.028232,-0.00092778,-0.13355,-0.03818,0.00025204,0.0091518
3.5156,0.031743,-0.00097778,-0.14613,-0.041097,0.00027186,0.0091505
3.5254,0.029365,-0.0010268,-0.15714,-0.043514,0.00029407,0.0091503
3.5352,0.018959,-0.0010758,-0.16653,-0.045449,0.00031736,0.0091516
3.5449,0.032873,-0.0011228,-0.17428,-0.046933,0.00034029,0.0091542
3.5547,0.014345,-0.0011668,-0.18038,-0.048008,0.0003615,0.0091582
3.5645,0.025884,-0.0012068,-0.18479,-0.048718,0.00037964,0.0091632
3.5742,0.0026999,-0.0012418,-0.18746,-0.049101,0.00039354,0.0091689
3.584,0.021271,-0.0012698,-0.18838,-0.049189,0.00040246,0.0091748
3.5938,0.006164,-0.0012918,-0.18752,-0.049001,0.00040568,0.0091804
3.6035,0.02706,-0.0013058,-0.18493,-0.048547,0.00040318,0.0091853
3.6133,0.030524,-0.0013128,-0.1807,-0.047818,0.00039496,0.0091893
3.6231,0.039785,-0.0013138,-0.17493,-0.046792,0.00038189,0.0091921
3.6328,0.030519,-0.0013068,-0.16779,-0.045446,0.00036489,0.0091938
3.6426,0.039826,-0.0012948,-0.15949,-0.043768,0.00034507,0.0091947
3.6524,0.037497,-0.0012768,-0.15029,-0.04176,0.00032382,0.0091952
3.6621,0.031699,-0.0012558,-0.14046,-0.039444,0.00030257,0.0091959
3.6719,0.015452,-0.0012308,-0.13019,-0.036843,0.00028261,0.0091971
3.6817,0.01659,-0.0012028,-0.11964,-0.033976,0.00026518,0.0091995
3.6914,0.022429,-0.0011738,-0.10889,-0.030857,0.00025129,0.0092034
3.7012,0.0049959,-0.0011428,-0.097913,-0.027487,0.00024157,0.009209
3.711,0.011975,-0.0011098,-0.086593,-0.023859,0.00023639,0.0092163
3.7207,0.0073214,-0.0010768,-0.074773,-0.019965,0.00023568,0.009225
3.7305,0.0049893,-0.0010418,-0.062251,-0.015791,0.00023918,0.0092346
3.7403,0.00037718,-0.0010048,-0.048805,-0.011314,0.000246,0.0092444
3.75,-0.014729,-0.00096578,-0.034208,-0.0065168,0.00025529,0.0092537
3.7598,-0.0042769,-0.00092378,-0.018281,-0.0013966,0.00026571,0.0092616
3.7696,-0.022855,-0.00087778,-0.00095373,0.0040177,0.000276,0.0092672
3.7793,-0.014735,-0.00082778,0.017705,0.0096573,0.00028479,0.0092698
3.7891,-0.030934,-0.00077278,0.037455,0.015409,0.00029068,0.0092687
3.7988,-0.027516,-0.00071378,0.057902,0.021125,0.00029261,0.0092637
3.8086,-0.037967,-0.00064878,0.078559,0.026647,0.00028975,0.0092547
3.8184,-0.039109,-0.00057858,0.098912,0.031827,0.00028154,0.0092419
3.8281,-0.041391,-0.00050428,0.11847,0.036541,0.00026793,0.0092258
3.8379,-0.039066,-0.00042678,0.13681,0.040701,0.00024925,0.009207
3.8477,-0.048329,-0.00034578,0.15359,0.044262,0.00022621,0.0091862
3.8574,-0.049519,-0.00026478,0.1686,0.047232,0.00019996,0.0091642
3.8672,-0.032183,-0.00018378,0.18172,0.049665,0.00017182,0.0091419
3.877,-0.044867,-0.00010378,0.19292,0.051659,0.00014343,0.0091201
3.8867,-0.021689,-2.7777e-05,0.20228,0.053347,0.00011629,0.0090996
3.8965,-0.022877,4.3223e-05,0.20992,0.05488,9.1964e-05,0.009081
3.9063,-0.0089129,0.00010822,0.21604,0.056407,7.1678e-05,0.0090647
3.916,-0.017085,0.00016622,0.22092,0.058049,5.6385e-05,0.0090512
3.9258,-0.029865,0.00021722,0.22486,0.059868,4.6532e-05,0.0090406
3.9356,-0.031006,0.00026122,0.22811,0.061837,4.2164e-05,0.0090328
3.9453,-0.049532,0.00029822,0.23085,0.063827,4.2899e-05,0.0090277
3.9551,-0.066918,0.00032822,0.23315,0.065649,4.8053e-05,0.0090249
3.9649,-0.080885,0.00035322,0.23506,0.067108,5.6771e-05,0.0090239
3.9746,-0.071623,0.00037322,0.23657,0.068048,6.8178e-05,0.0090242
3.9844,-0.075092,0.00038822,0.23762,0.068372,8.1499e-05,0.0090253
3.9942,-0.04493,0.00039822,0.23807,0.068044,9.6107e-05,0.0090266
4.0039,-0.047258,0.00040222,0.23773,0.067074,0.00011168,0.0090279
4.0137,-0.019424,0.00040022,0.23634,0.065507,0.00012793,0.0090289
4.0235,-0.02522,0.00039122,0.23359,0.063395,0.00014486,0.0090296
4.0332,-0.010117,0.00037422,0.22914,0.060779,0.00016246,0.0090304
4.043,-0.013583,0.00034822,0.22262,0.057669,0.00018086,0.0090317
4.0528,0.00033253,0.00031322,0.21367,0.05405,0.00020004,0.009034
4.0625,-0.0043178,0.00026822,0.20196,0.049881,0.00021989,0.0090381
4.0723,-0.006648,0.00021322,0.18726,0.045122,0.00024032,0.0090447
4.0821,0.0072718,0.00014822,0.16946,0.039752,0.000261,0.0090541
4.0918,0.0038018,7.3223e-05,0.14858,0.033763,0.00028157,0.0090668
4.1016,0.011876,-9.7765e-06,0.12476,0.027163,0.00030161,0.0090828
4.1113,0.010736,-9.9776e-05,0.098256,0.019979,0.00032054,0.0091018
4.1211,0.016531,-0.00019778,0.069439,0.012261,0.00033782,0.0091229
4.1309,0.011924,-0.00029978,0.03879,0.0040864,0.00035296,0.0091453
4.1406,0.028122,-0.00040578,0.0068682,-0.0044398,0.00036557,0.0091678
4.1504,0.035105,-0.00051438,-0.025694,-0.013181,0.00037532,0.0091892
4.1602,0.052491,-0.00062458,-0.058216,-0.021968,0.00038204,0.0092083
4.1699,0.04323,-0.00073578,-0.090024,-0.030611,0.00038568,0.0092244
4.1797,0.057148,-0.00084678,-0.12049,-0.038916,0.00038675,0.0092369
4.1895,0.062944,-0.00095678,-0.14913,-0.046708,0.00038496,0.0092457
4.1992,0.059479,-0.0010658,-0.17556,-0.053839,0.00038136,0.0092509
4.209,0.072257,-0.0011748,-0.19956,-0.060196,0.00037571,0.009253
4.2188,0.065229,-0.0012818,-0.22105,-0.065697,0.00036861,0.0092528
4.2285,0.078009,-0.0013878,-0.24005,-0.070306,0.00036018,0.0092513
4.2383,0.060625,-0.0014908,-0.25664,-0.074024,0.00035054,0.0092494
4.2481,0.061767,-0.0015878,-0.27097,-0.076899,0.00033961,0.0092479
4.2578,0.046712,-0.0016878,-0.28322,-0.079036,0.00032664,0.0092475
4.2676,0.039732,-0.0017878,-0.29359,-0.080598,0.00031157,0.0092485
4.2774,0.029331,-0.0018678,-0.30234,-0.08179,0.00029371,0.0092507
4.2871,0.016604,-0.0019578,-0.30968,-0.082828,0.0002725,0.0092538
4.2969,0.024682,-0.0020278,-0.31585,-0.083892,0.00024757,0.0092571
4.3067,0.021217,-0.0020978,-0.32102,-0.085096,0.00021875,0.0092598
4.3164,0.05371,-0.0021578,-0.32531,-0.086446,0.00018629,0.0092611
4.3262,0.054853,-0.0022078,-0.32875,-0.087836,0.00015079,0.0092603
4.336,0.075756,-0.0022478,-0.33126,-0.089066,0.00011304,0.0092569
4.3457,0.060654,-0.0022878,-0.33272,-0.089903,7.4214e-05,0.009251
4.3555,0.071108,-0.0023178,-0.33299,-0.09015,3.5421e-05,0.0092429
4.3653,0.054866,-0.0023378,-0.33201,-0.089694,-2.1613e-06,0.0092332
4.375,0.040952,-0.0023478,-0.32972,-0.088525,-3.7501e-05,0.0092232
4.3848,0.020055,-0.0023478,-0.32614,-0.086717,-6.9715e-05,0.009214
4.3946,0.017779,-0.0023478,-0.32127,-0.084388,-9.8036e-05,0.0092072
4.4043,0.0084765,-0.0023278,-0.31508,-0.081648,-0.00012182,0.009204
4.4141,0.0050102,-0.0023078,-0.30743,-0.078551,-0.0001405,0.0092054
4.4238,0.008484,-0.0022778,-0.29806,-0.075075,-0.00015368,0.0092119
4.4336,-0.00077812,-0.0022278,-0.28656,-0.071115,-0.00016089,0.0092235
4.4434,-0.00077422,-0.0021778,-0.27244,-0.066508,-0.00016204,0.0092396
4.4531,-0.0088943,-0.0021078,-0.25518,-0.061077,-0.00015696,0.0092593
4.4629,-0.0077503,-0.0020278,-0.23431,-0.054669,-0.00014575,0.0092811
4.4727,-0.019287,-0.0019478,-0.20951,-0.047185,-0.00012929,0.0093037
4.4824,-0.014628,-0.0018478,-0.18068,-0.038604,-0.00010786,0.0093256
4.4922,-0.033197,-0.0017378,-0.14794,-0.028994,-8.2501e-05,0.0093456
4.502,-0.033193,-0.0016178,-0.11166,-0.018499,-5.4358e-05,0.0093628
4.5117,-0.043686,-0.0014838,-0.072428,-0.0073239,-2.4679e-05,0.0093766
4.5215,-0.066862,-0.0013398,-0.03101,0.004276,5.2529e-06,0.0093868
4.5313,-0.065671,-0.0011838,0.011681,0.016012,3.426e-05,0.0093933
4.541,-0.084239,-0.0010168,0.054649,0.027568,6.1249e-05,0.0093965
4.5508,-0.083095,-0.00083878,0.096874,0.038618,8.5392e-05,0.0093967
4.5606,-0.098101,-0.00065078,0.13739,0.048852,0.00010611,0.009394
4.5703,-0.09349,-0.00045348,0.17535,0.058003,0.00012321,0.0093887
4.5801,-0.10161,-0.00024878,0.21014,0.065888,0.00013693,0.0093811
4.5899,-0.083031,-3.8776e-05,0.24133,0.072428,0.00014793,0.0093711
4.5996,-0.079559,0.00017422,0.26876,0.077677,0.00015714,0.0093589
4.6094,-0.041318,0.00038822,0.29245,0.081823,0.00016589,0.0093445
4.6192,-0.021601,0.00060222,0.31266,0.08516,0.00017554,0.0093281
4.6289,-0.0099613,0.00080222,0.32974,0.088046,0.00018739,0.0093101
4.6387,0.00044267,0.0010022,0.34414,0.090835,0.00020257,0.0092913
4.6485,-0.023917,0.0012022,0.35632,0.093792,0.00022164,0.0092724
4.6582,-0.047045,0.0013822,0.36671,0.097029,0.00024468,0.0092547
4.668,-0.096916,0.0015522,0.37567,0.10048,0.00027121,0.0092393
4.6778,-0.094585,0.0017122,0.38342,0.10391,0.00030021,0.0092274
4.6875,-0.10964,0.0018722,0.39011,0.10699,0.00033043,0.0092199
4.6973,-0.086502,0.0020122,0.39576,0.10943,0.00036061,0.0092173
4.7071,-0.078375,0.0021522,0.4004,0.11098,0.00038961,0.0092196
4.7168,-0.044741,0.0022822,0.40406,0.11157,0.00041639,0.0092262
4.7266,-0.028492,0.0024022,0.40682,0.11128,0.00044104,0.0092361
4.7363,-0.021506,0.0025122,0.40877,0.11029,0.00046282,0.0092479
4.7461,-0.019222,0.0026022,0.40999,0.10885,0.00048246,0.0092604
4.7559,-0.013375,0.0026922,0.41049,0.10717,0.00049996,0.0092722
4.7656,-0.0064349,0.0027622,0.41018,0.1054,0.00051568,0.0092825
4.7754,-0.01921,0.0028122,0.40888,0.1036,0.00052961,0.0092907
4.7852,-0.011087,0.0028522,0.40632,0.10169,0.00054139,0.0092973
4.7949,-0.013406,0.0028722,0.40221,0.099579,0.00055104,0.0093029
4.8047,-0.0098879,0.0028722,0.39624,0.097097,0.00055818,0.0093089
4.8145,0.0028465,0.0028522,0.38806,0.094071,0.00056211,0.0093168
4.8242,0.017957,0.0028122,0.37729,0.090314,0.00056211,0.0093283
4.834,0.0017154,0.0027622,0.36354,0.085645,0.00055782,0.0093446
4.8438,0.009844,0.0026822,0.34642,0.079909,0.00054925,0.0093666
4.8535,0.033029,0.0025922,0.32554,0.072999,0.00053604,0.0093947
4.8633,0.043483,0.0024722,0.30062,0.064875,0.00051925,0.0094287
4.8731,0.06206,0.0023322,0.27143,0.055569,0.00049889,0.0094678
4.8828,0.069,0.0021822,0.23792,0.045173,0.00047604,0.0095108
4.8926,0.084063,0.0020022,0.20016,0.033828,0.00045175,0.0095562
4.9024,0.09219,0.0018022,0.15844,0.021722,0.00042675,0.0096023
4.9121,0.10611,0.0015822,0.11322,0.0090902,0.00040282,0.0096473
4.9219,0.10845,0.0013322,0.065177,-0.0037866,0.00037971,0.0096894
4.9317,0.12237,0.0010722,0.015195,-0.01659,0.00035854,0.0097271
4.9414,0.11891,0.00079222,-0.035661,-0.028978,0.00033925,0.0097592
4.9512,0.10381,0.00050222,-0.086194,-0.040613,0.0003215,0.0097848
4.961,0.11773,0.00019122,-0.13519,-0.051208,0.00030443,0.0098036
4.9707,0.0899,-0.00012778,-0.18156,-0.060579,0.00028682,0.0098156
4.9805,0.081831,-0.00045238,-0.22438,-0.068672,0.00026707,0.0098214
4.9903,0.037709,-0.00077978,-0.26302,-0.075574,0.00024339,0.0098217
5,0.034247,-0.0011058,-0.29712,-0.081504,0.000214,0.0098173
5.0098,0.015728,-0.0014268,-0.32664,-0.086775,0.00017736,0.0098091
5.0196,0.023809,-0.0017378,-0.3518,-0.09172,0.00013254,0.0097978
5.0293,0.04006,-0.0020478,-0.37305,-0.096621,7.9178e-05,0.0097837
5.0391,0.084146,-0.0023378,-0.39093,-0.10163,1.7924e-05,0.009767
5.0488,0.091134,-0.0026178,-0.40596,-0.10675,-4.9822e-05,0.0097478
5.0586,0.099263,-0.0028878,-0.41855,-0.11177,-0.00012182,0.009726
5.0684,0.10502,-0.0031378,-0.42895,-0.11637,-0.00019532,0.0097013
5.0781,0.079515,-0.0033878,-0.43726,-0.1202,-0.00026736,0.0096739
5.0879,0.066791,-0.0036278,-0.44351,-0.1229,-0.00033504,0.009644
5.0977,0.036634,-0.0038578,-0.44776,-0.12427,-0.00039575,0.0096123
5.1074,0.033173,-0.0040778,-0.45018,-0.12428,-0.00044718,0.0095799
5.1172,0.0053444,-0.0042978,-0.45107,-0.12307,-0.00048861,0.0095486
5.127,0.0042103,-0.0044978,-0.45088,-0.12096,-0.00051932,0.0095202
5.1367,-0.00043983,-0.0046978,-0.45015,-0.11835,-0.00053932,0.009497
5.1465,0.010016,-0.0048778,-0.4494,-0.11563,-0.00054896,0.0094809
5.1563,-0.0062223,-0.0050378,-0.44902,-0.11313,-0.00054932,0.0094735
5.166,-0.0038867,-0.0051778,-0.44907,-0.111,-0.00054111,0.0094755
5.1758,-0.0015571,-0.0053078,-0.44927,-0.10922,-0.00052611,0.009487
5.1856,-0.014282,-0.0054078,-0.44898,-0.10753,-0.00050539,0.0095069
5.1953,-0.014324,-0.0054878,-0.44732,-0.1056,-0.00047968,0.0095339
5.2051,-0.022441,-0.0055378,-0.44334,-0.10302,-0.00045004,0.0095661
5.2149,-0.0096599,-0.0055578,-0.43621,-0.099459,-0.00041861,0.0096021
5.2246,-0.027039,-0.0055578,-0.42537,-0.094705,-0.00038575,0.0096406
5.2344,-0.047934,-0.0055178,-0.41059,-0.088706,-0.00035361,0.0096813
5.2442,-0.068781,-0.0054478,-0.39197,-0.081572,-0.00032311,0.0097246
5.2539,-0.093145,-0.0053478,-0.36984,-0.073537,-0.00029604,0.0097711
5.2637,-0.12212,-0.0052178,-0.34463,-0.064897,-0.00027346,0.009822
5.2735,-0.14415,-0.0050478,-0.31669,-0.05595,-0.00025621,0.0098778
5.2832,-0.13954,-0.0048478,-0.28622,-0.046949,-0.00024482,0.0099384
5.293,-0.14647,-0.0046078,-0.25318,-0.038075,-0.00023904,0.010003
5.3028,-0.14181,-0.0043378,-0.21736,-0.029415,-0.00023818,0.010068
5.3125,-0.14993,-0.0040378,-0.17848,-0.020959,-0.00024075,0.010133
5.3223,-0.12442,-0.0037178,-0.13626,-0.012592,-0.00024479,0.010193
5.3321,-0.11283,-0.0033678,-0.090626,-0.0041135,-0.00024775,0.010245
5.3418,-0.064135,-0.0029978,-0.041808,0.0047369,-0.00024686,0.010286
5.3516,-0.031689,-0.0026078,0.009616,0.014229,-0.00023929,0.010316
5.3613,0.013581,-0.0022178,0.06272,0.024576,-0.00022254,0.010333
5.3711,-0.0084571,-0.0018178,0.1163,0.035855,-0.00019486,0.01034
5.3809,-0.04555,-0.0014248,0.16898,0.04794,-0.00015525,0.010337
5.3906,-0.067588,-0.0010298,0.21936,0.060476,-0.00010386,0.010329
5.4004,-0.12093,-0.00063878,0.26613,0.072919,-4.1751e-05,0.010318
5.4102,-0.14064,-0.00025278,0.30825,0.084631,2.9107e-05,0.010309
5.4199,-0.13598,0.00012722,0.34499,0.095018,0.00010629,0.010304
5.4297,-0.087292,0.00050222,0.37603,0.10364,0.00018714,0.010306
5.4395,-0.076888,0.00087222,0.40144,0.11026,0.00026907,0.010316
5.4492,-0.033946,0.0012322,0.42161,0.11491,0.00034989,0.010335
5.459,-0.025822,0.0015822,0.43714,0.1178,0.00042782,0.010362
5.4688,-0.015418,0.0019322,0.44878,0.11927,0.00050139,0.010396
5.4785,-0.038549,0.0022622,0.45733,0.11977,0.00056961,0.010433
5.4883,-0.028145,0.0025922,0.46357,0.11972,0.00063175,0.010472
5.4981,0.0042975,0.0028922,0.46819,0.11947,0.00068711,0.01051
5.5078,-0.0049612,0.0031922,0.47166,0.11925,0.00073532,0.010543
5.5176,-0.014224,0.0034622,0.47431,0.11914,0.00077532,0.010569
5.5274,-0.021205,0.0037222,0.47628,0.11911,0.00080675,0.010588
5.5371,0.00088237,0.0039622,0.47764,0.11904,0.00082889,0.010598
5.5469,-0.0003025,0.0041922,0.47835,0.11869,0.00084068,0.010601
5.5567,0.0043546,0.0043922,0.47828,0.1178,0.00084246,0.010597
5.5664,0.0020257,0.0045722,0.47723,0.1161,0.00083354,0.010589
5.5762,0.021741,0.0047322,0.47488,0.11332,0.00081532,0.010579
5.586,0.029864,0.0048622,0.47089,0.10932,0.00078818,0.010569
5.5957,0.062308,0.0049722,0.46495,0.10408,0.00075461,0.010562
5.6055,0.087816,0.0050422,0.45681,0.097753,0.00071675,0.010561
5.6153,0.0948,0.0050822,0.44633,0.090635,0.00067711,0.010566
5.625,0.1261,0.0050822,0.43344,0.083105,0.00063925,0.010582
5.6348,0.1319,0.0050422,0.41807,0.07554,0.00060568,0.010608
5.6446,0.16325,0.0049622,0.40011,0.06824,0.00057818,0.010646
5.6543,0.15746,0.0048322,0.37936,0.061393,0.00055889,0.010698
5.6641,0.17826,0.0046622,0.35556,0.055061,0.00054782,0.010762
5.6738,0.17945,0.0044422,0.3284,0.049198,0.00054461,0.010839
5.6836,0.18411,0.0041822,0.29758,0.043666,0.00054818,0.010926
5.6934,0.15043,0.0038922,0.26286,0.03824,0.00055604,0.011023
5.7031,0.13191,0.0035522,0.22409,0.032617,0.00056532,0.011126
5.7129,0.099422,0.0031922,0.18124,0.026417,0.00057318,0.011232
5.7227,0.024089,0.0028122,0.1345,0.019214,0.00057532,0.011338
5.7324,0.0078494,0.0024022,0.084226,0.010596,0.00056961,0.011438
5.7422,-0.0037388,0.0019822,0.031049,0.00026838,0.00055318,0.011529
5.752,0.036824,0.0015622,-0.024138,-0.011847,0.00052461,0.011606
5.7617,0.046136,0.0011322,-0.080166,-0.025531,0.00048389,0.011666
5.7715,0.11805,0.00069222,-0.13567,-0.040252,0.00043175,0.011706
5.7813,0.13425,0.00026122,-0.18918,-0.055244,0.00037061,0.011724
5.791,0.15748,-0.00017478,-0.23927,-0.069618,0.00030296,0.011718
5.8008,0.096019,-0.00061248,-0.28464,-0.082523,0.00023204,0.01169
5.8106,0.094834,-0.0010508,-0.3243,-0.093294,0.00016089,0.011641
5.8203,0.062393,-0.0014878,-0.35771,-0.10156,9.2142e-05,0.011575
5.8301,0.029858,-0.0019278,-0.38479,-0.10731,2.7746e-05,0.011496
5.8399,0.021785,-0.0023578,-0.40603,-0.11081,-3.1036e-05,0.011408
5.8496,0.020646,-0.0027778,-0.42228,-0.11257,-8.3536e-05,0.011317
5.8594,0.0044043,-0.0031878,-0.43465,-0.11319,-0.00012961,0.011229
5.8692,-0.010704,-0.0035878,-0.44428,-0.11325,-0.00016939,0.011148
5.8789,0.0055479,-0.0039678,-0.45222,-0.11321,-0.00020307,0.011077
5.8887,-0.0095104,-0.0043278,-0.45924,-0.11338,-0.00023079,0.01102
5.8985,-0.018818,-0.0046678,-0.46574,-0.11386,-0.00025261,0.010976
5.9082,-0.012973,-0.0049778,-0.47173,-0.11452,-0.00026839,0.010945
5.918,0.0020842,-0.0052678,-0.47692,-0.11509,-0.00027796,0.010926
5.9278,0.0032256,-0.0055378,-0.4808,-0.11517,-0.00028118,0.010916
5.9375,-0.011829,-0.0057678,-0.48277,-0.11436,-0.00027811,0.010912
5.9473,-0.009552,-0.0059778,-0.48224,-0.11224,-0.00026918,0.010913
5.9571,-0.04199,-0.0061478,-0.47874,-0.10858,-0.00025529,0.010917
5.9668,-0.082554,-0.0062978,-0.47204,-0.1033,-0.00023796,0.010925
5.9766,-0.11386,-0.0063978,-0.46221,-0.096565,-0.00021914,0.010936
5.9863,-0.1301,-0.0064678,-0.44962,-0.088796,-0.00020118,0.010954
5.9961,-0.16145,-0.0064978,-0.43487,-0.080562,-0.00018661,0.01098
6.0059,-0.16724,-0.0064778,-0.41861,-0.07249,-0.00017771,0.011016
6.0156,-0.17532,-0.0064178,-0.40138,-0.065143,-0.00017625,0.011066
6.0254,-0.18691,-0.0063078,-0.38343,-0.058922,-0.00018325,0.011129
6.0352,-0.20083,-0.0061578,-0.36462,-0.054002,-0.00019868,0.011205
6.0449,-0.19969,-0.0059478,-0.34442,-0.05032,-0.00022139,0.011294
6.0547,-0.20548,-0.0057078,-0.32201,-0.047588,-0.00024914,0.011392
6.0645,-0.14867,-0.0054178,-0.29644,-0.045314,-0.00027875,0.011495
6.0742,-0.09647,-0.0050978,-0.26673,-0.042834,-0.00030625,0.0116
6.084,-0.070964,-0.0047478,-0.23207,-0.039372,-0.00032746,0.011703
6.0938,0.014869,-0.0043778,-0.19194,-0.034144,-0.00033825,0.011801
6.1035,0.0090686,-0.0039878,-0.1462,-0.026514,-0.00033504,0.011891
6.1133,-0.011829,-0.0035778,-0.095251,-0.016157,-0.00031546,0.011973
6.1231,-0.064033,-0.0031678,-0.039998,-0.0031674,-0.00027861,0.012045
6.1328,-0.11158,-0.0027478,0.018132,0.011899,-0.00022493,0.012109
6.1426,-0.13937,-0.0023278,0.077346,0.028119,-0.00015632,0.012164
6.1524,-0.17766,-0.0018978,0.13571,0.044392,-7.5643e-05,0.012213
6.1621,-0.13011,-0.0014638,0.19139,0.059664,1.361e-05,0.012255
6.1719,-0.10346,-0.0010268,0.24289,0.073108,0.00010793,0.012292
6.1817,-0.066368,-0.00058758,0.28913,0.084228,0.00020396,0.012324
6.1914,-0.0582,-0.00014678,0.3295,0.09289,0.000299,0.012351
6.2012,-0.02576,0.00029422,0.36383,0.099281,0.00039068,0.012371
6.211,-0.024621,0.00073222,0.39235,0.10382,0.00047782,0.012383
6.2207,-0.010709,0.0011622,0.4156,0.10703,0.00055889,0.012387
6.2305,-0.016502,0.0015822,0.43425,0.10947,0.00063246,0.012381
6.2403,-0.0049121,0.0019922,0.44905,0.11155,0.00069782,0.012365
6.25,-0.010714,0.0023822,0.46064,0.11353,0.00075389,0.012338
6.2598,-0.011851,0.0027622,0.46957,0.11545,0.00079854,0.012301
6.2696,-0.0037766,0.0031222,0.47625,0.11719,0.00083246,0.012257
6.2793,0.0090021,0.0034522,0.48103,0.1185,0.00084961,0.012206
6.2891,0.0055309,0.0037722,0.48412,0.11904,0.00085354,0.012151
6.2988,-0.0060603,0.0040622,0.4856,0.11844,0.00084175,0.012095
6.3086,0.018305,0.0043322,0.48544,0.1164,0.00081461,0.012041
6.3184,0.042624,0.0045722,0.48351,0.11272,0.00077389,0.011989
6.3281,0.068178,0.0047822,0.47968,0.10736,0.00072104,0.011944
6.3379,0.10062,0.0049622,0.47386,0.10052,0.00065996,0.011905
6.3477,0.10641,0.0051022,0.46599,0.092559,0.00059389,0.011876
6.3574,0.1343,0.0052022,0.45613,0.084,0.00052782,0.011856
6.3672,0.15976,0.0052522,0.44435,0.075423,0.00046604,0.011849
6.377,0.18764,0.0052622,0.43069,0.067367,0.00041246,0.011853
6.3867,0.20735,0.0052122,0.41508,0.060248,0.00036989,0.011871
6.3965,0.22588,0.0051122,0.39728,0.054306,0.00034089,0.011903
6.4063,0.22821,0.0049622,0.37687,0.049583,0.00032589,0.01195
6.416,0.24787,0.0047522,0.35334,0.045942,0.00032414,0.01201
6.4258,0.22939,0.0044922,0.32614,0.043084,0.00033346,0.012084
6.4356,0.19453,0.0041922,0.29477,0.040568,0.0003505,0.012169
6.4453,0.12267,0.0038522,0.25883,0.037811,0.00037093,0.012265
6.4551,0.076259,0.0034722,0.21807,0.034112,0.00038996,0.012368
6.4649,-0.0071954,0.0030722,0.17242,0.028721,0.00040282,0.012475
6.4746,-0.024627,0.0026522,0.12205,0.020974,0.00040496,0.012582
6.4844,-0.0095213,0.0022122,0.067479,0.010455,0.00039389,0.012684
6.4942,0.020597,0.0017722,0.0096265,-0.0028478,0.00036729,0.012777
6.5039,0.10529,0.0013122,-0.050178,-0.018475,0.00032564,0.012855
6.5137,0.12848,0.00086222,-0.11027,-0.035525,0.00027054,0.012917
6.5235,0.1992,0.00039722,-0.16876,-0.052807,0.00020486,0.012957
6.5332,0.17256,-6.7777e-05,-0.22376,-0.069052,0.00013232,0.012977
6.543,0.13775,-0.00053613,-0.27358,-0.083155,5.6732e-05,0.012975
6.5528,0.084454,-0.0010068,-0.31697,-0.094367,-1.8322e-05,0.012954
6.5625,0.047312,-0.0014798,-0.35331,-0.10241,-8.9929e-05,0.012918
6.5723,0.014873,-0.0019478,-0.38263,-0.10748,-0.00015618,0.01287
6.5821,-0.014146,-0.0024178,-0.4056,-0.11012,-0.00021575,0.012815
6.5918,-0.0082986,-0.0028778,-0.42331,-0.11113,-0.00026807,0.01276
6.6016,-0.0036851,-0.0033178,-0.43704,-0.11128,-0.00031286,0.012707
6.6113,0.0032485,-0.0037478,-0.44803,-0.11129,-0.00035004,0.012662
6.6211,-0.0048178,-0.0041578,-0.45734,-0.11162,-0.00037896,0.012627
6.6309,-0.0025342,-0.0045478,-0.46568,-0.11251,-0.00039968,0.012602
6.6406,-0.0060005,-0.0049178,-0.47338,-0.11388,-0.00041111,0.012588
6.6504,0.00098317,-0.0052578,-0.48034,-0.11543,-0.00041218,0.012583
6.6602,-0.00019917,-0.0055678,-0.48614,-0.11664,-0.00040254,0.012585
6.6699,0.0032705,-0.0058578,-0.49011,-0.11691,-0.00038111,0.012592
6.6797,-0.018765,-0.0061078,-0.49152,-0.11566,-0.00034896,0.012601
6.6895,-0.037286,-0.0063378,-0.48971,-0.1124,-0.00030643,0.012611
6.6992,-0.070913,-0.0065278,-0.48423,-0.1069,-0.00025593,0.012621
6.709,-0.10915,-0.0066778,-0.47495,-0.099206,-0.00020036,0.012632
6.7188,-0.14862,-0.0067978,-0.4621,-0.08972,-0.00014371,0.012646
6.7285,-0.17759,-0.0068678,-0.44628,-0.079133,-9.0393e-05,0.012665
6.7383,-0.19269,-0.0068878,-0.42836,-0.06834,-4.5001e-05,0.012691
6.7481,-0.22978,-0.0068478,-0.40925,-0.058276,-1.1536e-05,0.012728
6.7578,-0.24137,-0.0067578,-0.38963,-0.049753,6.8029e-06,0.012777
6.7676,-0.25529,-0.0066178,-0.36972,-0.043316,8.3601e-06,0.012837
6.7774,-0.27153,-0.0064078,-0.3492,-0.039152,-6.8113e-06,0.012907
6.7871,-0.27385,-0.0061578,-0.32721,-0.037056,-3.6786e-05,0.012985
6.7969,-0.2054,-0.0058478,-0.30252,-0.036443,-7.7786e-05,0.013066
6.8067,-0.1312,-0.0054978,-0.27379,-0.03641,-0.00012457,0.013146
6.8164,-0.087123,-0.0051078,-0.23977,-0.035814,-0.00017089,0.013222
6.8262,-0.0059412,-0.0046878,-0.19952,-0.033425,-0.00021018,0.013289
6.836,0.021895,-0.0042578,-0.15264,-0.028138,-0.00023629,0.013348
6.8457,0.033487,-0.0037978,-0.099393,-0.019227,-0.00024432,0.013396
6.8555,-0.029164,-0.0033478,-0.040779,-0.0065421,-0.00023118,0.013437
6.8653,-0.076709,-0.0028778,0.021561,0.0094178,-0.00019586,0.01347
6.875,-0.15318,-0.0024178,0.08552,0.027579,-0.0001395,0.0135
6.8848,-0.16596,-0.0019478,0.14877,0.046507,-6.4965e-05,0.013529
6.8946,-0.19612,-0.0014778,0.20906,0.064693,2.3824e-05,0.013559
6.9043,-0.16135,-0.0010058,0.26447,0.080843,0.00012236,0.013592
6.9141,-0.099833,-0.00053265,0.31362,0.094064,0.00022629,0.013626
6.9238,-0.080119,-5.8777e-05,0.35576,0.10396,0.00033186,0.013663
6.9336,-0.036037,0.00041422,0.39073,0.11064,0.00043604,0.013699
6.9434,-0.020978,0.00088222,0.41891,0.11461,0.00053675,0.013732
6.9531,0.014981,0.0013422,0.44103,0.1166,0.00063246,0.01376
6.9629,-0.012852,0.0017922,0.45807,0.11747,0.00072175,0.013779
6.9727,-0.0047745,0.0022322,0.47108,0.11797,0.00080389,0.013788
6.9824,-0.00011881,0.0026422,0.48099,0.11862,0.00087675,0.013787
6.9922,0.001069,0.0030422,0.48857,0.11968,0.00093925,0.013774
7.002,-0.019828,0.0034222,0.49436,0.12111,0.00098889,0.013751
7.0117,-0.011703,0.0037722,0.49875,0.12262,0.0010239,0.013719
7.0215,-0.0070453,0.0041022,0.50192,0.12378,0.0010432,0.01368
7.0313,-0.0082332,0.0044222,0.50384,0.12405,0.0010414,0.013638
7.041,0.006879,0.0047022,0.50433,0.12291,0.0010217,0.013593
7.0508,0.04046,0.0049622,0.50306,0.11992,0.00098354,0.013549
7.0606,0.070625,0.0052022,0.4997,0.11484,0.00092818,0.013507
7.0703,0.094995,0.0054022,0.49397,0.10767,0.00085925,0.013468
7.0801,0.11937,0.0055722,0.48572,0.098679,0.00078139,0.013433
7.0899,0.14022,0.0057022,0.47499,0.08839,0.00069961,0.013405
7.0996,0.17039,0.0057822,0.46192,0.077485,0.00062032,0.013383
7.1094,0.20055,0.0058122,0.44672,0.066708,0.00054889,0.013369
7.1192,0.24464,0.0057922,0.42952,0.056756,0.00049104,0.013364
7.1289,0.26549,0.0057022,0.41033,0.04819,0.00045032,0.01337
7.1387,0.28169,0.0055522,0.38889,0.041362,0.00042925,0.013387
7.1485,0.28987,0.0053422,0.36475,0.03638,0.00042889,0.013417
7.1582,0.29681,0.0050722,0.3373,0.033088,0.00044675,0.013458
7.168,0.29681,0.0047522,0.30587,0.031072,0.00047996,0.01351
7.1778,0.16923,0.0043822,0.26983,0.029668,0.00052246,0.013572
7.1875,0.12748,0.0039622,0.22874,0.027996,0.00056818,0.013642
7.1973,0.037095,0.0035122,0.18236,0.025035,0.00060961,0.013716
7.2071,-0.01743,0.0030422,0.13082,0.019777,0.00063996,0.01379
7.2168,-0.066113,0.0025622,0.074572,0.011432,0.00065282,0.01386
7.2266,0.0022911,0.0020622,0.014517,-0.00036301,0.00064425,0.01392
7.2363,0.061436,0.0015622,-0.047986,-0.015409,0.00061175,0.013967
7.2461,0.10547,0.0010622,-0.11115,-0.032907,0.00055568,0.013995
7.2559,0.18784,0.00056222,-0.17289,-0.051567,0.00047818,0.014001
7.2656,0.22148,6.0223e-05,-0.23107,-0.069848,0.00038389,0.013985
7.2754,0.22961,-0.00044258,-0.28377,-0.086254,0.00027764,0.013945
7.2852,0.13333,-0.00094778,-0.32947,-0.09961,0.00016443,0.013886
7.2949,0.099755,-0.0014558,-0.36737,-0.10926,4.9332e-05,0.01381
7.3047,0.047558,-0.0019678,-0.39741,-0.11517,-6.3643e-05,0.013723
7.3145,-0.0069667,-0.0024678,-0.4203,-0.11783,-0.00017132,0.01363
7.3242,-0.045197,-0.0029778,-0.43731,-0.11814,-0.00027154,0.01354
7.334,-0.035881,-0.0034678,-0.45003,-0.11714,-0.00036254,0.013456
7.3438,-0.016209,-0.0039478,-0.46006,-0.11582,-0.00044325,0.013385
7.3535,-0.0057524,-0.0044078,-0.46875,-0.11497,-0.00051254,0.01333
7.3633,0.0093137,-0.0048478,-0.47705,-0.11503,-0.00056861,0.013293
7.3731,0.018626,-0.0052678,-0.4854,-0.11609,-0.00061004,0.013274
7.3828,0.018632,-0.0056678,-0.4937,-0.11787,-0.00063504,0.013273
7.3926,-0.0010746,-0.0060378,-0.5014,-0.11981,-0.00064218,0.013285
7.4024,-0.018454,-0.0063778,-0.5076,-0.12116,-0.00063004,0.013308
7.4121,-0.037068,-0.0066878,-0.51126,-0.12116,-0.00059825,0.013337
7.4219,-0.054401,-0.0069778,-0.51141,-0.11911,-0.00054718,0.013369
7.4317,-0.072967,-0.0072278,-0.50735,-0.1146,-0.00047896,0.013403
7.4414,-0.10659,-0.0074378,-0.49881,-0.10748,-0.00039646,0.013436
7.4512,-0.13442,-0.0076178,-0.48597,-0.097997,-0.00030461,0.01347
7.461,-0.16225,-0.0077478,-0.4695,-0.086742,-0.00020871,0.013507
7.4707,-0.19355,-0.0078178,-0.45044,-0.07457,-0.000115,0.013548
7.4805,-0.22252,-0.0078478,-0.42997,-0.062474,-2.9643e-05,0.013598
7.4903,-0.24921,-0.0078078,-0.40914,-0.051432,4.1699e-05,0.013658
7.5,-0.29096,-0.0076978,-0.38861,-0.042265,9.4642e-05,0.01373
7.5098,-0.30487,-0.0075378,-0.36847,-0.035519,0.00012639,0.013813
7.5196,-0.32339,-0.0072978,-0.34814,-0.031379,0.00013636,0.013905
7.5293,-0.32923,-0.0070078,-0.32648,-0.02964,0.00012611,0.014003
7.5391,-0.25613,-0.0066478,-0.30198,-0.029708,9.9499e-05,0.014101
7.5488,-0.15756,-0.0062478,-0.27303,-0.030626,6.2321e-05,0.014195
7.5586,-0.091485,-0.0058078,-0.23819,-0.031151,2.1782e-05,0.014278
7.5684,-0.028829,-0.0053378,-0.19641,-0.029895,-1.4215e-05,0.014349
7.5781,0.026844,-0.0048378,-0.14729,-0.025563,-3.8072e-05,0.014404
7.5879,0.025658,-0.0043378,-0.091161,-0.017251,-4.3322e-05,0.014444
7.5977,-0.0091601,-0.0038278,-0.02919,-0.0046883,-2.5536e-05,0.014471
7.6074,-0.097267,-0.0033078,0.036701,0.011646,1.7239e-05,0.014488
7.6172,-0.13203,-0.0027978,0.10405,0.030585,8.4535e-05,0.014498
7.627,-0.19231,-0.0022878,0.17017,0.05051,0.00017361,0.014507
7.6367,-0.21207,-0.0017778,0.23255,0.069695,0.00028014,0.014515
7.6465,-0.18656,-0.0012688,0.28911,0.086637,0.00039925,0.014527
7.6563,-0.11117,-0.00075678,0.33847,0.10028,0.00052532,0.014543
7.666,-0.078681,-0.00024478,0.37994,0.11014,0.00065389,0.014563
7.6758,-0.032319,0.00026722,0.41355,0.11635,0.00078139,0.014584
7.6856,0.022213,0.00077222,0.43994,0.11953,0.00090425,0.014604
7.6953,0.024542,0.0012722,0.46011,0.12061,0.0010203,0.014621
7.7051,0.024497,0.0017622,0.4753,0.12066,0.0011275,0.01463
7.7149,-0.019534,0.0022422,0.48672,0.12059,0.0012242,0.014631
7.7246,-0.006803,0.0027022,0.49544,0.12105,0.0013075,0.014622
7.7344,-0.028792,0.0031422,0.50223,0.1223,0.0013757,0.014601
7.7442,-0.0381,0.0035622,0.50757,0.12419,0.001425,0.014571
7.7539,-0.033442,0.0039522,0.51166,0.12626,0.0014525,0.014533
7.7637,0.0025163,0.0043322,0.51446,0.12784,0.0014557,0.014488
7.7735,0.001379,0.0046922,0.51576,0.12819,0.0014325,0.014441
7.7832,0.026843,0.0050222,0.51526,0.12664,0.0013821,0.014393
7.793,0.061664,0.0053322,0.51261,0.1227,0.0013057,0.014347
7.8028,0.088314,0.0056222,0.50751,0.11613,0.0012053,0.014307
7.8125,0.11734,0.0058722,0.49977,0.10703,0.0010864,0.014273
7.8223,0.13706,0.0060922,0.48933,0.095778,0.00095461,0.014248
7.8321,0.17302,0.0062622,0.47631,0.083056,0.00081746,0.014234
7.8418,0.20086,0.0063922,0.46098,0.069722,0.00068318,0.014234
7.8516,0.25074,0.0064622,0.4437,0.056715,0.00055925,0.014248
7.8613,0.28898,0.0064622,0.42473,0.044928,0.00045318,0.014279
7.8711,0.32261,0.0064022,0.40417,0.0351,0.00037061,0.014328
7.8809,0.32381,0.0062722,0.38181,0.027725,0.00031496,0.014394
7.8906,0.3412,0.0060622,0.35718,0.022993,0.00028736,0.014479
7.9004,0.34819,0.0057922,0.32958,0.02075,0.00028621,0.014579
7.9102,0.33888,0.0054522,0.29825,0.020494,0.00030729,0.014694
7.9199,0.19971,0.0050522,0.26246,0.021389,0.00034404,0.014819
7.9297,0.10928,0.0046122,0.22164,0.02231,0.00038818,0.01495
7.9395,0.048962,0.0041222,0.17547,0.021945,0.00043104,0.015081
7.9492,-0.039142,0.0036122,0.12397,0.018997,0.00046354,0.015207
7.959,-0.042602,0.0030922,0.067519,0.012441,0.00047746,0.015321
7.9688,-0.0066352,0.0025522,0.0070075,0.0017602,0.00046782,0.015415
7.9785,0.037404,0.0020122,-0.056152,-0.012903,0.00043139,0.015485
7.9883,0.093083,0.0014622,-0.12007,-0.030711,0.00036796,0.015526
7.9981,0.18933,0.00092222,-0.18253,-0.050254,0.00028029,0.015534
8.0078,0.22762,0.00038322,-0.24127,-0.069816,0.00017311,0.015509
8.0176,0.22768,-0.00015878,-0.29427,-0.087698,5.2407e-05,0.015454
8.0274,0.18128,-0.00070378,-0.34002,-0.10252,-7.5251e-05,0.015373
8.0371,0.10125,-0.0012498,-0.37776,-0.11346,-0.00020368,0.015272
8.0469,0.06996,-0.0017978,-0.40746,-0.12031,-0.00032754,0.015159
8.0567,-0.025124,-0.0023478,-0.42988,-0.12348,-0.00044254,0.015042
8.0664,-0.047154,-0.0028878,-0.44631,-0.12379,-0.00054611,0.01493
8.0762,-0.067995,-0.0034178,-0.45838,-0.12233,-0.00063539,0.014829
8.086,-0.028607,-0.0039378,-0.46774,-0.12017,-0.00071004,0.014744
8.0957,-0.0099766,-0.0044378,-0.47583,-0.11822,-0.00076825,0.014679
8.1055,0.014356,-0.0049178,-0.48367,-0.11711,-0.00080896,0.014635
8.1153,0.024817,-0.0053778,-0.49178,-0.11706,-0.00083182,0.014611
8.125,0.019034,-0.0058078,-0.50012,-0.11793,-0.00083504,0.014603
8.1348,0.0050795,-0.0062078,-0.50813,-0.11923,-0.00081754,0.014609
8.1446,-0.033145,-0.0065678,-0.51483,-0.12025,-0.00077861,0.014624
8.1543,-0.044723,-0.0069078,-0.51901,-0.12014,-0.00071789,0.014643
8.1641,-0.063284,-0.0072078,-0.51947,-0.1181,-0.00063611,0.014665
8.1738,-0.086452,-0.0074778,-0.51525,-0.11349,-0.00053504,0.014688
8.1836,-0.10843,-0.0076978,-0.50587,-0.10599,-0.00041789,0.014712
8.1934,-0.14324,-0.0078878,-0.49139,-0.095648,-0.00028968,0.01474
8.2031,-0.19082,-0.0080278,-0.47247,-0.082961,-0.00015614,0.014775
8.2129,-0.22553,-0.0081078,-0.45025,-0.068804,-2.4215e-05,0.014821
8.2227,-0.26846,-0.0081378,-0.42613,-0.054323,9.8857e-05,0.014882
8.2324,-0.31134,-0.0081078,-0.40146,-0.040764,0.00020621,0.01496
8.2422,-0.35655,-0.0079978,-0.37716,-0.029274,0.00029207,0.015055
8.252,-0.37164,-0.0078278,-0.35349,-0.020716,0.00035243,0.015165
8.2617,-0.38089,-0.0075778,-0.32991,-0.01553,0.00038568,0.015285
8.2715,-0.37973,-0.0072678,-0.3052,-0.013652,0.00039282,0.015407
8.2813,-0.24753,-0.0068978,-0.27774,-0.014484,0.00037807,0.015527
8.291,-0.16748,-0.0064678,-0.24576,-0.016915,0.00034775,0.015635
8.3008,-0.068856,-0.0059878,-0.20779,-0.019414,0.0003105,0.015727
8.3106,-0.031746,-0.0054778,-0.16286,-0.020228,0.00027593,0.015801
8.3203,0.04593,-0.0049478,-0.11078,-0.017703,0.00025357,0.015855
8.3301,0.02623,-0.0044078,-0.052155,-0.010657,0.0002515,0.015893
8.3399,-0.037549,-0.0038578,0.011609,0.0013187,0.00027564,0.015919
8.3496,-0.057249,-0.0033178,0.078388,0.017731,0.00032871,0.015939
8.3594,-0.15813,-0.0027778,0.14563,0.037262,0.00041068,0.015958
8.3692,-0.18595,-0.0022378,0.21068,0.058063,0.00051782,0.015981
8.3789,-0.25433,-0.0017078,0.27117,0.07815,0.00064604,0.016011
8.3887,-0.18473,-0.0011768,0.32523,0.095792,0.00078854,0.016049
8.3985,-0.13717,-0.00064678,0.37168,0.10978,0.00093961,0.016095
8.4082,-0.074551,-0.00011578,0.41006,0.11956,0.0010932,0.016145
8.418,-0.018866,0.00041522,0.44061,0.12532,0.0012442,0.016195
8.4278,0.040286,0.00094222,0.46416,0.1278,0.0013889,0.016241
8.4375,0.044908,0.0014622,0.48183,0.1281,0.0015242,0.016277
8.4473,0.024072,0.0019722,0.49487,0.12738,0.0016475,0.0163
8.4571,-0.0083568,0.0024722,0.50444,0.12662,0.001756,0.016307
8.4668,-0.038502,0.0029622,0.51142,0.12643,0.0018467,0.016297
8.4766,-0.037299,0.0034222,0.51643,0.127,0.0019164,0.01627
8.4863,-0.058182,0.0038722,0.51984,0.12811,0.0019617,0.01623
8.4961,-0.031517,0.0042922,0.52179,0.12923,0.0019785,0.016178
8.5059,0.018375,0.0047022,0.52229,0.12967,0.0019646,0.01612
8.5156,0.025374,0.0050822,0.5212,0.12874,0.0019178,0.01606
8.5254,0.049712,0.0054522,0.51839,0.12585,0.0018375,0.016001
8.5352,0.075239,0.0057922,0.51373,0.1206,0.0017257,0.015947
8.5449,0.10314,0.0061022,0.50707,0.11287,0.0015857,0.015901
8.5547,0.12515,0.0063822,0.49824,0.10279,0.0014228,0.015865
8.5645,0.15187,0.0066222,0.4871,0.090729,0.0012446,0.015842
8.5742,0.18433,0.0068122,0.47358,0.077295,0.0010596,0.015833
8.584,0.22729,0.0069422,0.45774,0.06325,0.00087711,0.015841
8.5938,0.28179,0.0070222,0.43966,0.049447,0.00070604,0.015866
8.6035,0.33516,0.0070222,0.41945,0.036736,0.00055496,0.015912
8.6133,0.37346,0.0069522,0.39705,0.025868,0.00042996,0.015979
8.6231,0.38854,0.0068022,0.3722,0.017404,0.0003365,0.016068
8.6328,0.39208,0.0065722,0.3444,0.01164,0.00027586,0.016179
8.6426,0.40835,0.0062722,0.31303,0.0085435,0.00024707,0.01631
8.6524,0.37588,0.0058922,0.27739,0.0077142,0.00024604,0.016458
8.6621,0.19498,0.0054622,0.23692,0.0083695,0.00026604,0.016619
8.6719,0.12656,0.0049722,0.19124,0.0093667,0.00029825,0.016787
8.6817,0.014102,0.0044422,0.14026,0.0093093,0.00033264,0.016955
8.6914,-0.015988,0.0038822,0.084219,0.0067653,0.00035914,0.017114
8.7012,-0.025225,0.0033022,0.023771,0.00057074,0.00036886,0.017256
8.711,0.040874,0.0027122,-0.039914,-0.0098899,0.00035496,0.017372
8.7207,0.05135,0.0021322,-0.10514,-0.024501,0.00031361,0.017457
8.7305,0.12092,0.0015422,-0.16977,-0.042376,0.00024414,0.017504
8.7403,0.1882,0.00096222,-0.23142,-0.06199,0.00014896,0.017511
8.75,0.25202,0.00038022,-0.28779,-0.081481,3.286e-05,0.017479
8.7598,0.23471,-0.00019878,-0.337,-0.099012,-9.7715e-05,0.017411
8.7696,0.17328,-0.00077778,-0.37788,-0.11311,-0.00023579,0.017314
8.7793,0.12804,-0.0013588,-0.41011,-0.12292,-0.00037468,0.017196
8.7891,0.041091,-0.0019378,-0.43422,-0.1283,-0.00050825,0.017067
8.7988,-0.025001,-0.0025178,-0.45144,-0.12976,-0.00063218,0.016936
8.8086,-0.081783,-0.0030978,-0.46346,-0.12832,-0.00074325,0.016813
8.8184,-0.084083,-0.0036678,-0.4722,-0.12522,-0.00083896,0.016704
8.8281,-0.074745,-0.0042178,-0.47945,-0.12177,-0.00091789,0.016614
8.8379,-0.013252,-0.0047578,-0.48663,-0.11901,-0.00097861,0.016545
8.8477,0.015751,-0.0052678,-0.49458,-0.11763,-0.0010193,0.016497
8.8574,0.048269,-0.0057578,-0.50346,-0.11781,-0.001039,0.016468
8.8672,0.047157,-0.0062078,-0.51275,-0.11922,-0.0010354,0.016456
8.877,0.026285,-0.0066378,-0.52136,-0.12115,-0.0010065,0.016455
8.8867,-0.018907,-0.0070378,-0.52789,-0.12259,-0.00095075,0.016463
8.8965,-0.059492,-0.0074078,-0.53089,-0.12246,-0.00086718,0.016477
8.9063,-0.090768,-0.0077378,-0.52911,-0.11978,-0.00075611,0.016494
8.916,-0.12204,-0.0080378,-0.52174,-0.11388,-0.00061932,0.016515
8.9258,-0.15569,-0.0082978,-0.50853,-0.10451,-0.00046111,0.016542
8.9356,-0.18811,-0.0085078,-0.48991,-0.091888,-0.00028711,0.016578
8.9453,-0.22518,-0.0086778,-0.46689,-0.076736,-0.00010457,0.016626
8.9551,-0.2623,-0.0087878,-0.44089,-0.060161,7.7857e-05,0.016689
8.9649,-0.30284,-0.0088278,-0.41345,-0.043514,0.00025111,0.01677
8.9746,-0.35616,-0.0087978,-0.38593,-0.028204,0.00040639,0.01687
8.9844,-0.40482,-0.0086978,-0.35917,-0.015499,0.00053675,0.016985
8.9942,-0.42104,-0.0085178,-0.33327,-0.0063391,0.00063604,0.017111
9.0039,-0.43142,-0.0082678,-0.30755,-0.0012041,0.00070246,0.01724
9.0137,-0.42446,-0.0079278,-0.28072,-1.1274e-05,0.00073639,0.017365
9.0235,-0.22038,-0.0075278,-0.25108,-0.0020759,0.00074211,0.017477
9.0332,-0.13453,-0.0070578,-0.21695,-0.0061137,0.00072639,0.017569
9.043,-0.054467,-0.0065478,-0.17693,-0.010326,0.00069889,0.017638
9.0528,-0.0034305,-0.0059978,-0.13015,-0.012638,0.00067068,0.017682
9.0625,0.01165,-0.0054178,-0.07646,-0.01111,0.00065211,0.017703
9.0723,0.0081996,-0.0048378,-0.016531,-0.0043963,0.00065211,0.017706
9.0821,-0.057855,-0.0042478,0.04816,0.0079149,0.00067746,0.0177
9.0918,-0.097309,-0.0036578,0.11542,0.025183,0.00073032,0.01769
9.1016,-0.15643,-0.0030678,0.18262,0.045846,0.00081032,0.017684
9.1113,-0.22248,-0.0024878,0.24708,0.067782,0.00091425,0.017687
9.1211,-0.23638,-0.0019078,0.30642,0.088764,0.001036,0.017702
9.1309,-0.20621,-0.0013268,0.35881,0.10688,0.0011689,0.017729
9.1406,-0.10995,-0.00074178,0.40309,0.12082,0.0013064,0.017766
9.1504,-0.078637,-0.00015478,0.43886,0.13006,0.0014425,0.017809
9.1602,0.0060711,0.00043422,0.46645,0.13484,0.0015728,0.017852
9.1699,0.033919,0.0010222,0.4868,0.13607,0.0016935,0.017889
9.1797,0.057112,0.0016022,0.50126,0.13501,0.0018021,0.017915
9.1895,0.023495,0.0021722,0.51127,0.13298,0.0018967,0.017926
9.1992,-0.019433,0.0027322,0.51816,0.13105,0.0019746,0.017919
9.209,-0.050725,0.0032722,0.52298,0.12988,0.0020339,0.017893
9.2188,-0.058836,0.0037922,0.52639,0.12962,0.0020717,0.01785
9.2285,-0.059966,0.0042822,0.52875,0.13001,0.0020842,0.017794
9.2383,-0.034449,0.0047622,0.53005,0.13044,0.0020685,0.017729
9.2481,0.02237,0.0052122,0.53008,0.13018,0.0020221,0.017659
9.2578,0.040951,0.0056322,0.52851,0.12848,0.0019428,0.01759
9.2676,0.056016,0.0060322,0.52502,0.12475,0.0018307,0.017525
9.2774,0.096636,0.0064022,0.51935,0.11863,0.0016871,0.017468
9.2871,0.12096,0.0067322,0.51129,0.11,0.001516,0.017423
9.2969,0.14301,0.0070322,0.5007,0.099002,0.0013228,0.01739
9.3067,0.1813,0.0072822,0.48754,0.086032,0.0011153,0.017373
9.3164,0.21607,0.0074722,0.47179,0.071667,0.00090211,0.017372
9.3262,0.27056,0.0076122,0.45353,0.056636,0.00069211,0.01739
9.336,0.3193,0.0076822,0.43284,0.041755,0.00049568,0.017429
9.3457,0.37958,0.0076722,0.40974,0.027854,0.00032111,0.01749
9.3555,0.42252,0.0075922,0.38415,0.0157,0.00017586,0.017575
9.3653,0.43297,0.0074222,0.3558,0.0059106,6.5214e-05,0.017685
9.375,0.44342,0.0071722,0.32427,-0.0011191,-8.3471e-06,0.017819
9.3848,0.44337,0.0068322,0.28909,-0.0052947,-4.5286e-05,0.017976
9.3946,0.4144,0.0064322,0.24978,-0.0068867,-4.9251e-05,0.018152
9.4043,0.18478,0.0059522,0.20597,-0.0065774,-2.6965e-05,0.018341
9.4141,0.11291,0.0054222,0.15746,-0.0054608,1.2557e-05,0.018536
9.4238,0.020094,0.0048422,0.10429,-0.0049407,5.8632e-05,0.018728
9.4336,0.021277,0.0042322,0.046796,-0.0065024,0.00010021,0.018907
9.4434,0.0015599,0.0036122,-0.01428,-0.011397,0.00012714,0.019063
9.4531,0.073469,0.0029722,-0.077713,-0.020336,0.00013118,0.019187
9.4629,0.10818,0.0023322,-0.14176,-0.033301,0.00010696,0.019271
9.4727,0.10476,0.0017022,-0.20429,-0.049505,5.2478e-05,0.01931
9.4824,0.20564,0.0010722,-0.2631,-0.067549,-3.1108e-05,0.019301
9.4922,0.22648,0.00044922,-0.31618,-0.085692,-0.00013975,0.019248
9.502,0.21721,-0.00016878,-0.362,-0.1022,-0.00026754,0.019155
9.5117,0.16732,-0.00078378,-0.39974,-0.11567,-0.00040754,0.019033
9.5215,0.09772,-0.0013978,-0.42936,-0.12527,-0.00055182,0.018891
9.5313,0.029306,-0.0020078,-0.45155,-0.13084,-0.00069468,0.018741
9.541,-0.035642,-0.0026178,-0.46757,-0.13283,-0.00082896,0.018593
9.5508,-0.05423,-0.0032278,-0.47905,-0.13217,-0.00095075,0.018458
9.5606,-0.085551,-0.0038178,-0.48767,-0.12999,-0.001055,0.018341
9.5703,-0.042677,-0.0043978,-0.49493,-0.12742,-0.001139,0.018246
9.5801,0.005989,-0.0049578,-0.50193,-0.12537,-0.0011986,0.018175
9.5899,0.046581,-0.0054978,-0.50926,-0.12436,-0.0012318,0.018126
9.5996,0.058149,-0.0060178,-0.51695,-0.12446,-0.001235,0.018096
9.6094,0.051142,-0.0065078,-0.52449,-0.12531,-0.0012058,0.018082
9.6192,0.019814,-0.0069678,-0.53088,-0.12617,-0.0011422,0.018079
9.6289,-0.032416,-0.0073978,-0.53488,-0.12608,-0.0010429,0.018084
9.6387,-0.076476,-0.0077878,-0.53522,-0.12406,-0.00090789,0.018095
9.6485,-0.092751,-0.0081578,-0.53083,-0.11928,-0.00073932,0.018112
9.6582,-0.1438,-0.0084778,-0.52105,-0.11118,-0.00054146,0.018135
9.668,-0.1844,-0.0087578,-0.50571,-0.099639,-0.00032046,0.018168
9.6778,-0.22271,-0.0089878,-0.4852,-0.084954,-8.4501e-05,0.018215
9.6875,-0.26218,-0.0091578,-0.46041,-0.067894,0.00015643,0.018279
9.6973,-0.3005,-0.0092678,-0.43262,-0.049594,0.00039175,0.018364
9.7071,-0.35036,-0.0093078,-0.40319,-0.031422,0.00060996,0.018472
9.7168,-0.41424,-0.0092678,-0.37326,-0.014811,0.00080139,0.018601
9.7266,-0.44906,-0.0091378,-0.34352,-0.001067,0.00095746,0.018748
9.7363,-0.47347,-0.0089278,-0.31407,0.0087917,0.0010728,0.018906
9.7461,-0.47004,-0.0086378,-0.28435,0.014188,0.0011453,0.019067
9.7559,-0.46197,-0.0082678,-0.25335,0.015105,0.0011764,0.019221
9.7656,-0.18367,-0.0078178,-0.21981,0.012179,0.0011725,0.019361
9.7754,-0.1327,-0.0073078,-0.18243,0.006746,0.0011428,0.019478
9.7852,-0.027205,-0.0067478,-0.14012,0.00077016,0.0010992,0.019569
9.7949,-0.013387,-0.0061478,-0.092192,-0.0034258,0.0010553,0.019634
9.8047,-0.00061972,-0.0055378,-0.03854,-0.0036395,0.0010246,0.019677
9.8145,-0.030881,-0.0049178,0.020274,0.0016883,0.0010182,0.019704
9.8242,-0.10979,-0.0043078,0.082931,0.013095,0.0010428,0.019722
9.834,-0.12604,-0.0036978,0.14746,0.02997,0.0011032,0.019739
9.8438,-0.147,-0.0030978,0.2115,0.050702,0.0011967,0.019762
9.8535,-0.21085,-0.0024978,0.27263,0.073053,0.0013225,0.019796
9.8633,-0.24222,-0.0019078,0.3287,0.094649,0.0014703,0.019843
9.8731,-0.17735,-0.0013208,0.37808,0.11342,0.0016332,0.0199
9.8828,-0.14492,-0.00072578,0.41973,0.12791,0.0018039,0.019965
9.8926,-0.071931,-0.00012378,0.45334,0.1375,0.0019696,0.020031
9.9024,-0.026777,0.00048222,0.4793,0.14237,0.0021289,0.02009
9.9121,0.045023,0.0010922,0.49856,0.14345,0.002275,0.020136
9.9219,0.029898,0.0017022,0.51236,0.14202,0.0024039,0.020163
9.9317,0.041419,0.0023122,0.52201,0.13941,0.0025128,0.020166
9.9414,-0.024724,0.0029022,0.52863,0.13673,0.0025985,0.020144
9.9512,-0.049161,0.0034822,0.53308,0.13464,0.0026582,0.020098
9.961,-0.065477,0.0040422,0.53597,0.13333,0.0026882,0.020031
9.9707,-0.071297,0.0045822,0.53763,0.13258,0.002686,0.019949
9.9805,-0.02501,0.0051022,0.53814,0.13187,0.0026478,0.019859
9.9903,0.01667,0.0056022,0.53735,0.13053,0.0025717,0.019765
10,0.040916,0.0060722,0.53502,0.12792,0.002456,0.019676
10.01,0.065209,0.0065122,0.53089,0.12349,0.002301,0.019595
10.02,0.10342,0.0069222,0.52466,0.11689,0.0021092,0.019526
10.029,0.13118,0.0073022,0.51601,0.10799,0.0018842,0.019473
10.039,0.1578,0.0076322,0.50465,0.09683,0.0016328,0.019436
10.049,0.19715,0.0079222,0.4904,0.083686,0.0013628,0.019419
10.059,0.24576,0.0081422,0.47315,0.069015,0.0010839,0.019421
10.068,0.29204,0.0083122,0.45293,0.053437,0.00080604,0.019444
10.078,0.35115,0.0084022,0.42978,0.037681,0.00053996,0.01949
10.088,0.41482,0.0084022,0.40369,0.022528,0.00029571,0.019561
10.098,0.46581,0.0083322,0.37454,0.0087482,8.2071e-05,0.019659
10.107,0.49471,0.0081622,0.34208,-0.0029739,-9.4322e-05,0.019785
10.117,0.48879,0.0079122,0.30603,-0.012116,-0.00022957,0.019938
10.127,0.47831,0.0075622,0.26607,-0.01841,-0.00032293,0.020116
10.137,0.41325,0.0071422,0.22196,-0.021933,-0.00037718,0.020316
10.146,0.21724,0.0066422,0.17358,-0.02317,-0.00039789,0.020531
10.156,0.083831,0.0060822,0.12101,-0.02303,-0.00039396,0.020752
10.166,0.05706,0.0054722,0.06458,-0.022782,-0.00037646,0.02097
10.176,0.0047846,0.0048222,0.0048813,-0.023857,-0.00035718,0.021171
10.186,0.045274,0.0041622,-0.057155,-0.02755,-0.00034646,0.021345
10.195,0.1612,0.0034822,-0.1202,-0.034704,-0.00035432,0.02148
10.205,0.11476,0.0028022,-0.1825,-0.045491,-0.00038789,0.021567
10.215,0.17264,0.0021322,-0.24202,-0.059342,-0.00044968,0.021601
10.225,0.18762,0.0014622,-0.29671,-0.075074,-0.00054039,0.02158
10.234,0.21192,0.00080222,-0.34484,-0.091146,-0.00065646,0.021508
10.244,0.15038,0.00015622,-0.38528,-0.10599,-0.00079289,0.021392
10.254,0.16076,-0.00048798,-0.41769,-0.1183,-0.00094254,0.021245
10.264,0.093432,-0.0011288,-0.44249,-0.12726,-0.0010975,0.021078
10.273,0.019168,-0.0017678,-0.46077,-0.13266,-0.0012504,0.020907
10.283,-0.0041245,-0.0023978,-0.47403,-0.13482,-0.001394,0.020743
10.293,-0.051743,-0.0030278,-0.48392,-0.13449,-0.0015222,0.020597
10.303,-0.0843,-0.0036478,-0.49196,-0.13263,-0.0016293,0.020477
10.312,-0.056484,-0.0042578,-0.49924,-0.13022,-0.0017108,0.020386
10.322,-0.0020662,-0.0048478,-0.5065,-0.12806,-0.0017629,0.020323
10.332,0.023377,-0.0054278,-0.51402,-0.12665,-0.0017811,0.020287
10.342,0.034903,-0.0059778,-0.52167,-0.12613,-0.0017629,0.020273
10.352,0.038356,-0.0064978,-0.52884,-0.12618,-0.0017047,0.020276
10.361,0.017395,-0.0069978,-0.53453,-0.12615,-0.0016047,0.020291
10.371,-0.03482,-0.0074578,-0.53752,-0.12513,-0.0014615,0.020314
10.381,-0.065041,-0.0078878,-0.53653,-0.12216,-0.0012765,0.020342
10.391,-0.094074,-0.0082878,-0.5305,-0.11638,-0.0010515,0.020376
10.4,-0.15446,-0.0086478,-0.51881,-0.10722,-0.00079182,0.020416
10.41,-0.20325,-0.0089578,-0.50136,-0.094536,-0.00050468,0.020466
10.42,-0.2659,-0.0092178,-0.47859,-0.078621,-0.0001995,0.02053
10.43,-0.32044,-0.0094178,-0.45144,-0.060244,0.00011214,0.020611
10.439,-0.34837,-0.0095478,-0.42119,-0.040552,0.00041782,0.020714
10.449,-0.41336,-0.0096078,-0.38909,-0.020935,0.00070496,0.020838
10.459,-0.46556,-0.0095778,-0.35617,-0.0028571,0.00096175,0.020982
10.469,-0.50389,-0.0094578,-0.32306,0.012301,0.0011785,0.021142
10.478,-0.51553,-0.0092478,-0.28989,0.023413,0.0013478,0.021309
10.488,-0.52597,-0.0089478,-0.2563,0.029772,0.0014664,0.021476
10.498,-0.48892,-0.0085578,-0.22154,0.031243,0.0015364,0.021632
10.508,-0.1956,-0.0080778,-0.18471,0.02837,0.0015628,0.021769
10.518,-0.12719,-0.0075378,-0.14485,0.02246,0.001556,0.021881
10.527,-0.05184,-0.0069478,-0.10113,0.015521,0.0015289,0.021965
10.537,-0.053061,-0.0063078,-0.052999,0.0099878,0.0014964,0.022022
10.547,-0.037989,-0.0056478,-0.00029106,0.0082023,0.0014725,0.022057
10.557,-0.085567,-0.0049878,0.056583,0.01187,0.0014703,0.022077
10.566,-0.18069,-0.0043278,0.1166,0.021683,0.0014985,0.022091
10.576,-0.14709,-0.0036678,0.17818,0.037184,0.0015621,0.022108
10.586,-0.1738,-0.0030278,0.23939,0.056896,0.0016607,0.022136
10.596,-0.18537,-0.0023878,0.29815,0.078665,0.001791,0.022177
10.605,-0.1947,-0.0017578,0.35251,0.10013,0.0019457,0.022234
10.615,-0.17386,-0.0011318,0.40083,0.11914,0.0021164,0.022305
10.625,-0.124,-0.00050338,0.44195,0.13413,0.0022935,0.022384
10.635,-0.099642,0.00012922,0.47531,0.14428,0.0024689,0.022462
10.645,-0.023128,0.00076222,0.50093,0.14963,0.0026342,0.022533
10.654,-0.010355,0.0014022,0.5194,0.15091,0.0027842,0.022586
10.664,0.023271,0.0020322,0.5317,0.14928,0.0029139,0.022616
10.674,0.0047017,0.0026622,0.53902,0.14603,0.0030185,0.022618
10.684,-0.01734,0.0032822,0.54263,0.14227,0.0030957,0.022591
10.693,-0.042841,0.0038922,0.54367,0.13876,0.0031414,0.022537
10.703,-0.042832,0.0044822,0.54303,0.13583,0.0031528,0.02246
10.713,-0.055598,0.0050522,0.54129,0.13338,0.0031264,0.022366
10.723,-0.026561,0.0055922,0.53868,0.13104,0.0030603,0.022263
10.732,0.00015339,0.0061122,0.53521,0.12827,0.0029517,0.022157
10.742,0.022166,0.0066122,0.53075,0.12453,0.0028003,0.022056
10.752,0.053493,0.0070722,0.52501,0.11934,0.0026071,0.021965
10.762,0.095273,0.0075022,0.51763,0.11234,0.0023746,0.021887
10.771,0.14171,0.0078922,0.50821,0.10333,0.0021071,0.021825
10.781,0.16725,0.0082322,0.49636,0.092274,0.001811,0.021782
10.791,0.22648,0.0085222,0.48176,0.079313,0.0014967,0.021758
10.801,0.27867,0.0087522,0.46416,0.064765,0.0011682,0.021753
10.811,0.3274,0.0089022,0.4434,0.049104,0.00084354,0.021771
10.82,0.39937,0.0089922,0.41929,0.032932,0.00052818,0.021811
10.83,0.45157,0.0089922,0.39164,0.016941,0.00023411,0.021876
10.84,0.50848,0.0089022,0.36023,0.0018771,-2.9679e-05,0.021967
10.85,0.51662,0.0087322,0.32484,-0.011524,-0.00025575,0.022086
10.859,0.52832,0.0084622,0.28533,-0.022632,-0.00043932,0.022233
10.869,0.5005,0.0081122,0.24161,-0.031021,-0.00057861,0.022407
10.879,0.46931,0.0076722,0.19376,-0.036566,-0.00067539,0.022604
10.889,0.19569,0.0071622,0.14202,-0.039534,-0.00073396,0.022817
10.898,0.12271,0.0065822,0.086784,-0.040626,-0.00076325,0.02304
10.908,0.068254,0.0059622,0.028647,-0.040931,-0.00077254,0.023261
10.918,0.041687,0.0052922,-0.031615,-0.041762,-0.00077325,0.023468
10.928,0.081149,0.0046022,-0.093015,-0.044383,-0.00077611,0.023648
10.937,0.19376,0.0038922,-0.15429,-0.049702,-0.00079182,0.02379
10.947,0.21471,0.0031822,-0.21388,-0.058034,-0.00082682,0.023885
10.957,0.17542,0.0024722,-0.27,-0.069022,-0.00088539,0.023927
10.967,0.21376,0.0017722,-0.32086,-0.08174,-0.00096861,0.023914
10.977,0.14545,0.0010822,-0.36503,-0.094943,-0.0010743,0.023851
10.986,0.14902,0.00039422,-0.40168,-0.10736,-0.0011975,0.023746
10.996,0.11317,-0.00028678,-0.43077,-0.11792,-0.0013318,0.02361
11.006,0.092426,-0.00096378,-0.45297,-0.12596,-0.0014697,0.023458
11.016,0.046128,-0.0016378,-0.46951,-0.13128,-0.0016029,0.023304
11.025,0.01033,-0.0023078,-0.48191,-0.13409,-0.001724,0.023161
11.035,-0.048693,-0.0029678,-0.4917,-0.13494,-0.0018261,0.023039
11.045,-0.062494,-0.0036178,-0.50016,-0.13449,-0.0019033,0.022944
11.055,-0.04157,-0.0042678,-0.50816,-0.13341,-0.0019504,0.022879
11.064,-0.017081,-0.0048978,-0.51608,-0.1322,-0.0019633,0.022843
11.074,0.00047329,-0.0055078,-0.52379,-0.13111,-0.0019393,0.022832
11.084,0.0005982,-0.0060878,-0.53074,-0.13008,-0.0018768,0.022841
11.094,0.026234,-0.0066578,-0.53612,-0.12879,-0.001775,0.022864
11.103,-0.00028583,-0.0071878,-0.53898,-0.12669,-0.001635,0.022895
11.113,-0.026851,-0.0076878,-0.53833,-0.12312,-0.0014597,0.022928
11.123,-0.051087,-0.0081478,-0.53328,-0.11741,-0.0012536,0.022962
11.133,-0.088099,-0.0085678,-0.52328,-0.10907,-0.0010233,0.022995
11.143,-0.15523,-0.0089478,-0.50823,-0.097955,-0.00077754,0.023028
11.152,-0.21185,-0.0092778,-0.48865,-0.084327,-0.00052646,0.023063
11.162,-0.26625,-0.0095378,-0.46558,-0.068921,-0.00028164,0.023104
11.172,-0.31019,-0.0097378,-0.44049,-0.05287,-5.5322e-05,0.023154
11.182,-0.35295,-0.0098678,-0.41507,-0.037585,0.00014082,0.023214
11.191,-0.3853,-0.0099278,-0.39089,-0.024576,0.00029639,0.023285
11.201,-0.41874,-0.0098978,-0.36916,-0.015255,0.00040389,0.023366
11.211,-0.42331,-0.0097878,-0.35056,-0.010728,0.00045746,0.023453
11.221,-0.41386,-0.0095878,-0.33507,-0.011593,0.00045675,0.023541
11.23,-0.25602,-0.0093178,-0.32193,-0.017762,0.00040639,0.023625
11.24,-0.15033,-0.0089778,-0.30968,-0.028353,0.00031396,0.023698
11.25,-0.064362,-0.0085878,-0.29645,-0.041699,0.00019093,0.023756
11.26,0.0076459,-0.0081578,-0.28018,-0.055536,5.161e-05,0.023797
11.27,0.039086,-0.0077078,-0.25904,-0.067394,-8.8643e-05,0.023821
11.279,0.086772,-0.0072478,-0.23176,-0.0751,-0.00021518,0.023831
11.289,0.098499,-0.0067878,-0.19788,-0.077182,-0.00031557,0.023831
11.299,0.13113,-0.0063378,-0.15787,-0.073092,-0.00038075,0.023827
11.309,0.122,-0.0059178,-0.113,-0.063231,-0.00040611,0.023826
11.318,0.068793,-0.0055178,-0.065219,-0.048792,-0.00039111,0.023833
11.328,0.051543,-0.0051378,-0.016718,-0.031435,-0.00033896,0.023853
11.338,-0.0017131,-0.0047778,0.030427,-0.012916,-0.00025543,0.02389
11.348,-0.056065,-0.0044478,0.074586,0.0052353,-0.00014936,0.023945
11.357,-0.093031,-0.0041178,0.11475,0.02193,-2.9858e-05,0.024017
11.367,-0.081311,-0.0037978,0.15057,0.036579,9.3714e-05,0.024102
11.377,-0.051021,-0.0034878,0.18228,0.049038,0.00021254,0.024197
11.387,-0.024246,-0.0031678,0.21052,0.059476,0.00031886,0.024295
11.396,0.0037143,-0.0028578,0.23606,0.068188,0.00040639,0.024389
11.406,0.0015139,-0.0025478,0.25967,0.075453,0.00047068,0.024472
11.416,-0.0064943,-0.0022278,0.28186,0.081434,0.00050889,0.024538
11.426,-0.012165,-0.0019178,0.30283,0.086138,0.00051996,0.024583
11.436,-0.022497,-0.0015978,0.32243,0.089449,0.00050496,0.024605
11.445,-0.028129,-0.0012918,0.34028,0.091233,0.00046604,0.024604
11.455,-0.025687,-0.00098778,0.35599,0.091468,0.00040818,0.024584
11.465,-0.017453,-0.00069278,0.36935,0.090331,0.00033661,0.024551
11.475,-0.002284,-0.00041278,0.38032,0.088204,0.00025814,0.02451
11.484,0.022143,-0.00015078,0.38911,0.085629,0.00017961,0.02447
11.494,0.029183,8.8224e-05,0.39605,0.083204,0.00010771,0.024437
11.504,0.036268,0.00030122,0.40152,0.081483,4.8128e-05,0.024416
11.514,0.028247,0.00048222,0.40588,0.080886,5.2708e-06,0.024412
11.523,0.029532,0.00064222,0.40943,0.081656,-1.8251e-05,0.024426
11.533,0.029628,0.00076222,0.41243,0.083846,-2.1751e-05,0.024457
11.543,0.034377,0.00086222,0.41508,0.087331,-6.4078e-06,0.024503
11.553,0.04601,0.00093222,0.41746,0.091827,2.4853e-05,0.024559
11.562,0.044959,0.00097222,0.41948,0.096907,6.7785e-05,0.024621
11.572,0.020724,0.00099222,0.42089,0.10203,0.00011732,0.024682
11.582,0.0022385,0.0010022,0.42129,0.10661,0.00016804,0.024737
11.592,-0.02552,0.00099222,0.42022,0.11003,0.00021464,0.024781
11.602,-0.040547,0.00098222,0.41726,0.11177,0.00025279,0.02481
11.611,-0.053202,0.00095222,0.41205,0.11147,0.00027914,0.024824
11.621,-0.046147,0.00092222,0.4044,0.10899,0.000292,0.024822
11.631,-0.028692,0.00089222,0.39422,0.10444,0.00029121,0.024808
11.641,-0.014755,0.00084222,0.3815,0.098148,0.00027818,0.024784
11.65,0.0096747,0.00078222,0.36623,0.090597,0.00025557,0.024756
11.66,0.024795,0.00071222,0.34843,0.082273,0.00022686,0.024728
11.67,0.036491,0.00063222,0.32811,0.073614,0.00019589,0.024705
11.68,0.041154,0.00053222,0.30535,0.06498,0.00016657,0.02469
11.689,0.036599,0.00041022,0.28027,0.056648,0.00014218,0.024686
11.699,0.040118,0.00026822,0.25302,0.048836,0.00012539,0.024694
11.709,0.027387,0.00010622,0.2238,0.041708,0.00011775,0.024714
11.719,0.041397,-7.5776e-05,0.19288,0.03537,0.00011971,0.024744
11.728,0.040252,-0.00027578,0.16059,0.029834,0.00013054,0.024782
11.738,0.039151,-0.00048948,0.12733,0.024988,0.00014829,0.024824
11.748,0.024083,-0.00071378,0.093594,0.020595,0.00017018,0.024867
11.758,0.0032678,-0.00094378,0.059935,0.016315,0.00019275,0.024907
11.768,-0.017605,-0.0011748,0.026819,0.011744,0.0002125,0.02494
11.777,-0.041944,-0.0014038,-0.005413,0.0064967,0.00022607,0.024962
11.787,-0.054648,-0.0016278,-0.036508,0.00030853,0.00023093,0.024973
11.797,-0.053437,-0.0018378,-0.066302,-0.006904,0.0002255,0.024971
11.807,-0.036079,-0.0020378,-0.094663,-0.015012,0.00020939,0.024957
11.816,-0.014021,-0.0022278,-0.12144,-0.023703,0.00018336,0.024932
11.826,0.013881,-0.0023978,-0.14648,-0.03256,0.00014914,0.0249
11.836,0.033603,-0.0025678,-0.16974,-0.041168,0.00010921,0.024865
11.846,0.034753,-0.0027278,-0.19124,-0.049183,6.6392e-05,0.024829
11.855,0.032433,-0.0028778,-0.21106,-0.056357,2.3639e-05,0.024797
11.865,0.020849,-0.0030178,-0.22927,-0.062533,-1.6358e-05,0.024771
11.875,0.021992,-0.0031478,-0.24588,-0.06763,-5.1286e-05,0.024752
11.885,0.011542,-0.0032778,-0.26088,-0.071636,-7.9358e-05,0.024742
11.895,0.0092603,-0.0033978,-0.27426,-0.074609,-9.9536e-05,0.02474
11.904,-3.4172e-06,-0.0035178,-0.28606,-0.076668,-0.00011143,0.024747
11.914,0.013861,-0.0036278,-0.29636,-0.077961,-0.00011529,0.024761
11.924,0.021973,-0.0037278,-0.30519,-0.078629,-0.00011196,0.024782
11.934,0.0034421,-0.0038178,-0.31251,-0.078784,-0.00010275,0.024808
11.943,0.0092197,-0.0038978,-0.31817,-0.078496,-8.9322e-05,0.024837
11.953,0.0068792,-0.0039578,-0.32187,-0.077804,-7.3536e-05,0.024868
11.963,0.0022087,-0.0040078,-0.32333,-0.076738,-5.7358e-05,0.024899
11.973,-0.00013982,-0.0040378,-0.32223,-0.075325,-4.2572e-05,0.024927
11.982,-0.015216,-0.0040478,-0.31825,-0.073583,-3.0786e-05,0.024951
11.992,-0.0083036,-0.0040378,-0.31114,-0.071532,-2.3143e-05,0.02497
12.002,-0.015263,-0.0040178,-0.30082,-0.069196,-2.0429e-05,0.024982
12.012,-0.011822,-0.0039678,-0.28736,-0.066597,-2.2751e-05,0.024987
12.021,-0.0013503,-0.0039078,-0.27104,-0.063754,-2.9679e-05,0.024988
12.031,-0.014206,-0.0038278,-0.25224,-0.060667,-4.0358e-05,0.024983
12.041,-0.0037907,-0.0037378,-0.23135,-0.057287,-5.3393e-05,0.024977
12.051,0.0043066,-0.0036378,-0.20875,-0.053531,-6.7215e-05,0.02497
12.061,0.018186,-0.0035278,-0.18477,-0.049293,-8.0108e-05,0.024963
12.07,0.017011,-0.0034078,-0.15973,-0.044482,-9.0465e-05,0.02496
12.08,0.019301,-0.0032878,-0.13401,-0.039051,-9.6893e-05,0.024961
12.09,0.026197,-0.0031678,-0.10798,-0.033026,-9.8501e-05,0.024967
12.1,0.02269,-0.0030478,-0.082049,-0.026495,-9.4715e-05,0.024978
12.109,0.020369,-0.0029278,-0.056527,-0.019589,-8.5643e-05,0.024994
12.119,0.020279,-0.0028078,-0.031642,-0.012461,-7.1751e-05,0.025014
12.129,0.00052429,-0.0026978,-0.0075078,-0.0052706,-5.3929e-05,0.025037
12.139,-0.0053164,-0.0025778,0.015853,0.0018258,-3.3393e-05,0.025062
12.148,-0.0088772,-0.0024678,0.038446,0.0086759,-1.1501e-05,0.025087
12.158,-0.011204,-0.0023578,0.060266,0.015137,1.0485e-05,0.025111
12.168,-0.0042709,-0.0022478,0.081292,0.02109,3.1321e-05,0.025131
12.178,-0.0055057,-0.0021378,0.10148,0.026447,5.0078e-05,0.025148
12.187,-0.01249,-0.0020278,0.12076,0.031159,6.6142e-05,0.02516
12.197,0.0013801,-0.0019178,0.13904,0.035214,7.9285e-05,0.025168
12.207,-0.0056572,-0.0018178,0.15618,0.038635,8.9642e-05,0.025172
12.217,-0.0080373,-0.0017278,0.17206,0.041475,9.7678e-05,0.025173
12.227,0.0035039,-0.0016378,0.18653,0.043808,0.00010414,0.025171
12.236,-1.9464e-05,-0.0015578,0.19942,0.045715,0.00010982,0.025168
12.246,0.011517,-0.0014908,0.21056,0.047275,0.00011564,0.025165
12.256,0.014932,-0.0014338,0.21977,0.048562,0.00012239,0.025162
12.266,0.016061,-0.0013908,0.22691,0.049633,0.00013064,0.025162
12.275,0.018285,-0.0013598,0.23184,0.050528,0.00014075,0.025164
12.285,0.021744,-0.0013428,0.23443,0.05125,0.00015257,0.025169
12.295,0.017033,-0.0013378,0.23458,0.051763,0.00016579,0.025176
12.305,0.0030623,-0.0013438,0.23224,0.051993,0.00017957,0.025186
12.314,0.0087954,-0.0013598,0.22742,0.051843,0.00019293,0.025196
12.324,-0.0051318,-0.0013838,0.22025,0.051212,0.00020464,0.025206
12.334,-0.0028593,-0.0014138,0.2109,0.050015,0.00021357,0.025215
12.344,-0.0052968,-0.0014478,0.19962,0.048184,0.00021861,0.025221
12.353,-0.0064905,-0.0014848,0.18665,0.045679,0.00021889,0.025224
12.363,-0.012343,-0.0015228,0.17224,0.0425,0.00021393,0.025223
12.373,-0.0077941,-0.0015578,0.15667,0.038695,0.00020368,0.02522
12.383,-0.006664,-0.0015978,0.14016,0.034339,0.00018836,0.025214
12.393,0.0014043,-0.0016378,0.12286,0.029536,0.00016879,0.025205
12.402,0.0036225,-0.0016878,0.10489,0.024412,0.00014589,0.025195
12.412,0.0058889,-0.0017278,0.086371,0.019104,0.000121,0.025184
12.422,0.0070214,-0.0017778,0.067379,0.013739,9.5357e-05,0.025173
12.432,0.0034501,-0.0018278,0.047981,0.0084296,7.0321e-05,0.025164
12.441,0.008047,-0.0018878,0.028276,0.0032656,4.6978e-05,0.025157
12.451,0.0045242,-0.0019478,0.0084436,-0.0016797,2.6285e-05,0.025152
12.461,-0.0059364,-0.0020078,-0.011248,-0.0063501,8.8672e-06,0.02515
12.471,-0.00024268,-0.0020778,-0.030509,-0.010713,-4.9399e-06,0.02515
12.48,0.014805,-0.0021578,-0.04908,-0.014756,-1.5072e-05,0.025152
12.49,0.015937,-0.0022278,-0.066725,-0.018468,-2.1679e-05,0.025156
12.5,0.012371,-0.0023078,-0.083196,-0.021829,-2.5072e-05,0.025161
12.51,0.0087958,-0.0023878,-0.098268,-0.024826,-2.5751e-05,0.025166
12.52,0.0018115,-0.0024578,-0.11173,-0.027448,-2.4179e-05,0.02517
12.529,-0.012163,-0.0025278,-0.12334,-0.029682,-2.0786e-05,0.025173
12.539,-0.0098897,-0.0025978,-0.13287,-0.031517,-1.6036e-05,0.025174
12.549,-0.0099426,-0.0026578,-0.1402,-0.032977,-1.0186e-05,0.025174
12.559,-0.013462,-0.0027078,-0.14539,-0.03413,-3.3685e-06,0.025171
12.568,-0.012374,-0.0027578,-0.14862,-0.035063,4.4672e-06,0.025167
12.578,0.00035626,-0.0027978,-0.15014,-0.035845,1.356e-05,0.025161
12.588,0.0026297,-0.0028278,-0.15021,-0.036499,2.4317e-05,0.025154
12.598,-0.0020742,-0.0028478,-0.14905,-0.036984,3.7228e-05,0.025148
12.607,-0.0021235,-0.0028578,-0.14674,-0.037204,5.2789e-05,0.025142
12.617,-0.00098209,-0.0028678,-0.14324,-0.037051,7.1357e-05,0.025137
12.627,-0.00455,-0.0028678,-0.1385,-0.036439,9.3107e-05,0.025135
12.637,-0.0011273,-0.0028578,-0.13251,-0.035333,0.00011793,0.025134
12.646,0.011606,-0.0028478,-0.12536,-0.033744,0.00014532,0.025135
12.656,0.0092304,-0.0028278,-0.11716,-0.031704,0.00017454,0.025139
12.666,0.0057154,-0.0028078,-0.10799,-0.029243,0.00020454,0.025145
12.676,0.005671,-0.0027778,-0.097858,-0.026382,0.00023411,0.025153
12.686,0.0033015,-0.0027478,-0.086688,-0.023138,0.00026182,0.025164
12.695,0.0032587,-0.0026978,-0.074368,-0.01953,0.00028632,0.025177
12.705,-0.0083733,-0.0026578,-0.060781,-0.015593,0.00030618,0.025191
12.715,-0.00033844,-0.0026078,-0.045915,-0.011394,0.00032029,0.025206
12.725,-0.0026588,-0.0025478,-0.029911,-0.0070445,0.00032779,0.025221
12.734,-0.0073584,-0.0024878,-0.013016,-0.0026685,0.00032818,0.025235
12.744,-0.010861,-0.0024178,0.0044575,0.0016092,0.00032143,0.025247
12.754,-0.0016351,-0.0023578,0.022121,0.0056675,0.000308,0.025259
12.764,-0.0074222,-0.0022878,0.039534,0.0094015,0.00028875,0.025268
12.773,-0.0086444,-0.0022178,0.056262,0.012744,0.00026504,0.025276
12.783,-0.0040738,-0.0021478,0.071901,0.015671,0.00023843,0.025283
12.793,0.0040116,-0.0020778,0.086087,0.018197,0.00021079,0.025288
12.803,-0.00062211,-0.0020178,0.098529,0.020368,0.00018389,0.025293
12.812,0.009745,-0.0019678,0.10905,0.022249,0.00015954,0.025297
12.822,0.008573,-0.0019278,0.1176,0.023909,0.00013911,0.025302
12.832,0.016663,-0.0018878,0.12421,0.025398,0.00012371,0.025308
12.842,0.0073716,-0.0018578,0.12893,0.026738,0.00011396,0.025315
12.852,0.013136,-0.0018378,0.13185,0.02791,0.00011004,0.025321
12.861,0.0026576,-0.0018278,0.13302,0.028871,0.00011154,0.025329
12.871,-0.0043042,-0.0018278,0.13254,0.02956,0.00011782,0.025336
12.881,-0.010175,-0.0018378,0.13056,0.029913,0.00012775,0.025342
12.891,-0.010153,-0.0018478,0.12719,0.02987,0.00014014,0.025347
12.9,-0.0090382,-0.0018678,0.12259,0.029383,0.00015357,0.02535
12.91,-0.0055465,-0.0018878,0.11686,0.028428,0.00016682,0.025351
12.92,-0.009086,-0.0019178,0.1101,0.027004,0.00017864,0.025349
12.93,0.0024813,-0.0019378,0.10242,0.025147,0.00018814,0.025344
12.939,-0.0010545,-0.0019678,0.093917,0.022922,0.00019457,0.025336
12.949,-0.0022154,-0.0019878,0.084718,0.020405,0.00019757,0.025327
12.959,-0.0045656,-0.0020178,0.074927,0.01766,0.00019696,0.025315
12.969,-0.0022549,-0.0020478,0.064598,0.014733,0.00019293,0.025302
12.978,-0.0010834,-0.0020778,0.053735,0.011651,0.00018582,0.02529
12.988,3.8836e-05,-0.0020978,0.042332,0.0084416,0.00017614,0.025278
12.998,-0.0080581,-0.0021278,0.030413,0.0051482,0.00016464,0.025267
13.008,-0.0034642,-0.0021578,0.018036,0.0018252,0.00015204,0.025258
13.018,0.0011264,-0.0021878,0.0052965,-0.001465,0.00013907,0.025251
13.027,0.0057659,-0.0022278,-0.0076371,-0.0046503,0.00012643,0.025246
13.037,0.012736,-0.0022578,-0.020501,-0.0076481,0.00011461,0.025245
13.047,0.010399,-0.0022978,-0.032972,-0.010383,0.000104,0.025245
13.057,0.010387,-0.0023278,-0.044732,-0.012805,9.4785e-05,0.025248
13.066,-0.0012148,-0.0023678,-0.055508,-0.014896,8.6928e-05,0.025253
13.076,-0.0070257,-0.0023978,-0.065084,-0.016657,8.0285e-05,0.025259
13.086,-0.0081758,-0.0024378,-0.073305,-0.0181,7.4571e-05,0.025266
13.096,-0.0059052,-0.0024678,-0.080042,-0.019232,6.9464e-05,0.025275
13.105,-0.0035839,-0.0024978,-0.085146,-0.020046,6.4642e-05,0.025284
13.115,-0.0093879,-0.0025178,-0.088466,-0.020531,5.9782e-05,0.025294
13.125,-0.0070692,-0.0025378,-0.089948,-0.020703,5.4649e-05,0.025304
13.135,-0.0036059,-0.0025478,-0.089668,-0.020608,4.9117e-05,0.025314
13.145,-0.0024719,-0.0025578,-0.087795,-0.020303,4.3178e-05,0.025325
13.154,-0.00014725,-0.0025578,-0.084545,-0.019833,3.6964e-05,0.025334
13.164,-0.004762,-0.0025478,-0.080156,-0.019228,3.0746e-05,0.025342
13.174,-0.0059561,-0.0025378,-0.074845,-0.018486,2.4885e-05,0.025349
13.184,0.0033004,-0.0025278,-0.068736,-0.017573,1.9803e-05,0.025354
13.193,-0.0024425,-0.0025078,-0.061879,-0.01644,1.5907e-05,0.025357
13.203,-0.0013548,-0.0024778,-0.054323,-0.015056,1.3546e-05,0.025359
13.213,0.0044835,-0.0024578,-0.046177,-0.013425,1.2964e-05,0.025359
13.223,0.0044823,-0.0024278,-0.037586,-0.011572,1.4274e-05,0.025357
13.232,0.0079517,-0.0023978,-0.02868,-0.0095182,1.7453e-05,0.025355
13.242,0.0079516,-0.0023678,-0.019553,-0.0072781,2.2342e-05,0.025352
13.252,0.0021561,-0.0023378,-0.010272,-0.0048597,2.8657e-05,0.025348
13.262,0.002157,-0.0023078,-0.00090469,-0.0022878,3.5992e-05,0.025346
13.271,-0.0036355,-0.0022778,0.0084514,0.00037817,4.3874e-05,0.025344
13.281,-0.0059136,-0.0022478,0.017667,0.003041,5.1782e-05,0.025342
13.291,-0.0036311,-0.0022278,0.026596,0.005582,5.9232e-05,0.025342
13.301,-0.0094243,-0.0021978,0.035092,0.0078877,6.5821e-05,0.025343
13.311,-0.0059049,-0.0021678,0.043028,0.0098744,7.1357e-05,0.025344
13.32,-0.0070911,-0.0021478,0.050294,0.011502,7.5785e-05,0.025347
13.33,-0.0082769,-0.0021278,0.056782,0.012773,7.9285e-05,0.025351
13.34,-0.0013323,-0.0021078,0.062396,0.013721,8.2107e-05,0.025354
13.35,0.0045127,-0.0020878,0.067057,0.014405,8.4714e-05,0.025357
13.359,0.0091781,-0.0020678,0.070707,0.014882,8.7535e-05,0.02536
13.369,0.013788,-0.0020578,0.073286,0.015193,9.0928e-05,0.025361
13.379,0.0080501,-0.0020578,0.074722,0.015345,9.5214e-05,0.025361
13.389,0.0068166,-0.0020578,0.074953,0.015328,0.00010043,0.025359
13.398,0.0010774,-0.0020578,0.073949,0.015121,0.00010654,0.025356
13.408,-0.0012394,-0.0020678,0.071729,0.014708,0.00011325,0.025351
13.418,-0.0093579,-0.0020778,0.068381,0.014086,0.00012018,0.025343
13.428,0.0010998,-0.0020878,0.064032,0.013262,0.00012679,0.025334
13.437,0.0010599,-0.0020978,0.058807,0.01224,0.00013243,0.025323
13.447,0.0022563,-0.0021178,0.052835,0.011032,0.00013646,0.025311
13.457,0.0057309,-0.0021278,0.04625,0.0096556,0.00013825,0.025297
13.467,0.0034098,-0.0021478,0.039201,0.0081369,0.00013718,0.025284
13.477,0.0034189,-0.0021678,0.031843,0.0065086,0.00013279,0.025271
13.486,0.0011522,-0.0021778,0.02433,0.0048045,0.00012475,0.025259
13.496,-0.0011622,-0.0021978,0.01681,0.003054,0.00011279,0.025248
13.506,-0.0046224,-0.0022078,0.009402,0.001275,9.6999e-05,0.025239
13.516,-0.0046625,-0.0022178,0.0021867,-0.00052591,7.7464e-05,0.025234
13.525,-0.0046023,-0.0022278,-0.0047794,-0.0023433,5.4632e-05,0.025231
13.535,-0.003452,-0.0022278,-0.011439,-0.004158,2.9003e-05,0.025232
13.545,-0.0069115,-0.0022378,-0.01774,-0.0059362,1.3208e-06,0.025237
13.555,3.9199e-05,-0.0022378,-0.023652,-0.0076379,-2.7572e-05,0.025244
13.564,0.00817,-0.0022378,-0.029171,-0.0092215,-5.6751e-05,0.025255
13.574,0.0012449,-0.0022478,-0.034309,-0.010646,-8.5251e-05,0.025268
13.584,0.003582,-0.0022478,-0.039059,-0.011871,-0.00011218,0.025283
13.594,0.0035931,-0.0022478,-0.043368,-0.012861,-0.00013675,0.025298
13.603,-0.0033756,-0.0022478,-0.047137,-0.01359,-0.00015825,0.025314
13.613,0.0024297,-0.0022478,-0.050238,-0.014051,-0.00017621,0.025329
13.623,-0.0010228,-0.0022378,-0.05253,-0.014247,-0.00019025,0.025343
13.633,-0.0022013,-0.0022378,-0.053866,-0.014192,-0.00020021,0.025354
13.643,-0.00099977,-0.0022378,-0.054107,-0.013898,-0.00020607,0.025364
13.652,-0.0021282,-0.0022378,-0.053132,-0.013371,-0.00020779,0.02537
13.662,-0.0044965,-0.0022278,-0.050849,-0.012608,-0.00020554,0.025374
13.672,-0.0032948,-0.0022278,-0.047214,-0.011609,-0.00019946,0.025375
13.682,-0.0056131,-0.0022178,-0.042268,-0.010388,-0.00018968,0.025374
13.691,-0.0067414,-0.0022078,-0.036134,-0.0089734,-0.00017643,0.025371
13.701,-0.00097965,-0.0021978,-0.029015,-0.0074116,-0.00015986,0.025367
13.711,-0.0032479,-0.0021978,-0.021173,-0.0057605,-0.00014011,0.025362
13.721,-0.0009062,-0.0021878,-0.012916,-0.0040879,-0.00011743,0.025357
13.73,0.0013815,-0.0021878,-0.0045611,-0.0024567,-9.1893e-05,0.025353
13.74,-0.0066828,-0.0021778,0.0035891,-0.00091107,-6.3786e-05,0.02535
13.75,0.0002688,-0.0021778,0.011261,0.00052553,-3.3286e-05,0.025348
13.76,0.0014644,-0.0021778,0.018226,0.0018442,-6.6491e-07,0.025348
13.77,0.0096019,-0.0021878,0.024313,0.0030462,3.3692e-05,0.025349
13.779,0.0060934,-0.0021978,0.029403,0.0041339,6.9321e-05,0.025353
13.789,0.0072948,-0.0022078,0.033434,0.0051095,0.00010561,0.025358
13.799,0.0072561,-0.0022178,0.036405,0.0059731,0.00014186,0.025363
13.809,0.0061274,-0.0022278,0.038366,0.00672,0.00017725,0.02537
13.818,-0.0031215,-0.0022478,0.039423,0.0073424,0.00021093,0.025377
13.828,-0.0031104,-0.0022578,0.03975,0.0078347,0.00024196,0.025384
13.838,0.00037055,-0.0022778,0.039568,0.0081977,0.00026943,0.025391
13.848,0.0015654,-0.0022878,0.039117,0.0084406,0.0002925,0.025397
13.857,-0.00074787,-0.0022978,0.038613,0.008577,0.0003105,0.025401
13.867,-0.0018773,-0.0023078,0.038216,0.0086221,0.00032289,0.025405
13.877,-0.0053868,-0.0023078,0.038026,0.008593,0.00032925,0.025406
13.887,-0.0088425,-0.0023178,0.038072,0.0085053,0.0003295,0.025406
13.896,-0.0030363,-0.0023178,0.038283,0.0083633,0.00032364,0.025405
13.906,-0.0042162,-0.0023078,0.038496,0.0081573,0.00031193,0.025402
13.916,-0.0064864,-0.0023078,0.038465,0.0078623,0.00029475,0.025398
13.926,-0.0030066,-0.0022978,0.037894,0.007441,0.00027261,0.025393
13.936,0.0074529,-0.0022878,0.036508,0.0068545,0.00024618,0.025387
13.945,0.00048229,-0.0022678,0.034101,0.0060704,0.00021611,0.02538
13.955,0.0074715,-0.0022578,0.030565,0.0050721,0.00018314,0.025373
13.965,0.0051505,-0.0022478,0.025902,0.0038645,0.00014804,0.025366
13.975,-0.0018207,-0.0022278,0.020224,0.0024791,0.00011146,0.025358
13.984,0.003978,-0.0022078,0.013748,0.00097177,7.4178e-05,0.025351
13.994,-0.0018036,-0.0021978,0.0067578,-0.0005868,3.691e-05,0.025343
14.004,0.0040446,-0.0021778,-0.00042414,-0.0021203,2.8151e-07,0.025336
14.014,-0.0005974,-0.0021578,-0.0074735,-0.0035604,-3.5072e-05,0.025328
14.023,0.0098104,-0.0021478,-0.014082,-0.0048544,-6.8643e-05,0.025321
14.033,-0.00058204,-0.0021278,-0.019972,-0.0059703,-9.9858e-05,0.025314
14.043,0.0040253,-0.0021178,-0.024909,-0.006894,-0.00012825,0.025306
14.053,-0.0017576,-0.0020978,-0.028726,-0.0076233,-0.00015346,0.025299
14.062,-0.0040307,-0.0020878,-0.031337,-0.0081605,-0.00017504,0.025292
14.072,-0.0028841,-0.0020778,-0.032746,-0.0085077,-0.00019261,0.025286
14.082,0.0029163,-0.0020678,-0.033028,-0.0086668,-0.00020589,0.02528
14.092,0.00059846,-0.0020678,-0.032313,-0.0086426,-0.00021464,0.025275
14.102,-0.0017257,-0.0020578,-0.030762,-0.0084447,-0.00021868,0.025271
14.111,0.00526,-0.0020578,-0.028571,-0.0080954,-0.000218,0.025268
14.121,0.0029394,-0.0020578,-0.025964,-0.0076319,-0.00021275,0.025268
14.131,-0.0051295,-0.0020678,-0.023165,-0.0070992,-0.00020314,0.025269
14.141,0.00062529,-0.0020678,-0.020373,-0.0065421,-0.00018961,0.025273
14.15,0.0064199,-0.0020778,-0.017742,-0.005995,-0.00017264,0.025278
14.16,-0.00050586,-0.0020878,-0.015345,-0.0054677,-0.00015286,0.025285
14.17,-0.00050186,-0.0020978,-0.013157,-0.0049421,-0.00013093,0.025293
14.18,0.0064819,-0.0021078,-0.011076,-0.0043845,-0.00010761,0.025301
14.189,0.0017813,-0.0021178,-0.00896,-0.0037632,-8.3679e-05,0.025309
14.199,0.0041084,-0.0021278,-0.0066647,-0.0030575,-5.9929e-05,0.025316
14.209,0.0018353,-0.0021378,-0.0040599,-0.0022598,-3.7108e-05,0.025322
14.219,0.0041138,-0.0021478,-0.0010441,-0.0013729,-1.5858e-05,0.025327
14.228,-0.0016239,-0.0021478,0.0024395,-0.00040999,3.2029e-06,0.025329
14.238,-0.00048198,-0.0021578,0.0063939,0.00060831,1.9649e-05,0.02533
14.248,-0.0074203,-0.0021578,0.010758,0.0016542,3.3189e-05,0.025329
14.258,-0.006279,-0.0021578,0.015402,0.0026921,4.3707e-05,0.025326
14.268,-0.003998,-0.0021578,0.020129,0.0036789,5.1253e-05,0.025322
14.277,-0.0039473,-0.0021578,0.024697,0.0045666,5.6049e-05,0.025318
14.287,-0.0028069,-0.0021578,0.02884,0.0053096,5.8446e-05,0.025313
14.297,0.0029871,-0.0021578,0.032298,0.0058716,5.8917e-05,0.025308
14.307,0.00066288,-0.0021478,0.034846,0.006232,5.801e-05,0.025305
14.316,0.0017983,-0.0021478,0.036325,0.0063881,5.6307e-05,0.025302
14.326,0.0076414,-0.0021478,0.036648,0.006351,5.4367e-05,0.0253
14.336,0.0029841,-0.0021478,0.035809,0.0061397,5.2689e-05,0.025299
14.346,0.0029826,-0.0021578,0.033887,0.0057781,5.1667e-05,0.025299
14.355,-0.00048335,-0.0021578,0.031028,0.0052876,5.1564e-05,0.025301
14.365,-0.0016756,-0.0021678,0.02742,0.0046879,5.2507e-05,0.025302
14.375,0.0017878,-0.0021678,0.023292,0.0040048,5.4489e-05,0.025305
14.385,-0.0028211,-0.0021778,0.01891,0.0032709,5.7392e-05,0.025307
14.395,-0.0016343,-0.0021878,0.014537,0.0025208,6.1007e-05,0.025309
14.404,-0.0051079,-0.0021978,0.010411,0.001786,6.5071e-05,0.02531
14.414,-0.00055188,-0.0022078,0.0067398,0.0010966,6.9285e-05,0.025311
14.424,-0.0039762,-0.0022178,0.0037003,0.00047857,7.3392e-05,0.025309
14.434,-0.0051208,-0.0022278,0.0014258,-4.8936e-05,7.7142e-05,0.025307
14.443,-0.0063158,-0.0022378,-6.4306e-06,-0.00047511,8.0321e-05,0.025303
14.453,-0.00057106,-0.0022378,-0.0006004,-0.00079912,8.2857e-05,0.025297
14.463,-0.0028567,-0.0022478,-0.00045209,-0.0010292,8.4678e-05,0.025291
14.473,-0.00053273,-0.0022578,0.00026995,-0.0011776,8.5857e-05,0.025284
14.482,-0.0017291,-0.0022578,0.0013416,-0.0012611,8.6428e-05,0.025277
14.492,0.00059422,-0.0022678,0.0025036,-0.0013031,8.6571e-05,0.025271
14.502,0.0029112,-0.0022678,0.0034905,-0.0013326,8.6392e-05,0.025266
14.512,0.0040398,-0.0022678,0.0040675,-0.0013801,8.5964e-05,0.025263
14.521,0.008692,-0.0022778,0.0040523,-0.0014747,8.5428e-05,0.025263
14.531,0.006354,-0.0022778,0.0033381,-0.0016388,8.4749e-05,0.025265
14.541,0.0040655,-0.0022778,0.0019087,-0.0018811,8.3964e-05,0.02527
14.551,-0.00059324,-0.0022778,-0.00015286,-0.0021936,8.3035e-05,0.025277
14.561,-0.00060235,-0.0022778,-0.0026731,-0.002552,8.1964e-05,0.025288
14.57,-0.0040818,-0.0022778,-0.0054046,-0.0029188,8.0642e-05,0.0253
14.58,0.00051839,-0.0022778,-0.0080418,-0.003246,7.9107e-05,0.025313
14.59,-0.0029618,-0.0022778,-0.010269,-0.0034853,7.7321e-05,0.025327
14.6,0.00049777,-0.0022678,-0.011815,-0.0035975,7.5321e-05,0.02534
14.609,-0.001793,-0.0022578,-0.012488,-0.0035566,7.3178e-05,0.025352
14.619,-0.0041342,-0.0022578,-0.012179,-0.0033482,7.0928e-05,0.025362
14.629,0.00046433,-0.0022478,-0.010861,-0.00297,6.8714e-05,0.02537
14.639,-0.00068749,-0.0022378,-0.0085832,-0.0024359,6.6571e-05,0.025376
14.648,-0.0018396,-0.0022278,-0.0054666,-0.0017777,6.4642e-05,0.025379
14.658,0.0016119,-0.0022178,-0.0016871,-0.0010388,6.2964e-05,0.02538
14.668,-0.0065249,-0.0022078,0.0025527,-0.00026003,6.1607e-05,0.025378
14.678,-0.014659,-0.0021978,0.0070374,0.00052755,6.0567e-05,0.025375
14.687,-0.0066014,-0.0021878,0.011547,0.0012987,5.9878e-05,0.025371
14.697,-0.0042852,-0.0021878,0.015866,0.0020311,5.9507e-05,0.025367
14.707,0.0084808,-0.0021778,0.019784,0.0027064,5.941e-05,0.025362
14.717,0.0084664,-0.0021778,0.023106,0.0033144,5.9514e-05,0.025359
14.727,0.013106,-0.0021778,0.025675,0.0038514,5.9714e-05,0.025358
14.736,0.0096268,-0.0021778,0.02736,0.004302,5.9874e-05,0.025359
14.746,0.0038115,-0.0021778,0.028073,0.0046336,5.9839e-05,0.025361
14.756,-0.013635,-0.0021878,0.027806,0.004809,5.9435e-05,0.025365
14.766,-0.014791,-0.0021878,0.026635,0.004801,5.8507e-05,0.02537
14.775,-0.009012,-0.0021878,0.024704,0.0046067,5.6964e-05,0.025376
14.785,0.0014216,-0.0021878,0.022234,0.0042548,5.4771e-05,0.025381
14.795,0.0048709,-0.0021978,0.019497,0.0037985,5.1982e-05,0.025385
14.805,0.0025279,-0.0021978,0.016794,0.0033065,4.8721e-05,0.025388
14.814,0.0013227,-0.0021978,0.014407,0.0028496,4.5178e-05,0.025388
14.824,-0.00097076,-0.0021978,0.012548,0.0024801,4.1582e-05,0.025385
14.834,0.0024755,-0.0022078,0.011325,0.0022137,3.8178e-05,0.025381
14.844,-0.0021965,-0.0022078,0.010733,0.0020292,3.5232e-05,0.025374
14.853,-0.0079647,-0.0022078,0.010668,0.001888,3.2992e-05,0.025366
14.863,-0.0068432,-0.0022078,0.010964,0.0017566,3.1703e-05,0.025358
14.873,-0.0022019,-0.0022078,0.011424,0.0016127,3.1574e-05,0.025349
14.883,5.9224e-05,-0.0022078,0.011844,0.0014413,3.2764e-05,0.025341
14.893,4.0085e-05,-0.0022178,0.012063,0.0012396,3.5349e-05,0.025334
14.902,-0.0034493,-0.0022178,0.011987,0.0010214,3.9324e-05,0.025328
14.912,1.1728e-06,-0.0022178,0.011594,0.00081203,4.4571e-05,0.025323
14.922,0.0023054,-0.0022278,0.010905,0.00063392,5.0878e-05,0.025321
14.932,0.0069415,-0.0022378,0.009972,0.00049831,5.7928e-05,0.02532
14.941,0.0034513,-0.0022378,0.0088552,0.00040394,6.5321e-05,0.025321
14.951,0.001105,-0.0022478,0.0076118,0.00033865,7.2642e-05,0.025323
14.961,-9.9494e-05,-0.0022478,0.0062843,0.00027671,7.9428e-05,0.025326
14.971,0.0010638,-0.0022478,0.0049136,0.00018459,8.5285e-05,0.025329
14.98,-0.005941,-0.0022478,0.0035549,3.6116e-05,8.9928e-05,0.025332
14.99,-0.0082919,-0.0022478,0.0022778,-0.00017302,9.3071e-05,0.025334
15,-0.0036531,-0.0022478,0.0011636,-0.00042266,9.4678e-05,0.025335
15.01,-0.0036743,-0.0022478,0.00029386,-0.00068034,9.4749e-05,0.025336
15.02,-0.0025557,-0.0022378,-0.00025954,-0.00091501,9.3464e-05,0.025334
15.029,-0.0071872,-0.0022378,-0.00044824,-0.0011046,9.0964e-05,0.025332
15.039,-0.0014088,-0.0022278,-0.00025845,-0.0012345,8.7642e-05,0.025329
15.049,-0.0025705,-0.0022278,0.00027756,-0.0012977,8.3785e-05,0.025325
15.059,-0.0014523,-0.0022178,0.0010933,-0.0012944,7.9821e-05,0.02532
15.068,-0.0038043,-0.0022178,0.0021094,-0.0012279,7.6071e-05,0.025317
15.078,-0.0014963,-0.0022078,0.0032414,-0.001098,7.2928e-05,0.025313
15.088,-0.0015183,-0.0022078,0.0044113,-0.00089589,7.0607e-05,0.025311
15.098,0.0030595,-0.0022078,0.0055678,-0.0006079,6.9357e-05,0.02531
15.107,0.0030373,-0.0022078,0.0066819,-0.00023187,6.9249e-05,0.02531
15.117,0.0088651,-0.0022078,0.0077413,0.00021491,7.0285e-05,0.025312
15.127,-0.00046719,-0.0022078,0.0087459,0.00070149,7.2249e-05,0.025315
15.137,-0.00048951,-0.0022078,0.0096965,0.0011886,7.4999e-05,0.02532
