time_s,base_acceleration_g,rotation_rad,normalized_moment,normalized_shear,normalized_sliding,normalized_settlement
0,-0.0010952,-0.0022682,0.025587,0.0045254,-4.6371e-06,0.025298
0.00976,0.0035532,-0.0022882,0.026448,0.0046879,2.5613e-05,0.025295
0.01953,8.8714e-05,-0.0022982,0.026997,0.0047729,5.522e-05,0.025294
0.02929,-0.0010997,-0.0023082,0.027248,0.0047911,8.3577e-05,0.025293
0.03906,0.0035489,-0.0023182,0.027212,0.0047508,0.00011043,0.025294
0.04882,0.0035476,-0.0023282,0.026899,0.0046564,0.00013472,0.025296
0.05859,0.0035463,-0.0023282,0.026322,0.0045099,0.00015722,0.025299
0.06835,-0.0022448,-0.0023382,0.025505,0.0043122,0.00017686,0.025303
0.07812,0.0047341,-0.0023382,0.024465,0.0040628,0.00019329,0.025308
0.08789,-0.003437,-0.0023382,0.023226,0.0037638,0.00020722,0.025314
0.09765,-0.0033879,-0.0023382,0.021836,0.0034273,0.00021758,0.025321
0.10742,3.1202e-05,-0.0023282,0.020384,0.0030766,0.00022436,0.025328
0.11718,7.7413e-05,-0.0023282,0.018974,0.0027405,0.00022793,0.025335
0.12695,-0.0022503,-0.0023182,0.017697,0.0024447,0.00022722,0.025342
0.13671,7.609e-05,-0.0023082,0.016621,0.0022088,0.00022293,0.025349
0.14648,0.0012186,-0.0022882,0.015788,0.0020429,0.00021436,0.025355
0.15625,0.0046781,-0.0022782,0.015198,0.0019425,0.00020186,0.02536
0.16601,0.0047278,-0.0022582,0.014818,0.0018892,0.00018508,0.025365
0.17578,-0.0057725,-0.0022382,0.014598,0.0018607,0.00016436,0.025369
0.18554,-0.0057226,-0.0022182,0.014483,0.0018394,0.00014008,0.025372
0.19531,0.0058673,-0.0021982,0.014423,0.001815,0.00011258,0.025373
0.20507,7.4387e-05,-0.0021782,0.014387,0.0017868,8.3077e-05,0.025374
0.21484,-0.0033925,-0.0021582,0.014386,0.0017641,5.1863e-05,0.025373
0.2246,0.0023578,-0.0021382,0.014449,0.0017584,2.0077e-05,0.025372
0.23437,7.5183e-05,-0.0021182,0.014604,0.0017802,-1.1209e-05,0.025369
0.24414,-0.0022513,-0.0021082,0.01488,0.0018399,-4.0923e-05,0.025366
0.2539,0.0070093,-0.0020882,0.015303,0.0019463,-6.7959e-05,0.025363
0.26367,-0.00111,-0.0020882,0.015902,0.002106,-9.128e-05,0.025358
0.27343,0.0023608,-0.0020782,0.016687,0.00232,-0.00010999,0.025354
0.2832,-0.0034382,-0.0020782,0.017639,0.0025812,-0.00012332,0.02535
0.29296,-0.0033872,-0.0020782,0.018711,0.0028737,-0.00013082,0.025345
0.30273,-0.003436,-0.0020882,0.019839,0.0031755,-0.00013214,0.025341
0.3125,-0.0045747,-0.0020982,0.020954,0.0034624,-0.00012732,0.025338
0.32226,0.0035468,-0.0021182,0.021989,0.003714,-0.0001166,0.025335
0.33203,0.0035483,-0.0021382,0.022886,0.0039156,-0.00010042,0.025332
0.34179,0.00237,-0.0021582,0.023608,0.0040639,-7.9566e-05,0.02533
0.35156,0.0046919,-0.0021782,0.024146,0.0041633,-5.4923e-05,0.025329
0.36132,0.0012338,-0.0022082,0.024508,0.0042199,-2.7459e-05,0.025328
0.37109,-0.0068941,-0.0022282,0.024714,0.0042401,1.5772e-06,0.025328
0.38085,-0.0033718,-0.0022582,0.024796,0.0042319,3.1041e-05,0.025329
0.39062,-0.0045595,-0.0022782,0.024785,0.0042036,5.972e-05,0.025331
0.40039,0.001243,-0.0022982,0.024709,0.0041628,8.6506e-05,0.025333
0.41015,0.0012457,-0.0023182,0.024582,0.004114,0.00011043,0.025335
0.41992,0.0012485,-0.0023382,0.024398,0.0040557,0.00013043,0.025338
0.42968,-0.0022686,-0.0023482,0.024131,0.0039818,0.00014615,0.02534
0.43945,-0.0010755,-0.0023582,0.023752,0.0038846,0.00015686,0.025342
0.44921,0.0047677,-0.0023682,0.023244,0.00376,0.00016222,0.025344
0.45898,0.00011803,-0.0023682,0.022612,0.0036089,0.00016222,0.025346
0.46875,0.0059145,-0.0023582,0.021871,0.0034362,0.00015722,0.025347
0.47851,0.00012517,-0.0023582,0.021039,0.0032486,0.00014722,0.025347
0.48828,-0.003338,-0.0023482,0.02014,0.0030542,0.00013293,0.025347
0.49804,-0.0010541,-0.0023382,0.019196,0.0028595,0.00011508,0.025346
0.50781,0.00128,-0.0023182,0.018231,0.0026643,9.4434e-05,0.025345
0.51757,-0.0010458,-0.0022982,0.017276,0.0024669,7.1756e-05,0.025344
0.52734,0.0047486,-0.0022782,0.016369,0.0022707,4.8041e-05,0.025342
0.5371,-0.0045069,-0.0022582,0.015563,0.0020897,2.4256e-05,0.02534
0.54687,0.0024378,-0.0022382,0.014918,0.001944,1.3272e-06,0.025338
0.55664,-0.0021674,-0.0022182,0.014485,0.0018494,-1.9887e-05,0.025336
0.5664,-0.0010225,-0.0021982,0.014291,0.0018123,-3.853e-05,0.025334
0.57617,-0.0033474,-0.0021782,0.014331,0.0018306,-5.3994e-05,0.025332
0.58593,0.0036379,-0.0021582,0.014603,0.0019026,-6.5637e-05,0.025331
0.5957,0.00018028,-0.0021482,0.015107,0.0020277,-7.3137e-05,0.02533
0.60546,0.0071188,-0.0021382,0.01584,0.002207,-7.628e-05,0.025329
0.61523,-0.0021355,-0.0021282,0.01678,0.0024375,-7.503e-05,0.025328
0.625,-0.0067897,-0.0021282,0.017882,0.0027125,-6.9637e-05,0.025327
0.63476,0.0001563,-0.0021282,0.019069,0.0030159,-6.0459e-05,0.025326
0.64453,0.0048124,-0.0021282,0.020251,0.0033251,-4.8173e-05,0.025326
0.65429,0.0071487,-0.0021382,0.021355,0.003617,-3.3459e-05,0.025325
0.66406,0.001365,-0.0021482,0.022335,0.0038728,-1.7244e-05,0.025324
0.67382,-0.0020984,-0.0021582,0.023174,0.0040807,-4.9427e-07,0.025323
0.68359,-0.0067518,-0.0021682,0.023867,0.0042367,1.5934e-05,0.025321
0.69335,-0.00094498,-0.0021782,0.024408,0.0043391,3.1077e-05,0.02532
0.70312,0.0013919,-0.0021882,0.024765,0.0043815,4.4184e-05,0.025319
0.71289,0.001399,-0.0021982,0.024911,0.0043614,5.4684e-05,0.025317
0.72265,0.00021619,-0.0022082,0.024837,0.0042846,6.2149e-05,0.025316
0.73242,0.0025535,-0.0022182,0.02455,0.0041613,6.6327e-05,0.025316
0.74218,0.00023094,-0.0022182,0.024077,0.0040049,6.7256e-05,0.025316
0.75195,-0.0020915,-0.0022282,0.023461,0.0038314,6.5041e-05,0.025316
0.76171,-0.0066938,-0.0022282,0.022755,0.003654,6.0041e-05,0.025318
0.77148,0.004904,-0.0022282,0.022,0.0034817,5.2577e-05,0.02532
0.78125,-0.00087809,-0.0022282,0.021232,0.0033217,4.3184e-05,0.025323
0.79101,0.00026994,-0.0022282,0.020493,0.0031839,3.222e-05,0.025327
0.80078,-0.0031419,-0.0022182,0.019811,0.0030731,2.0184e-05,0.025331
0.81054,0.0026163,-0.0022182,0.019193,0.0029858,7.3986e-06,0.025336
0.82031,-0.00084532,-0.0022182,0.018634,0.0029127,-5.8157e-06,0.02534
0.83007,-0.00083686,-0.0022182,0.018135,0.0028446,-1.9209e-05,0.025345
0.83984,-0.0031583,-0.0022182,0.017705,0.0027769,-3.2566e-05,0.02535
0.8496,0.0015103,-0.0022182,0.017358,0.0027108,-4.578e-05,0.025354
0.85937,0.0015191,-0.0022182,0.017103,0.0026502,-5.8601e-05,0.025357
0.86914,-0.00080208,-0.0022082,0.016944,0.0026,-7.0851e-05,0.025359
0.8789,0.0015368,-0.0022082,0.016881,0.0025638,-8.2316e-05,0.025361
0.88867,-0.0042542,-0.0022082,0.016916,0.0025417,-9.2673e-05,0.025362
0.89843,-0.00077507,-0.0022082,0.017064,0.0025324,-0.0001016,0.025362
0.9082,0.0027441,-0.0022082,0.017343,0.0025389,-0.00010871,0.025362
0.91796,0.0050333,-0.0022082,0.01776,0.0025695,-0.00011364,0.02536
0.92773,-0.0088674,-0.0022082,0.018311,0.0026367,-0.00011596,0.025358
0.9375,-0.00073801,-0.0022082,0.018989,0.0027531,-0.00011542,0.025356
0.94726,-0.0053386,-0.0022182,0.019764,0.0029199,-0.00011174,0.025354
0.95703,0.0027509,-0.0022182,0.020602,0.0031277,-0.00010492,0.025351
0.96679,0.0016204,-0.0022282,0.021467,0.0033593,-9.5066e-05,0.025348
0.97656,0.00395,-0.0022382,0.02231,0.0035926,-8.2459e-05,0.025345
0.98632,0.0016396,-0.0022482,0.023077,0.0038072,-6.7637e-05,0.025341
0.99609,-0.0030107,-0.0022582,0.023723,0.0039903,-5.1244e-05,0.025338
1.0058,-0.005281,-0.0022682,0.024216,0.0041329,-3.4137e-05,0.025334
1.0156,-0.0052713,-0.0022782,0.024522,0.0042259,-1.7173e-05,0.025331
1.0254,0.0028185,-0.0022882,0.024616,0.0042603,-1.3514e-06,0.025327
1.0352,-0.00064174,-0.0022882,0.024477,0.0042284,1.2434e-05,0.025323
1.0449,0.0039781,-0.0022982,0.024097,0.0041273,2.3256e-05,0.02532
1.0547,0.00056487,-0.0022982,0.023497,0.0039651,3.0506e-05,0.025317
1.0644,0.0028977,-0.0022882,0.022742,0.0037626,3.3541e-05,0.025314
1.0742,0.0005375,-0.0022882,0.021911,0.0035443,3.2149e-05,0.025312
1.084,-0.00059268,-0.0022782,0.021078,0.0033329,2.6256e-05,0.02531
1.0938,-0.0017229,-0.0022682,0.020297,0.0031457,1.6077e-05,0.025309
1.1035,-0.0017131,-0.0022482,0.019597,0.0029913,1.97e-06,0.025309
1.1133,-0.00056328,-0.0022382,0.018979,0.0028679,-1.5351e-05,0.025309
1.123,-0.00055352,-0.0022182,0.018431,0.0027673,-3.5137e-05,0.025309
1.1328,0.0017862,-0.0021982,0.017941,0.0026819,-5.6459e-05,0.02531
1.1426,-0.0016741,-0.0021882,0.017507,0.0026085,-7.8316e-05,0.02531
1.1523,0.0018056,-0.0021682,0.017135,0.0025464,-9.978e-05,0.025311
1.1621,0.0018152,-0.0021582,0.01684,0.0024975,-0.00011992,0.025311
1.1719,0.0041448,-0.0021382,0.016642,0.0024649,-0.00013796,0.025311
1.1816,0.00064433,-0.0021382,0.016568,0.0024547,-0.00015321,0.025311
1.1914,-0.00048619,-0.0021282,0.016658,0.0024793,-0.00016524,0.025311
1.2012,-0.0016168,-0.0021182,0.016952,0.0025515,-0.00017371,0.02531
1.2109,-0.0016074,-0.0021182,0.01747,0.0026753,-0.00017857,0.025309
1.2207,-0.00045817,-0.0021182,0.018198,0.0028431,-0.00017985,0.025308
1.2305,-0.001589,-0.0021282,0.019094,0.0030415,-0.00017782,0.025307
1.2402,0.0030301,-0.0021282,0.020102,0.0032586,-0.00017282,0.025306
1.25,-0.0015708,-0.0021282,0.021164,0.0034864,-0.00016532,0.025304
1.2598,0.00071809,-0.0021382,0.022226,0.0037195,-0.00015574,0.025302
1.2695,0.00072692,-0.0021482,0.02324,0.0039525,-0.00014464,0.0253
1.2793,0.0031056,-0.0021482,0.024164,0.0041772,-0.00013249,0.025299
1.2891,-0.0061957,-0.0021582,0.024952,0.0043817,-0.00011967,0.025297
1.2988,0.00079977,-0.0021582,0.025562,0.0045518,-0.0001066,0.025295
1.3086,0.0031312,-0.0021682,0.025941,0.0046697,-9.353e-05,0.025293
1.3183,0.0019594,-0.0021682,0.026036,0.0047152,-8.0709e-05,0.025291
1.3281,0.0031076,-0.0021682,0.025816,0.0046738,-6.8244e-05,0.02529
1.3379,-0.00035444,-0.0021782,0.025287,0.0045456,-5.6209e-05,0.025289
1.3477,0.0054934,-0.0021782,0.0245,0.0043445,-4.4601e-05,0.025289
1.3574,0.00084814,-0.0021782,0.023524,0.0040901,-3.3459e-05,0.025288
1.3672,0.0019987,-0.0021782,0.02244,0.003804,-2.2816e-05,0.025288
1.3769,-0.0026539,-0.0021782,0.021342,0.0035096,-1.2709e-05,0.025288
1.3867,0.0020134,-0.0021882,0.020326,0.0032335,-3.1371e-06,0.025288
1.3965,-0.0014495,-0.0021882,0.019483,0.0030027,5.5772e-06,0.025288
1.4062,0.0054874,-0.0021882,0.01887,0.0028362,1.3399e-05,0.025289
1.416,0.0055442,-0.0021882,0.018502,0.0027395,1.997e-05,0.02529
1.4258,0.0043608,-0.0021882,0.018353,0.0027045,2.5041e-05,0.025291
1.4355,-0.00028284,-0.0021882,0.018362,0.002714,2.8327e-05,0.025292
1.4453,-0.0060266,-0.0021882,0.018455,0.0027474,2.9506e-05,0.025294
1.4551,0.00091641,-0.0021882,0.018557,0.0027837,2.8399e-05,0.025296
1.4648,-0.00026475,-0.0021882,0.018607,0.0028062,2.4863e-05,0.025298
1.4746,0.0078609,-0.0021882,0.018569,0.0028071,1.8934e-05,0.0253
1.4844,-0.00025368,-0.0021782,0.018445,0.002789,1.0756e-05,0.025303
1.4941,0.0055416,-0.0021782,0.018261,0.0027605,5.7716e-07,0.025305
1.5039,-0.0037134,-0.0021682,0.018053,0.0027297,-1.1209e-05,0.025307
1.5137,0.0020914,-0.0021582,0.017855,0.0027015,-2.3994e-05,0.02531
1.5234,-0.001374,-0.0021582,0.017708,0.00268,-3.7244e-05,0.025312
1.5332,0.0021004,-0.0021482,0.017661,0.0026744,-5.028e-05,0.025314
1.543,0.0021045,-0.0021482,0.01777,0.0027013,-6.2459e-05,0.025316
1.5527,0.0021084,-0.0021382,0.018077,0.0027778,-7.3209e-05,0.025317
1.5625,0.0032921,-0.0021382,0.018589,0.0029094,-8.2066e-05,0.025318
1.5723,-0.0025444,-0.0021382,0.01928,0.003089,-8.8673e-05,0.025319
1.582,0.00097585,-0.0021382,0.020122,0.0033051,-9.2851e-05,0.025319
1.5918,-0.0071482,-0.0021482,0.021091,0.0035485,-9.4709e-05,0.025319
1.6016,0.0021246,-0.0021482,0.022164,0.003813,-9.4387e-05,0.025318
1.6113,0.0032671,-0.0021582,0.023301,0.0040891,-9.228e-05,0.025317
1.6211,0.0055894,-0.0021682,0.02444,0.0043646,-8.8923e-05,0.025315
1.6308,0.0021314,-0.0021682,0.025499,0.0046257,-8.4923e-05,0.025313
1.6406,-0.00019679,-0.0021782,0.026398,0.0048593,-8.0959e-05,0.025311
1.6504,-0.0013853,-0.0021882,0.027067,0.0050509,-7.7673e-05,0.025309
1.6602,-0.00014697,-0.0021882,0.027457,0.0051832,-7.578e-05,0.025307
1.6699,0.0044571,-0.0021882,0.027555,0.0052446,-7.5816e-05,0.025305
1.6797,-0.0036622,-0.0021882,0.027396,0.0052392,-7.8209e-05,0.025304
1.6894,-0.0024716,-0.0021882,0.027049,0.0051871,-8.3244e-05,0.025304
1.6992,-0.0025214,-0.0021882,0.0266,0.0051167,-9.0994e-05,0.025303
1.709,-0.0013314,-0.0021782,0.026145,0.0050571,-0.00010139,0.025304
1.7188,-0.0048516,-0.0021782,0.02579,0.0050357,-0.0001141,0.025305
1.7285,-0.00019209,-0.0021682,0.025649,0.0050769,-0.00012874,0.025307
1.7383,0.00094716,-0.0021582,0.025821,0.0052006,-0.00014467,0.02531
1.748,-0.0024739,-0.0021482,0.026381,0.0054191,-0.00016117,0.025314
1.7578,-0.0048051,-0.0021382,0.027364,0.0057378,-0.00017749,0.025318
1.7676,0.00094336,-0.0021182,0.028758,0.0061541,-0.00019274,0.025323
1.7773,-0.0094614,-0.0021082,0.030499,0.0066585,-0.00020607,0.025328
1.7871,-0.0071404,-0.0020982,0.03249,0.0072346,-0.00021664,0.025334
1.7969,0.00098427,-0.0020882,0.034611,0.0078552,-0.0002238,0.025341
1.8066,-0.0048153,-0.0020882,0.036735,0.0084832,-0.00022694,0.025347
1.8164,0.00097895,-0.0020782,0.038767,0.0090849,-0.00022567,0.025354
1.8262,-0.0071511,-0.0020782,0.040649,0.0096371,-0.00021978,0.02536
1.8359,-0.00021438,-0.0020782,0.042349,0.010127,-0.00020924,0.025365
1.8457,-0.0071579,-0.0020782,0.043876,0.010556,-0.00019424,0.025369
1.8555,-0.0036917,-0.0020782,0.045281,0.010943,-0.00017514,0.025372
1.8652,-0.0083057,-0.0020882,0.046645,0.011314,-0.00015242,0.025374
1.875,-0.01068,-0.0020882,0.048053,0.011688,-0.00012692,0.025374
1.8848,-0.0025645,-0.0020982,0.049569,0.012075,-9.9351e-05,0.025373
1.8945,-0.015297,-0.0021082,0.051217,0.012472,-7.0566e-05,0.025369
1.9043,-0.0060442,-0.0021082,0.052978,0.012868,-4.153e-05,0.025364
1.9141,-0.0095124,-0.0021182,0.054776,0.013239,-1.3209e-05,0.025357
1.9238,-0.011845,-0.0021282,0.056527,0.013566,1.347e-05,0.025348
1.9336,-0.014178,-0.0021282,0.058157,0.013835,3.7649e-05,0.025338
1.9433,-0.0060663,-0.0021382,0.059589,0.014035,5.8541e-05,0.025327
1.9531,-0.0025524,-0.0021482,0.060715,0.014141,7.5434e-05,0.025316
1.9629,-0.010729,-0.0021482,0.061424,0.014122,8.7899e-05,0.025304
1.9727,-0.0037552,-0.0021482,0.061611,0.01395,9.5399e-05,0.025292
1.9824,-0.0072319,-0.0021582,0.061173,0.013598,9.7827e-05,0.02528
1.9922,-0.0072388,-0.0021582,0.06002,0.01305,9.5077e-05,0.025269
2.0019,0.002024,-0.0021582,0.058062,0.012293,8.7363e-05,0.02526
2.0117,0.0054767,-0.0021582,0.055226,0.01132,7.5006e-05,0.025251
2.0215,0.0031492,-0.0021582,0.051478,0.010131,5.8577e-05,0.025245
2.0312,0.0066015,-0.0021682,0.046828,0.0087331,3.8649e-05,0.02524
2.041,-0.00033641,-0.0021682,0.041332,0.00714,1.6077e-05,0.025237
2.0508,0.012433,-0.0021682,0.035076,0.0053715,-8.3157e-06,0.025236
2.0605,0.012377,-0.0021782,0.028149,0.0034487,-3.3601e-05,0.025236
2.0703,0.014744,-0.0021882,0.020635,0.0013965,-5.8887e-05,0.025238
2.0801,0.01008,-0.0021982,0.012632,-0.00075331,-8.3316e-05,0.025242
2.0898,0.012398,-0.0022082,0.0042498,-0.0029614,-0.0001061,0.025248
2.0996,0.018185,-0.0022182,-0.0043856,-0.0051872,-0.00012664,0.025255
2.1094,0.0088635,-0.0022382,-0.013145,-0.0073944,-0.00014446,0.025263
2.1191,0.018166,-0.0022582,-0.021897,-0.009552,-0.00015924,0.025272
2.1289,0.013502,-0.0022782,-0.030531,-0.011637,-0.00017099,0.025281
2.1387,0.01582,-0.0022982,-0.038935,-0.013629,-0.00017982,0.025291
2.1484,0.018138,-0.0023182,-0.046997,-0.015503,-0.00018592,0.025301
2.1582,0.015801,-0.0023382,-0.054585,-0.017233,-0.00018982,0.025311
2.168,0.012276,-0.0023582,-0.061543,-0.018782,-0.00019199,0.02532
2.1777,0.016968,-0.0023782,-0.06769,-0.020112,-0.00019303,0.025329
2.1875,0.013443,-0.0023882,-0.072848,-0.021191,-0.0001936,0.025336
2.1973,0.0041254,-0.0023982,-0.076859,-0.022,-0.00019432,0.025342
2.207,0.011142,-0.0023982,-0.079592,-0.022533,-0.00019574,0.025347
2.2168,0.011131,-0.0023982,-0.080956,-0.022791,-0.00019835,0.025351
2.2266,0.011121,-0.0023982,-0.080915,-0.022781,-0.00020246,0.025352
2.2363,0.0075931,-0.0023882,-0.079485,-0.022504,-0.00020821,0.025353
2.2461,0.011099,-0.0023682,-0.076748,-0.021963,-0.00021564,0.025352
2.2559,0.0052913,-0.0023482,-0.072842,-0.02116,-0.0002246,0.02535
2.2656,0.014545,-0.0023282,-0.067939,-0.020107,-0.0002348,0.025346
2.2754,0.014534,-0.0022982,-0.062229,-0.018822,-0.00024588,0.025342
2.2851,0.01571,-0.0022782,-0.055903,-0.01733,-0.00025741,0.025337
2.2949,0.010997,-0.0022482,-0.049132,-0.015656,-0.00026897,0.025332
2.3047,0.013312,-0.0022182,-0.042062,-0.013819,-0.00028012,0.025327
2.3144,0.004034,-0.0021882,-0.0348,-0.011835,-0.00029049,0.025322
2.3242,0.0074925,-0.0021582,-0.027399,-0.0097089,-0.00029982,0.025317
2.334,0.006341,-0.0021382,-0.019858,-0.0074382,-0.00030789,0.025313
2.3438,-0.0018405,-0.0021082,-0.012133,-0.0050196,-0.00031464,0.02531
2.3535,0.0039879,-0.0020882,-0.0041652,-0.0024619,-0.00032007,0.025308
2.3633,-0.0018138,-0.0020682,0.004091,0.00020875,-0.00032439,0.025306
2.373,-0.0064855,-0.0020382,0.012674,0.0029558,-0.00032771,0.025305
2.3828,-0.011147,-0.0020182,0.021625,0.0057449,-0.00033024,0.025304
2.3926,-0.013439,-0.0019982,0.030982,0.0085499,-0.00033224,0.025303
2.4023,-0.011171,-0.0019782,0.040763,0.011352,-0.00033382,0.025302
2.4121,-0.018117,-0.0019582,0.050952,0.014132,-0.00033499,0.025301
2.4219,-0.016989,-0.0019382,0.061502,0.016873,-0.00033571,0.025298
2.4316,-0.016954,-0.0019182,0.072321,0.019553,-0.00033582,0.025295
2.4414,-0.018153,-0.0018982,0.083264,0.022149,-0.00033496,0.025291
2.4512,-0.0251,-0.0018682,0.094149,0.024641,-0.00033282,0.025286
2.4609,-0.018176,-0.0018482,0.10476,0.027018,-0.00032882,0.025282
2.4707,-0.018188,-0.0018282,0.11489,0.029279,-0.00032257,0.025277
2.4805,-0.0182,-0.0018082,0.1243,0.03143,-0.00031346,0.025272
2.4902,-0.015884,-0.0017882,0.1328,0.033486,-0.00030114,0.025269
2.5,-0.012381,-0.0017682,0.14024,0.035466,-0.00028533,0.025267
2.5098,-0.020562,-0.0017482,0.14655,0.037385,-0.00026594,0.025266
2.5195,-0.015919,-0.0017282,0.15174,0.039249,-0.0002431,0.025268
2.5293,-0.02524,-0.0017182,0.15593,0.041055,-0.00021721,0.025271
2.5391,-0.037982,-0.0017082,0.1593,0.042784,-0.00018889,0.025275
2.5488,-0.033338,-0.0016982,0.16213,0.044412,-0.00015885,0.025282
2.5586,-0.055389,-0.0016882,0.1647,0.04591,-0.00012835,0.025289
2.5684,-0.04267,-0.0016782,0.16725,0.047239,-9.8066e-05,0.025296
2.5781,-0.050803,-0.0016682,0.16994,0.048352,-6.9101e-05,0.025303
2.5879,-0.047299,-0.0016582,0.17286,0.049205,-4.2423e-05,0.025309
2.5976,-0.04731,-0.0016482,0.17601,0.049772,-1.8494e-05,0.025313
2.6074,-0.040386,-0.0016482,0.17928,0.050039,1.5057e-06,0.025316
2.6172,-0.034554,-0.0016382,0.18248,0.049994,1.7613e-05,0.025316
2.6269,-0.023022,-0.0016382,0.18532,0.04962,2.9577e-05,0.025314
2.6367,-0.019517,-0.0016282,0.18745,0.048899,3.7291e-05,0.025311
2.6465,-0.023042,-0.0016382,0.18844,0.047803,4.0934e-05,0.025305
2.6562,-0.011415,-0.0016382,0.18785,0.046298,4.072e-05,0.025299
2.666,-0.01722,-0.0016482,0.18526,0.044344,3.697e-05,0.025292
2.6758,-0.0021714,-0.0016682,0.18027,0.041906,3.0113e-05,0.025286
2.6855,-0.0045109,-0.0016882,0.1726,0.038952,2.0434e-05,0.025282
2.6953,0.0058798,-0.0017182,0.16209,0.035462,8.4343e-06,0.025278
2.7051,0.0071107,-0.0017582,0.1487,0.031423,-5.5657e-06,0.025277
2.7148,0.015177,-0.0017982,0.13248,0.026835,-2.1137e-05,0.025277
2.7246,0.01398,-0.0018482,0.11365,0.021715,-3.7923e-05,0.025279
2.7344,0.019767,-0.0019082,0.092504,0.016097,-5.5423e-05,0.025281
2.7441,0.025601,-0.0019682,0.069431,0.010028,-7.3244e-05,0.025284
2.7539,0.033668,-0.0020382,0.044882,0.0035698,-9.0851e-05,0.025285
2.7637,0.033707,-0.0021082,0.019337,-0.0031989,-0.0001076,0.025284
2.7734,0.031373,-0.0021782,-0.006727,-0.010181,-0.00012289,0.025279
2.7832,0.042955,-0.0022582,-0.032854,-0.01726,-0.00013599,0.025271
2.793,0.04062,-0.0023382,-0.058634,-0.024302,-0.00014624,0.02526
2.8027,0.049923,-0.0024182,-0.083724,-0.031161,-0.00015299,0.025244
2.8125,0.045261,-0.0025082,-0.10784,-0.03769,-0.00015578,0.025224
2.8223,0.066107,-0.0025982,-0.13077,-0.043759,-0.00015424,0.025201
2.832,0.061446,-0.0026882,-0.15237,-0.049262,-0.00014842,0.025176
2.8418,0.067235,-0.0027782,-0.17258,-0.054135,-0.0001386,0.025149
2.8516,0.062621,-0.0028682,-0.19134,-0.058357,-0.00012549,0.025121
2.8613,0.05568,-0.0029582,-0.20865,-0.06197,-0.00010992,0.025094
2.8711,0.039382,-0.0030482,-0.22455,-0.065076,-9.3423e-05,0.025068
2.8809,0.030162,-0.0031282,-0.23908,-0.067808,-7.7101e-05,0.025044
2.8906,0.030109,-0.0032082,-0.25228,-0.070311,-6.2494e-05,0.025021
2.9004,0.021982,-0.0032882,-0.26419,-0.072703,-5.0887e-05,0.025
2.9101,0.031287,-0.0033482,-0.27477,-0.075033,-4.3244e-05,0.024979
2.9199,0.028955,-0.0034182,-0.2839,-0.077269,-4.028e-05,0.02496
2.9297,0.048663,-0.0034682,-0.29144,-0.079308,-4.2244e-05,0.024941
2.9394,0.055594,-0.0035182,-0.29724,-0.081012,-4.8994e-05,0.024923
2.9492,0.059105,-0.0035482,-0.30122,-0.08224,-6.0101e-05,0.024904
2.959,0.059101,-0.0035782,-0.30334,-0.082874,-7.4816e-05,0.024886
2.9688,0.05677,-0.0036082,-0.30362,-0.08285,-9.2244e-05,0.024869
2.9785,0.041661,-0.0036182,-0.30214,-0.082164,-0.00011146,0.024854
2.9883,0.034723,-0.0036282,-0.29902,-0.080854,-0.00013139,0.024841
2.998,0.02313,-0.0036282,-0.29434,-0.078981,-0.0001511,0.024832
3.0078,0.013865,-0.0036182,-0.28811,-0.076594,-0.00016964,0.024829
3.0176,0.0080671,-0.0035882,-0.28026,-0.073712,-0.00018614,0.024831
3.0273,0.0034044,-0.0035582,-0.27065,-0.070313,-0.00019985,0.024839
3.0371,0.0034019,-0.0035182,-0.25901,-0.066332,-0.00021021,0.024854
3.0469,0.0010794,-0.0034682,-0.24504,-0.061681,-0.00021682,0.024875
3.0566,-0.0035829,-0.0034082,-0.22839,-0.056266,-0.00021942,0.024902
3.0664,-0.0070551,-0.0033282,-0.20871,-0.049999,-0.00021817,0.024933
3.0762,-0.017455,-0.0032482,-0.18568,-0.042817,-0.00021335,0.024968
3.0859,-0.023252,-0.0031482,-0.15911,-0.034698,-0.00020557,0.025004
3.0957,-0.023301,-0.0030282,-0.12895,-0.025673,-0.0001956,0.025041
3.1055,-0.030286,-0.0029082,-0.095339,-0.015833,-0.00018439,0.025076
3.1152,-0.046485,-0.0027682,-0.058668,-0.005332,-0.00017296,0.02511
3.125,-0.055749,-0.0026182,-0.019515,0.0056211,-0.00016228,0.025141
3.1348,-0.060406,-0.0024582,0.021368,0.016766,-0.00015335,0.025168
3.1445,-0.070809,-0.0022782,0.063099,0.027806,-0.00014682,0.025191
3.1543,-0.084729,-0.0020982,0.10474,0.038436,-0.0001431,0.025211
3.1641,-0.088245,-0.0019082,0.14539,0.048376,-0.00014235,0.025225
3.1738,-0.090573,-0.0017082,0.18422,0.057408,-0.00014414,0.025236
3.1836,-0.094043,-0.0014982,0.22057,0.065406,-0.00014774,0.025243
3.1934,-0.078939,-0.0012882,0.25402,0.072372,-0.00015192,0.025246
3.2031,-0.061602,-0.0010782,0.28434,0.078431,-0.00015524,0.025246
3.2129,-0.031441,-0.00087819,0.31151,0.083812,-0.00015607,0.025244
3.2226,-0.019804,-0.00067819,0.33568,0.088795,-0.00015292,0.02524
3.2324,-0.0082197,-0.00048719,0.35709,0.093648,-0.00014442,0.025234
3.2422,-0.025649,-0.00030619,0.37603,0.098553,-0.00012985,0.025228
3.2519,-0.044174,-0.00013719,0.39282,0.10355,-0.00010896,0.025222
3.2617,-0.08474,2.0807e-05,0.40774,0.10854,-8.2101e-05,0.025216
3.2715,-0.10683,0.00016681,0.42106,0.11329,-5.028e-05,0.025211
3.2812,-0.11144,0.00030201,0.43294,0.1175,-1.4816e-05,0.025207
3.291,-0.10331,0.00042671,0.44344,0.12088,2.2791e-05,0.025204
3.3008,-0.08707,0.00054181,0.45257,0.12327,6.1041e-05,0.025202
3.3105,-0.060423,0.00064781,0.46029,0.12458,9.8506e-05,0.0252
3.3203,-0.038384,0.00074481,0.46654,0.1249,0.00013401,0.025198
3.3301,-0.037244,0.00083281,0.47131,0.12438,0.00016686,0.025195
3.3398,-0.027934,0.00091081,0.47457,0.12323,0.00019615,0.025192
3.3496,-0.027935,0.00097881,0.47633,0.12163,0.00022115,0.025187
3.3594,-0.018672,0.0010358,0.47652,0.11974,0.00024115,0.025181
3.3691,-0.023327,0.0010808,0.47507,0.11763,0.00025579,0.025174
3.3789,-0.014017,0.0011128,0.47185,0.11531,0.00026472,0.025167
3.3887,-0.0047567,0.0011318,0.46669,0.11274,0.00026722,0.025161
3.3984,-0.0070866,0.0011368,0.45947,0.10986,0.00026258,0.025157
3.4082,0.0022237,0.0011268,0.45001,0.10656,0.00025079,0.025156
3.418,0.009164,0.0010998,0.43812,0.10269,0.00023151,0.025159
3.4277,0.0079744,0.0010568,0.42352,0.098058,0.00020508,0.025167
3.4375,0.010352,0.00099581,0.40584,0.092479,0.00017186,0.02518
3.4473,0.028878,0.00091581,0.38464,0.085779,0.00013258,0.025197
3.457,0.039281,0.00081481,0.3595,0.077851,8.8577e-05,0.025218
3.4668,0.053247,0.00069181,0.3301,0.068664,4.122e-05,0.025241
3.4766,0.06365,0.00054481,0.29625,0.058246,-7.6014e-06,0.025266
3.4863,0.083364,0.00037421,0.25791,0.046673,-5.5994e-05,0.02529
3.4961,0.091487,0.00017781,0.2152,0.034069,-0.00010167,0.025313
3.5059,0.098471,-4.6193e-05,0.16841,0.020618,-0.00014303,0.025331
3.5156,0.1112,-0.00029519,0.11808,0.0065801,-0.00017828,0.025344
3.5254,0.12279,-0.00057119,0.064974,-0.0077091,-0.00020614,0.02535
3.5351,0.13097,-0.00086819,0.010092,-0.021851,-0.00022581,0.025348
3.5449,0.11933,-0.0011982,-0.04536,-0.035426,-0.00023715,0.025339
3.5547,0.13325,-0.0015382,-0.1001,-0.048049,-0.00024069,0.025321
3.5644,0.11587,-0.0019082,-0.15289,-0.059437,-0.00023769,0.025294
3.5742,0.10774,-0.0022782,-0.20265,-0.069454,-0.00023005,0.025261
3.584,0.059011,-0.0026682,-0.24855,-0.078141,-0.00022021,0.02522
3.5938,0.049751,-0.0030482,-0.2901,-0.085698,-0.00021082,0.025174
3.6035,0.025433,-0.0034382,-0.32711,-0.092436,-0.00020457,0.025122
3.6133,0.017312,-0.0038182,-0.35968,-0.0987,-0.00020382,0.025065
3.623,0.027717,-0.0041882,-0.38811,-0.10477,-0.00021024,0.025003
3.6328,0.068331,-0.0045482,-0.41272,-0.11078,-0.00022473,0.024938
3.6426,0.093841,-0.0048882,-0.4338,-0.11667,-0.00024729,0.024869
3.6523,0.099638,-0.0052182,-0.45158,-0.12224,-0.00027704,0.024797
3.6621,0.1089,-0.0055382,-0.46616,-0.12715,-0.00031239,0.024722
3.6719,0.086913,-0.0058382,-0.47763,-0.13105,-0.00035139,0.024645
3.6816,0.067155,-0.0061182,-0.4861,-0.13369,-0.00039178,0.024567
3.6914,0.028919,-0.0063982,-0.49182,-0.13497,-0.00043157,0.024491
3.7012,0.032389,-0.0066582,-0.49521,-0.13498,-0.00046885,0.024418
3.7109,0.0092111,-0.0068982,-0.49685,-0.13398,-0.00050228,0.024352
3.7207,0.010353,-0.0071282,-0.49744,-0.13235,-0.00053064,0.024294
3.7305,0.012682,-0.0073382,-0.49768,-0.13047,-0.00055349,0.024248
3.7402,0.016199,-0.0075282,-0.49811,-0.12866,-0.0005701,0.024215
3.75,-0.0023711,-0.0077082,-0.49897,-0.12711,-0.00058032,0.024196
3.7598,-0.011632,-0.0078582,-0.50018,-0.12583,-0.00058407,0.024191
3.7695,-0.0046977,-0.0079882,-0.50134,-0.12468,-0.00058139,0.024201
3.7793,-0.016284,-0.0080982,-0.50178,-0.12341,-0.00057249,0.024222
3.7891,-0.0035546,-0.0081682,-0.50069,-0.12165,-0.00055792,0.024253
3.7988,-0.018608,-0.0082282,-0.49725,-0.11907,-0.00053832,0.024292
3.8086,-0.0093019,-0.0082482,-0.49074,-0.11535,-0.00051482,0.024338
3.8184,-0.032524,-0.0082382,-0.48078,-0.11035,-0.00048871,0.02439
3.8281,-0.051095,-0.0081982,-0.46732,-0.10409,-0.00046174,0.024446
3.8379,-0.074274,-0.0081182,-0.4506,-0.096722,-0.00043578,0.024509
3.8476,-0.099781,-0.0080082,-0.43097,-0.088531,-0.00041282,0.024578
3.8574,-0.12529,-0.0078582,-0.4087,-0.079818,-0.00039467,0.024655
3.8672,-0.1508,-0.0076682,-0.38393,-0.070878,-0.00038296,0.02474
3.8769,-0.14386,-0.0074282,-0.35658,-0.061959,-0.00037871,0.024833
3.8867,-0.16471,-0.0071582,-0.32634,-0.053231,-0.00038235,0.024932
3.8965,-0.17169,-0.0068382,-0.29273,-0.044764,-0.00039353,0.025036
3.9062,-0.19373,-0.0064882,-0.25518,-0.036523,-0.00041099,0.02514
3.916,-0.14733,-0.0060882,-0.21321,-0.028356,-0.00043271,0.025242
3.9258,-0.13108,-0.0056682,-0.16652,-0.019996,-0.00045574,0.025338
3.9355,-0.091658,-0.0052182,-0.11505,-0.011074,-0.00047671,0.025424
3.9453,-0.034849,-0.0047482,-0.05907,-0.0011542,-0.00049196,0.025497
3.9551,-0.0012195,-0.0042682,0.00083124,0.010168,-0.00049792,0.025554
3.9648,0.0022495,-0.0037682,0.063677,0.023135,-0.00049174,0.025596
3.9746,-0.041835,-0.0032782,0.1281,0.037706,-0.00047135,0.025621
3.9844,-0.054566,-0.0027782,0.19241,0.053497,-0.00043589,0.025631
3.9941,-0.11024,-0.0022782,0.25474,0.069805,-0.00038578,0.025628
4.0039,-0.14273,-0.0017782,0.31329,0.085747,-0.00032235,0.025614
4.0137,-0.1566,-0.0012982,0.36652,0.10043,-0.0002479,0.025593
4.0234,-0.10098,-0.00080819,0.41334,0.11311,-0.00016499,0.025567
4.0332,-0.095138,-0.00033119,0.45313,0.12333,-7.6387e-05,0.025538
4.043,-0.068492,0.00013981,0.48583,0.13094,1.5363e-05,0.025509
4.0527,-0.038332,0.00060381,0.51184,0.13614,0.00010793,0.025479
4.0625,-0.018621,0.0010568,0.53193,0.13935,0.00019901,0.025448
4.0723,-0.022138,0.0015018,0.54703,0.1411,0.00028722,0.025416
4.082,-0.02556,0.0019218,0.55814,0.14197,0.00037079,0.025379
4.0918,-0.0012418,0.0023318,0.56613,0.14241,0.00044758,0.025338
4.1016,-0.017442,0.0027318,0.57173,0.14276,0.00051579,0.025289
4.1113,-0.022099,0.0031018,0.57549,0.14313,0.00057365,0.025233
4.1211,-0.016353,0.0034518,0.57781,0.14351,0.00061865,0.025169
4.1308,0.0069204,0.0037918,0.57896,0.14372,0.00064901,0.025098
4.1406,-0.00011145,0.0041018,0.57905,0.14346,0.00066329,0.025022
4.1504,-0.0070033,0.0043818,0.57806,0.14239,0.00066043,0.024943
4.1601,0.0010749,0.0046518,0.57584,0.14017,0.00064008,0.024865
4.1699,0.019643,0.0048818,0.57215,0.13651,0.00060293,0.024789
4.1797,0.047429,0.0050918,0.56674,0.1313,0.00055151,0.024721
4.1894,0.071842,0.0052718,0.55948,0.12461,0.00048865,0.024661
4.1992,0.10542,0.0054118,0.55036,0.11675,0.00041865,0.024614
4.209,0.11468,0.0055118,0.53956,0.10822,0.00034615,0.024582
4.2187,0.13444,0.0055718,0.52732,0.09959,0.00027651,0.024565
4.2285,0.14489,0.0055818,0.51391,0.091419,0.00021472,0.024567
4.2383,0.17619,0.0055318,0.4995,0.084163,0.00016508,0.024587
4.248,0.1866,0.0054318,0.48408,0.078105,0.00013222,0.024626
4.2578,0.20863,0.0052718,0.46745,0.073338,0.00011258,0.024683
4.2676,0.22022,0.0050618,0.44922,0.069786,0.00011258,0.024759
4.2773,0.23419,0.0048018,0.4289,0.067231,0.00012865,0.024853
4.2871,0.20863,0.0044818,0.40589,0.065332,0.00015829,0.024963
4.2969,0.16341,0.0041118,0.37955,0.063618,0.00019793,0.025087
4.3066,0.12745,0.0037118,0.34923,0.061484,0.00024293,0.025222
4.3164,0.045089,0.0032718,0.31431,0.058218,0.00028793,0.025366
4.3261,0.0056588,0.0028118,0.27425,0.053093,0.00032722,0.025515
4.3359,-0.026779,0.0023218,0.22876,0.045496,0.00035686,0.025662
4.3457,0.009179,0.0018218,0.17787,0.035085,0.00037222,0.025803
4.3554,0.028891,0.0013038,0.12205,0.021908,0.00037186,0.025932
4.3652,0.10541,0.00077981,0.062235,0.0064459,0.00035401,0.026044
4.375,0.14949,0.00025101,-0.00014117,-0.010457,0.00031936,0.026135
4.3847,0.17966,-0.00028219,-0.063296,-0.027746,0.00026972,0.026199
4.3945,0.14489,-0.00081819,-0.12527,-0.044364,0.00020722,0.026236
4.4043,0.11587,-0.0013582,-0.18421,-0.059455,0.00013436,0.026245
4.414,0.096154,-0.0018982,-0.23861,-0.072499,5.3684e-05,0.026227
4.4238,0.026567,-0.0024282,-0.28746,-0.083344,-3.203e-05,0.026186
4.4336,0.012698,-0.0029582,-0.33032,-0.092147,-0.00012057,0.026124
4.4433,-0.0047366,-0.0034782,-0.3673,-0.099265,-0.00020974,0.026049
4.4531,0.020821,-0.0039782,-0.39886,-0.10513,-0.00029735,0.025964
4.4629,0.0057145,-0.0044682,-0.42569,-0.11012,-0.00038099,0.025876
4.4726,0.012652,-0.0049482,-0.44853,-0.11451,-0.00045874,0.025788
4.4824,0.0056655,-0.0053982,-0.46799,-0.11845,-0.00052767,0.025705
4.4922,-0.0035441,-0.0058282,-0.48454,-0.1219,-0.00058553,0.025629
4.5019,-0.010527,-0.0062482,-0.4984,-0.12472,-0.00062992,0.025561
4.5117,-0.0070635,-0.0066382,-0.50957,-0.12666,-0.00065957,0.025501
4.5215,-0.0035933,-0.0069982,-0.51785,-0.12737,-0.00067278,0.02545
4.5312,-0.014041,-0.0073382,-0.52291,-0.12653,-0.00066921,0.025407
4.541,-0.020976,-0.0076482,-0.5244,-0.1238,-0.00064992,0.02537
4.5508,-0.048811,-0.0079382,-0.52201,-0.11902,-0.00061635,0.02534
4.5605,-0.078974,-0.0081882,-0.51576,-0.11222,-0.00057153,0.025316
4.5703,-0.12766,-0.0083982,-0.50603,-0.10374,-0.00051939,0.0253
4.5801,-0.15431,-0.0085782,-0.4936,-0.094156,-0.00046453,0.025292
4.5898,-0.18333,-0.0087082,-0.47945,-0.084285,-0.00041207,0.025295
4.5996,-0.20537,-0.0087782,-0.46466,-0.075018,-0.00036678,0.025309
4.6094,-0.2448,-0.0088082,-0.45017,-0.067209,-0.00033292,0.025335
4.6191,-0.24247,-0.0087682,-0.43658,-0.061531,-0.00031353,0.025375
4.6289,-0.26219,-0.0086782,-0.42391,-0.058342,-0.0003101,0.025427
4.6386,-0.27839,-0.0085282,-0.41159,-0.057607,-0.00032221,0.02549
4.6484,-0.23089,-0.0083282,-0.39858,-0.058884,-0.00034771,0.025561
4.6582,-0.1775,-0.0080682,-0.38349,-0.061349,-0.00038264,0.025639
4.6679,-0.11029,-0.0077682,-0.36475,-0.063854,-0.00042178,0.02572
4.6777,-0.068537,-0.0074182,-0.34078,-0.065066,-0.00045924,0.025803
4.6875,0.010311,-0.0070482,-0.31026,-0.0637,-0.00048914,0.025884
4.6972,0.020759,-0.0066382,-0.27237,-0.058797,-0.00050639,0.025963
4.707,0.0080263,-0.0062182,-0.22698,-0.04992,-0.00050728,0.02604
4.7168,-0.058096,-0.0057782,-0.17469,-0.037253,-0.00048992,0.026114
4.7265,-0.10911,-0.0053182,-0.11675,-0.021564,-0.00045417,0.026186
4.7363,-0.14279,-0.0048382,-0.054927,-0.0040399,-0.00040153,0.026255
4.7461,-0.20882,-0.0043582,0.0087456,0.013976,-0.00033464,0.026322
4.7558,-0.17405,-0.0038582,0.072267,0.031261,-0.00025676,0.026387
4.7656,-0.14275,-0.0033482,0.13391,0.046919,-0.00017124,0.026447
4.7754,-0.08362,-0.0028282,0.19235,0.060497,-8.1209e-05,0.026502
4.7851,-0.068565,-0.0022982,0.24675,0.071981,1.0613e-05,0.026549
4.7949,-0.014086,-0.0017682,0.2967,0.081691,0.00010186,0.026585
4.8047,0.010279,-0.0012382,0.34207,0.090115,0.00019079,0.026607
4.8144,0.0010165,-0.00071819,0.38289,0.097728,0.00027472,0.026614
4.8242,-0.0093963,-0.00019919,0.41919,0.10488,0.00035222,0.026602
4.834,-0.0094391,0.00030501,0.45102,0.11173,0.00042008,0.026572
4.8437,-0.010585,0.00079481,0.4784,0.11824,0.00047615,0.026523
4.8535,-0.028019,0.0012688,0.50137,0.12417,0.00051758,0.026457
4.8633,-0.01173,0.0017218,0.52002,0.12919,0.00054151,0.026376
4.873,-0.0036594,0.0021618,0.53444,0.13288,0.00054615,0.026284
4.8828,-0.0036617,0.0025818,0.54479,0.1348,0.00053008,0.026185
4.8926,-0.0059439,0.0029818,0.55122,0.1346,0.00049258,0.026084
4.9023,0.027639,0.0033518,0.55393,0.13204,0.00043508,0.025985
4.9121,0.052052,0.0037018,0.55323,0.12708,0.00036043,0.02589
4.9219,0.071716,0.0040118,0.54948,0.11992,0.00027222,0.025805
4.9316,0.10188,0.0042918,0.54307,0.11098,0.00017579,0.02573
4.9414,0.1309,0.0045218,0.53445,0.10089,7.747e-05,0.025668
4.9511,0.1622,0.0047118,0.52406,0.090381,-1.6387e-05,0.025621
4.9609,0.1935,0.0048418,0.51226,0.080211,-9.9316e-05,0.02559
4.9707,0.23064,0.0049018,0.49928,0.071057,-0.00016574,0.025576
4.9804,0.25843,0.0049118,0.48514,0.063446,-0.00021135,0.025581
4.9902,0.27463,0.0048418,0.46966,0.057703,-0.00023354,0.025605
5,0.29553,0.0047118,0.45241,0.053918,-0.00023167,0.02565
5.0097,0.32218,0.0045218,0.4328,0.051937,-0.00020721,0.025714
5.0195,0.32104,0.0042618,0.41015,0.051372,-0.00016367,0.025799
5.0293,0.23986,0.0039418,0.38374,0.0516,-0.00010628,0.025903
5.039,0.15056,0.0035818,0.35287,0.051785,-4.1566e-05,0.026024
5.0488,0.10073,0.0031718,0.3169,0.050928,2.3149e-05,0.02616
5.0586,0.030008,0.0027318,0.27535,0.047986,8.0684e-05,0.026306
5.0683,-0.031456,0.0022718,0.22795,0.042068,0.00012472,0.026456
5.0781,-0.039624,0.0017818,0.1748,0.032644,0.00014972,0.026605
5.0879,-0.016395,0.0012828,0.1165,0.019705,0.00015329,0.026745
5.0976,0.08331,0.00077181,0.054203,0.0038117,0.00013401,0.026869
5.1074,0.1216,0.00025161,-0.010426,-0.013976,9.347e-05,0.026972
5.1172,0.22021,-0.00027719,-0.07536,-0.032309,3.3934e-05,0.027048
5.1269,0.22249,-0.00081819,-0.13844,-0.049822,-4.0709e-05,0.027095
5.1367,0.19119,-0.0013582,-0.19767,-0.065397,-0.00012617,0.027113
5.1465,0.12047,-0.0019082,-0.25148,-0.078357,-0.00021835,0.027102
5.1562,0.096102,-0.0024582,-0.29895,-0.088542,-0.00031342,0.027067
5.166,0.020723,-0.0030082,-0.33986,-0.096246,-0.00040799,0.027012
5.1758,-0.038412,-0.0035482,-0.37455,-0.10205,-0.00049907,0.026945
5.1855,-0.056981,-0.0040882,-0.40379,-0.10662,-0.00058392,0.026872
5.1953,-0.030283,-0.0046182,-0.42852,-0.11056,-0.00065992,0.026799
5.2051,0.01266,-0.0051182,-0.44968,-0.11428,-0.00072385,0.026731
5.2148,0.0021684,-0.0056082,-0.46804,-0.11798,-0.00077385,0.026672
5.2246,0.043922,-0.0060782,-0.48412,-0.12159,-0.00080635,0.026625
5.2344,0.02768,-0.0065182,-0.49813,-0.12486,-0.00081921,0.026591
5.2441,0.010345,-0.0069382,-0.50997,-0.12737,-0.00081064,0.026569
5.2539,-0.022142,-0.0073382,-0.51925,-0.12858,-0.00077992,0.026556
5.2636,-0.041851,-0.0076982,-0.52537,-0.12797,-0.00072671,0.026552
5.2734,-0.046455,-0.0080282,-0.52764,-0.1251,-0.00065349,0.026552
5.2832,-0.070867,-0.0083282,-0.52552,-0.11967,-0.00056264,0.026556
5.2929,-0.088249,-0.0085882,-0.51879,-0.1117,-0.00045903,0.026562
5.3027,-0.12534,-0.0087982,-0.50765,-0.10147,-0.00034842,0.02657
5.3125,-0.14738,-0.0089582,-0.49278,-0.089578,-0.00023753,0.02658
5.3222,-0.19146,-0.0090682,-0.47517,-0.076861,-0.00013349,0.026596
5.332,-0.21692,-0.0091082,-0.45599,-0.064301,-4.3244e-05,0.026618
5.3418,-0.27491,-0.0090882,-0.43623,-0.052905,2.697e-05,0.026649
5.3515,-0.32132,-0.0089882,-0.41659,-0.043579,7.2434e-05,0.02669
5.3613,-0.35727,-0.0088282,-0.39728,-0.037008,9.0363e-05,0.026741
5.3711,-0.37114,-0.0085882,-0.37799,-0.033535,8.047e-05,0.0268
5.3808,-0.37579,-0.0082882,-0.3578,-0.033039,4.5006e-05,0.026865
5.3906,-0.26564,-0.0079182,-0.33531,-0.034873,-1.1101e-05,0.026931
5.4004,-0.16361,-0.0074982,-0.30883,-0.037875,-8.0673e-05,0.026996
5.4101,-0.10214,-0.0070282,-0.27668,-0.040459,-0.00015507,0.027055
5.4199,-0.033691,-0.0065382,-0.2374,-0.040844,-0.00022497,0.027107
5.4297,0.021933,-0.0060082,-0.19002,-0.037391,-0.00028167,0.027148
5.4394,0.059079,-0.0054682,-0.13432,-0.029002,-0.0003181,0.027181
5.4492,0.016141,-0.0049282,-0.070978,-0.01541,-0.0003296,0.027204
5.459,-0.045276,-0.0043782,-0.0016653,0.0027187,-0.00031442,0.027222
5.4687,-0.13923,-0.0038182,0.071165,0.023912,-0.00027353,0.027236
5.4785,-0.18559,-0.0032682,0.14463,0.046226,-0.00021014,0.027248
5.4883,-0.24824,-0.0027082,0.2158,0.067667,-0.00012878,0.027262
5.498,-0.2424,-0.0021482,0.28207,0.08658,-3.4601e-05,0.027277
5.5078,-0.14968,-0.0015782,0.34146,0.1019,6.7649e-05,0.027295
5.5176,-0.11025,-0.0010082,0.39285,0.11328,0.00017401,0.027315
5.5273,-0.044131,-0.00043519,0.43596,0.12105,0.00028079,0.027335
5.5371,-0.0012373,0.00013081,0.47126,0.12603,0.00038651,0.027351
5.5469,0.04517,0.00068881,0.49969,0.12926,0.00048901,0.027362
5.5566,0.032441,0.0012338,0.52242,0.13177,0.00058615,0.027364
5.5664,0.01387,0.0017618,0.54062,0.13431,0.00067651,0.027354
5.5761,-0.022087,0.0022718,0.55521,0.13726,0.00075686,0.027331
5.5859,-0.033676,0.0027518,0.56676,0.14058,0.00082401,0.027295
5.5957,-0.055715,0.0032118,0.57556,0.14387,0.00087436,0.027246
5.6054,-0.056901,0.0036518,0.58175,0.14657,0.00090472,0.027186
5.6152,-0.019755,0.0040718,0.58541,0.14802,0.00091115,0.027118
5.625,0.013876,0.0044618,0.5865,0.14758,0.00089186,0.027045
5.6347,0.028935,0.0048318,0.58498,0.14477,0.00084543,0.02697
5.6445,0.067175,0.0051818,0.58081,0.1393,0.00077329,0.026897
5.6543,0.10432,0.0054918,0.574,0.13113,0.00067758,0.026829
5.664,0.11359,0.0057718,0.56464,0.12048,0.00056329,0.026768
5.6738,0.13677,0.0060118,0.55292,0.10785,0.00043615,0.026719
5.6836,0.15188,0.0062018,0.53917,0.093961,0.00030365,0.026684
5.6933,0.19477,0.0063418,0.52377,0.079677,0.00017401,0.026666
5.7031,0.24232,0.0064218,0.50704,0.065939,5.5149e-05,0.026667
5.7129,0.30726,0.0064318,0.48922,0.053645,-4.5494e-05,0.02669
5.7226,0.35481,0.0063718,0.47035,0.043561,-0.00012207,0.026737
5.7324,0.37338,0.0062318,0.45024,0.036232,-0.00017078,0.026809
5.7422,0.39424,0.0060218,0.42841,0.031903,-0.00019021,0.026906
5.7519,0.41742,0.0057318,0.40414,0.030455,-0.00018182,0.027027
5.7617,0.41747,0.0053718,0.37652,0.031365,-0.00014971,0.027171
5.7715,0.1948,0.0049518,0.34457,0.033706,-0.00010053,0.027333
5.7812,0.14726,0.0044818,0.30734,0.036179,-4.2744e-05,0.02751
5.791,0.042855,0.0039618,0.26399,0.037244,1.422e-05,0.027693
5.8008,0.012745,0.0034118,0.21399,0.035369,6.097e-05,0.027877
5.8105,-0.04292,0.0028418,0.15729,0.029346,8.9184e-05,0.028052
5.8203,0.0034876,0.0022518,0.094462,0.018563,9.2827e-05,0.028209
5.8301,0.03366,0.0016618,0.026769,0.0031684,6.8291e-05,0.02834
5.8398,0.044068,0.0010538,-0.043793,-0.015897,1.5577e-05,0.028436
5.8496,0.13337,0.00044581,-0.11471,-0.037054,-6.3423e-05,0.028492
5.8594,0.23313,-0.00016719,-0.1832,-0.05838,-0.00016407,0.028507
5.8691,0.26211,-0.00078819,-0.24662,-0.077996,-0.00028059,0.02848
5.8789,0.19139,-0.0014082,-0.30286,-0.094419,-0.00040664,0.028414
5.8886,0.15662,-0.0020382,-0.35065,-0.10682,-0.00053617,0.028318
5.8984,0.093976,-0.0026682,-0.38972,-0.11509,-0.00066385,0.028198
5.9082,0.045294,-0.0032982,-0.42068,-0.11977,-0.00078492,0.028065
5.9179,-0.053262,-0.0039282,-0.44482,-0.12182,-0.00089599,0.027928
5.9277,-0.085747,-0.0045482,-0.46377,-0.12233,-0.00099385,0.027795
5.9375,-0.090396,-0.0051582,-0.47915,-0.12236,-0.001076,0.027673
5.9472,-0.047451,-0.0057482,-0.49239,-0.12271,-0.0011392,0.027568
5.957,0.0047042,-0.0063182,-0.5045,-0.12388,-0.0011806,0.027481
5.9668,0.023286,-0.0068582,-0.51602,-0.12592,-0.0011981,0.027414
5.9765,0.059201,-0.0073782,-0.52693,-0.12856,-0.0011881,0.027365
5.9863,0.047664,-0.0078682,-0.53673,-0.13116,-0.0011489,0.027332
5.9961,0.014039,-0.0083382,-0.54452,-0.13291,-0.0010789,0.027312
6.0058,-0.032365,-0.0087682,-0.54914,-0.13288,-0.00097778,0.027301
6.0156,-0.069458,-0.0091682,-0.54938,-0.1302,-0.00084742,0.027297
6.0254,-0.090307,-0.0095382,-0.54427,-0.12425,-0.00069135,0.027299
6.0351,-0.12745,-0.0098582,-0.53331,-0.11476,-0.00051503,0.027308
6.0449,-0.1692,-0.010158,-0.51665,-0.10192,-0.00032657,0.027323
6.0547,-0.20515,-0.010358,-0.49511,-0.086428,-0.00013514,0.027348
6.0644,-0.24685,-0.010558,-0.47008,-0.069389,4.8863e-05,0.027387
6.0742,-0.28167,-0.010658,-0.44335,-0.052224,0.00021472,0.02744
6.084,-0.33848,-0.010658,-0.41671,-0.036472,0.00035293,0.027512
6.0937,-0.4046,-0.010558,-0.39162,-0.023585,0.00045472,0.0276
6.1035,-0.44867,-0.010458,-0.36892,-0.01472,0.00051508,0.027704
6.1133,-0.44516,-0.010158,-0.34865,-0.010554,0.00053186,0.027819
6.123,-0.43936,-0.0098582,-0.3299,-0.011129,0.00050651,0.027938
6.1328,-0.29439,-0.0094482,-0.31097,-0.015755,0.00044436,0.028057
6.1426,-0.15526,-0.0089682,-0.2896,-0.022989,0.00035508,0.028168
6.1523,-0.068245,-0.0084382,-0.26333,-0.030732,0.00025043,0.028267
6.1621,-0.017278,-0.0078782,-0.2299,-0.036502,0.00014365,0.028352
6.1719,0.0059464,-0.0072782,-0.18764,-0.037916,4.8327e-05,0.028422
6.1816,0.041905,-0.0066682,-0.1359,-0.033243,-2.4244e-05,0.028479
6.1914,-0.027684,-0.0060482,-0.075192,-0.021813,-6.5316e-05,0.028527
6.2011,-0.086823,-0.0054382,-0.0072016,-0.004187,-6.9994e-05,0.028568
6.2109,-0.094995,-0.0048282,0.065442,0.017958,-3.7351e-05,0.028608
6.2207,-0.21095,-0.0042282,0.13955,0.04221,3.0184e-05,0.02865
6.2304,-0.24458,-0.0036282,0.21181,0.065974,0.00012758,0.028694
6.2402,-0.26543,-0.0030282,0.27928,0.08702,0.00024901,0.02874
6.25,-0.1692,-0.0024282,0.33975,0.10387,0.00038793,0.028788
6.2597,-0.10893,-0.0018282,0.39194,0.11597,0.00053829,0.028833
6.2695,-0.043951,-0.0012182,0.43557,0.12371,0.00069651,0.028871
6.2793,0.04069,-0.00062519,0.47115,0.12812,0.00085401,0.028897
6.289,0.043014,-3.5193e-05,0.49969,0.13056,0.0010104,0.028907
6.2988,0.049945,0.00054281,0.52238,0.13233,0.0011611,0.028898
6.3086,6.6261e-05,0.0011078,0.54032,0.13434,0.0013011,0.028868
6.3183,-0.027726,0.0016518,0.55442,0.137,0.0014247,0.028816
6.3281,-0.06136,0.0021818,0.56529,0.14019,0.0015265,0.028745
6.3379,-0.061364,0.0027018,0.57336,0.14339,0.0016001,0.028658
6.3476,-0.061416,0.0032018,0.57884,0.14587,0.0016397,0.02856
6.3574,-0.0057549,0.0036818,0.58184,0.14684,0.0016404,0.028455
6.3672,0.030251,0.0041418,0.58236,0.14564,0.0015994,0.028348
6.3769,0.047583,0.0045918,0.58036,0.14183,0.0015154,0.028244
6.3867,0.083537,0.0050218,0.57583,0.13522,0.0013904,0.028147
6.3965,0.11602,0.0054218,0.56877,0.12589,0.0012279,0.02806
6.4062,0.14034,0.0057918,0.55918,0.11413,0.0010344,0.027986
6.416,0.15544,0.0061218,0.54707,0.1004,0.00081901,0.027927
6.4258,0.19952,0.0064018,0.5325,0.085314,0.00059151,0.027887
6.4355,0.23894,0.0066218,0.51556,0.069621,0.00036293,0.027867
6.4453,0.30154,0.0067818,0.49643,0.054168,0.00014508,0.02787
6.4551,0.37345,0.0068618,0.47527,0.039859,-5.2387e-05,0.027899
6.4648,0.43838,0.0068618,0.45224,0.027582,-0.00021989,0.027957
6.4746,0.46735,0.0067718,0.42737,0.018096,-0.00035085,0.028045
6.4844,0.47666,0.0065918,0.40046,0.01192,-0.00044153,0.028164
6.4941,0.48126,0.0063218,0.37112,0.0091977,-0.0004916,0.028313
6.5039,0.46155,0.0059718,0.33873,0.0096058,-0.00050424,0.028489
6.5136,0.22385,0.0055418,0.30255,0.012293,-0.00048607,0.028689
6.5234,0.10786,0.0050518,0.26181,0.0159,-0.00044639,0.028905
6.5332,0.056838,0.0045018,0.21584,0.018683,-0.00039635,0.029129
6.5429,-0.016219,0.0039218,0.16417,0.018814,-0.00034753,0.029349
6.5527,-0.020828,0.0033018,0.10673,0.014761,-0.0003106,0.029556
6.5625,0.049896,0.0026718,0.044079,0.0056515,-0.00029424,0.029738
6.5722,0.083477,0.0020218,-0.022495,-0.0085023,-0.00030396,0.029883
6.582,0.1125,0.0013818,-0.090928,-0.026751,-0.00034196,0.029983
6.5918,0.16004,0.00072381,-0.15858,-0.047363,-0.0004071,0.030035
6.6015,0.24241,6.6807e-05,-0.22259,-0.068175,-0.0004956,0.030035
6.6113,0.24815,-0.00059419,-0.28034,-0.087052,-0.00060189,0.029988
6.6211,0.2273,-0.0012582,-0.32994,-0.10233,-0.00071957,0.0299
6.6308,0.13914,-0.0019382,-0.37058,-0.11312,-0.00084278,0.029781
6.6406,0.081184,-0.0026082,-0.40256,-0.11943,-0.00096528,0.029642
6.6504,-0.0023229,-0.0032882,-0.42715,-0.12202,-0.0010828,0.029495
6.6601,-0.0522,-0.0039582,-0.44624,-0.12213,-0.001191,0.029349
6.6699,-0.081177,-0.0046282,-0.46185,-0.12118,-0.0012871,0.029214
6.6797,-0.093909,-0.0052782,-0.47578,-0.12044,-0.0013674,0.029095
6.6894,-0.055674,-0.0059082,-0.48928,-0.12079,-0.0014285,0.028996
6.6992,0.023173,-0.0065182,-0.50292,-0.12261,-0.0014664,0.028918
6.709,0.054474,-0.0070982,-0.51657,-0.12575,-0.0014771,0.028858
6.7187,0.066108,-0.0076482,-0.52953,-0.12953,-0.0014564,0.028816
6.7285,0.046345,-0.0081782,-0.54062,-0.13295,-0.0014003,0.028788
6.7383,0.0069151,-0.0086682,-0.54846,-0.13483,-0.0013071,0.028771
6.748,-0.040633,-0.0091282,-0.55166,-0.13406,-0.0011749,0.028762
6.7578,-0.09512,-0.0095582,-0.5491,-0.12974,-0.0010053,0.028761
6.7676,-0.11602,-0.0099582,-0.5401,-0.12136,-0.00080207,0.028767
6.7773,-0.17635,-0.010258,-0.52456,-0.10889,-0.00057149,0.028782
6.7871,-0.22153,-0.010558,-0.50297,-0.092761,-0.00032271,0.028808
6.7969,-0.26913,-0.010858,-0.47644,-0.073901,-6.6459e-05,0.028849
6.8066,-0.30623,-0.010958,-0.44655,-0.05361,0.00018508,0.028908
6.8164,-0.35027,-0.011058,-0.41511,-0.033452,0.00041936,0.028987
6.8261,-0.4106,-0.011058,-0.38387,-0.015073,0.00062472,0.029086
6.8359,-0.47786,-0.011058,-0.35415,-9.4737e-06,0.00079079,0.029203
6.8457,-0.50452,-0.010858,-0.32655,0.010523,0.00091115,0.029333
6.8554,-0.50225,-0.010558,-0.30081,0.015802,0.00098151,0.029471
6.8652,-0.48368,-0.010258,-0.27587,0.015745,0.0010029,0.029608
6.875,-0.31207,-0.0097582,-0.25008,0.011015,0.00098079,0.029737
6.8847,-0.11609,-0.0092582,-0.22145,0.0030694,0.00092436,0.02985
6.8945,-0.068503,-0.0086782,-0.18799,-0.0058977,0.00084651,0.029944
6.9043,-0.036068,-0.0080482,-0.14797,-0.013225,0.00076043,0.030016
6.914,0.0045345,-0.0073882,-0.10028,-0.016289,0.00068222,0.030068
6.9238,-0.0082536,-0.0067182,-0.044648,-0.013112,0.00062472,0.030104
6.9336,-0.11732,-0.0060482,0.018187,-0.0028146,0.00059686,0.03013
6.9433,-0.10683,-0.0053682,0.086499,0.014183,0.00060472,0.030152
6.9531,-0.15676,-0.0046982,0.15779,0.036256,0.00064901,0.030177
6.9629,-0.15672,-0.0040382,0.22916,0.060953,0.00072758,0.030209
6.9726,-0.23444,-0.0033782,0.29767,0.085548,0.00083365,0.03025
6.9824,-0.21241,-0.0027182,0.3607,0.10758,0.00096079,0.0303
6.9922,-0.17066,-0.0020582,0.4162,0.12526,0.0011008,0.030356
7.0019,-0.10921,-0.0013882,0.46288,0.13771,0.0012465,0.030413
7.0117,-0.055876,-0.00072819,0.50032,0.14501,0.0013922,0.030463
7.0215,0.010235,-6.0193e-05,0.52893,0.14809,0.0015322,0.030501
7.0312,0.044996,0.00059781,0.54975,0.14832,0.0016654,0.030518
7.041,0.034537,0.0012448,0.56417,0.1472,0.0017854,0.030513
7.0508,0.0032213,0.0018718,0.57366,0.14591,0.0018901,0.030481
7.0605,-0.04319,0.0024818,0.57959,0.14517,0.0019744,0.030423
7.0703,-0.053649,0.0030718,0.583,0.14514,0.0020347,0.030342
7.0801,-0.075649,0.0036418,0.58462,0.14549,0.0020654,0.030244
7.0898,-0.055945,0.0041718,0.58488,0.14561,0.0020626,0.030133
7.0996,-0.010733,0.0046918,0.58395,0.14481,0.0020215,0.030017
7.1094,0.029824,0.0051818,0.58176,0.14241,0.0019397,0.029901
7.1191,0.05067,0.0056418,0.57813,0.13792,0.0018169,0.029789
7.1289,0.092463,0.0060718,0.57274,0.13105,0.001654,0.029687
7.1386,0.12604,0.0064718,0.56529,0.12173,0.0014547,0.029597
7.1484,0.15391,0.0068218,0.55549,0.11008,0.0012254,0.02952
7.1582,0.19566,0.0071318,0.54308,0.096408,0.00097365,0.02946
7.1679,0.24548,0.0073918,0.52789,0.081158,0.00070972,0.029416
7.1777,0.29421,0.0075818,0.50982,0.064921,0.00044329,0.029392
7.1875,0.35335,0.0077018,0.48887,0.048414,0.00018615,0.02939
7.1972,0.43105,0.0077518,0.46506,0.032445,-5.1173e-05,0.029414
7.207,0.49251,0.0077118,0.43838,0.01786,-0.00025923,0.029466
7.2168,0.53426,0.0075818,0.40874,0.0054658,-0.00043042,0.029548
7.2265,0.53773,0.0073618,0.37597,-0.0040612,-0.00055985,0.029663
7.2363,0.53658,0.0070418,0.33987,-0.010304,-0.00064599,0.029811
7.2461,0.51335,0.0066418,0.30018,-0.01323,-0.00069064,0.029989
7.2558,0.16314,0.0061618,0.25662,-0.013294,-0.00069957,0.030193
7.2656,0.15734,0.0056118,0.20891,-0.011477,-0.00068135,0.030417
7.2754,0.072647,0.0050118,0.15681,-0.0092394,-0.00064742,0.030649
7.2851,0.011229,0.0043518,0.10023,-0.0082925,-0.00061028,0.030879
7.2949,0.02282,0.0036718,0.039379,-0.010259,-0.00058171,0.031092
7.3047,0.10281,0.0029718,-0.02502,-0.016295,-0.00057257,0.031275
7.3144,0.16661,0.0022718,-0.091592,-0.026801,-0.00059067,0.031416
7.3242,0.14343,0.0015618,-0.1583,-0.041313,-0.00064064,0.031504
7.334,0.18399,0.00085481,-0.22266,-0.058586,-0.00072278,0.031535
7.3437,0.20029,0.00015381,-0.28212,-0.076865,-0.00083528,0.031508
7.3535,0.20029,-0.00054519,-0.3345,-0.094264,-0.00097171,0.031427
7.3633,0.1585,-0.0012382,-0.3784,-0.10915,-0.0011256,0.031303
7.373,0.15855,-0.0019382,-0.41343,-0.12045,-0.0012885,0.031147
7.3828,0.073858,-0.0026382,-0.44024,-0.12782,-0.0014521,0.030975
7.3926,0.0077407,-0.0033282,-0.46025,-0.13159,-0.0016085,0.030801
7.4023,-0.014245,-0.0040282,-0.47532,-0.13259,-0.0017503,0.030638
7.4121,-0.061788,-0.0047182,-0.48731,-0.13194,-0.0018706,0.030495
7.4219,-0.072232,-0.0053982,-0.49782,-0.13074,-0.0019642,0.030379
7.4316,-0.027007,-0.0060582,-0.50788,-0.12987,-0.0020249,0.030291
7.4414,0.0042969,-0.0067082,-0.51796,-0.12985,-0.0020481,0.03023
7.4511,0.041405,-0.0073382,-0.52796,-0.13076,-0.0020289,0.030195
7.4609,0.042599,-0.0079382,-0.53728,-0.13223,-0.0019631,0.030179
7.4707,0.03681,-0.0085182,-0.54497,-0.1335,-0.0018478,0.030179
7.4804,-0.0026086,-0.0090782,-0.54978,-0.13359,-0.0016817,0.030191
7.4902,-0.055992,-0.0095982,-0.55036,-0.1314,-0.0014649,0.030212
7.5,-0.069856,-0.010058,-0.54554,-0.12597,-0.0012006,0.03024
7.5097,-0.13364,-0.010558,-0.53455,-0.11664,-0.00089421,0.030278
7.5195,-0.19396,-0.010958,-0.51717,-0.10319,-0.00055474,0.030326
7.5293,-0.2577,-0.011258,-0.49379,-0.08589,-0.00019335,0.030388
7.539,-0.32034,-0.011558,-0.46534,-0.065541,0.00017615,0.030467
7.5488,-0.37482,-0.011802,-0.4332,-0.043379,0.00053901,0.030564
7.5586,-0.43395,-0.011937,-0.39897,-0.020981,0.00087865,0.030682
7.5683,-0.48382,-0.011979,-0.36422,-8.8693e-05,0.0011829,0.030817
7.5781,-0.53715,-0.011921,-0.33016,0.01759,0.0014365,0.030966
7.5879,-0.55805,-0.011758,-0.29749,0.030584,0.0016311,0.031123
7.5976,-0.54754,-0.011458,-0.26624,0.037869,0.0017615,0.03128
7.6074,-0.53481,-0.011158,-0.23583,0.039059,0.0018283,0.031427
7.6172,-0.46987,-0.010658,-0.20512,0.034572,0.0018365,0.031555
7.6269,-0.039651,-0.010058,-0.17269,0.025742,0.0017972,0.03166
7.6367,-0.095267,-0.0094782,-0.13693,0.014808,0.0017251,0.031738
7.6465,-0.021065,-0.0088082,-0.096351,0.0046619,0.0016372,0.031789
7.6562,-0.04191,-0.0081182,-0.049772,-0.001703,0.0015519,0.031817
7.666,-0.062802,-0.0073982,0.0033484,-0.0018581,0.0014851,0.03183
7.6758,-0.18687,-0.0066882,0.062717,0.0055215,0.0014501,0.031835
7.6855,-0.21237,-0.0059782,0.12713,0.020385,0.001454,0.031842
7.6953,-0.15787,-0.0052782,0.19457,0.041328,0.0015001,0.031856
7.7051,-0.16599,-0.0045882,0.26247,0.065933,0.0015854,0.031884
7.7148,-0.16361,-0.0039082,0.32801,0.09131,0.0017047,0.031926
7.7246,-0.19029,-0.0032182,0.38854,0.11468,0.0018486,0.031981
7.7344,-0.12307,-0.0025282,0.44188,0.13388,0.0020079,0.032043
7.7441,-0.12767,-0.0018382,0.48657,0.14764,0.0021733,0.032105
7.7539,-0.066198,-0.0011282,0.52202,0.15574,0.0023369,0.032158
7.7636,-0.023296,-0.00042519,0.5484,0.15889,0.0024915,0.032193
7.7734,0.01153,0.00028141,0.56659,0.15837,0.0026319,0.032204
7.7832,0.012728,0.00098281,0.57783,0.15566,0.0027533,0.032187
7.7929,-0.011677,0.0016718,0.58363,0.1521,0.0028515,0.032142
7.8027,-0.042921,0.0023518,0.58548,0.14863,0.0029219,0.032071
7.8125,-0.047565,0.0030118,0.58474,0.14571,0.0029601,0.031981
7.8222,-0.045274,0.0036418,0.58249,0.14333,0.0029615,0.031877
7.832,-0.040607,0.0042518,0.5794,0.14114,0.0029211,0.03177
7.8418,1.7159e-05,0.0048418,0.57573,0.13858,0.0028358,0.031665
7.8515,0.017415,0.0054018,0.57137,0.13509,0.0027026,0.03157
7.8613,0.051058,0.0059418,0.56598,0.13015,0.0025204,0.031489
7.8711,0.08703,0.0064418,0.55911,0.1234,0.0022908,0.031425
7.8808,0.123,0.0069018,0.55037,0.11466,0.0020172,0.03138
7.8906,0.15665,0.0073218,0.53943,0.10388,0.0017051,0.031353
7.9004,0.20188,0.0076918,0.52603,0.09117,0.0013626,0.031344
7.9101,0.2645,0.0080018,0.50993,0.076736,0.00099865,0.031353
7.9199,0.33064,0.0082518,0.49088,0.06091,0.00062543,0.03138
7.9297,0.41416,0.0084218,0.46862,0.044165,0.00025436,0.031427
7.9394,0.48258,0.0085018,0.44288,0.027133,-0.00010167,0.031495
7.9492,0.56031,0.0085018,0.41349,0.010586,-0.00043121,0.031586
7.959,0.58118,0.0084018,0.3803,-0.0046268,-0.00072349,0.031705
7.9687,0.58353,0.0082018,0.34321,-0.017702,-0.00097099,0.031853
7.9785,0.56384,0.0079118,0.30216,-0.028009,-0.0011681,0.032032
7.9883,0.53602,0.0075118,0.2571,-0.035221,-0.0013131,0.032239
7.998,0.18469,0.0070218,0.20802,-0.039417,-0.0014092,0.032473
8.0078,0.19397,0.0064518,0.15499,-0.041134,-0.0014617,0.032725
8.0176,0.086168,0.0058218,0.098237,-0.041352,-0.0014806,0.032986
8.0273,0.091938,0.0051218,0.038223,-0.041372,-0.0014771,0.033241
8.0371,0.065266,0.0043918,-0.024326,-0.04259,-0.0014639,0.033477
8.0469,0.14419,0.0036218,-0.088345,-0.046187,-0.0014535,0.033678
8.0566,0.26135,0.0028518,-0.15233,-0.052827,-0.0014567,0.033829
8.0664,0.22541,0.0020618,-0.21437,-0.062479,-0.0014817,0.033922
8.0761,0.26026,0.0012838,-0.27228,-0.074438,-0.0015331,0.033948
8.0859,0.21616,0.00051081,-0.32403,-0.087526,-0.0016124,0.03391
8.0957,0.099093,-0.00025419,-0.36806,-0.10039,-0.0017181,0.033811
8.1054,0.11304,-0.0010082,-0.40367,-0.11181,-0.0018456,0.033665
8.1152,0.12347,-0.0017582,-0.43114,-0.12092,-0.0019885,0.033484
8.125,0.096843,-0.0024982,-0.45159,-0.12735,-0.0021392,0.033287
8.1347,0.056305,-0.0032382,-0.46675,-0.13122,-0.0022889,0.033089
8.1445,-0.010976,-0.0039682,-0.47856,-0.13304,-0.0024289,0.032904
8.1543,-0.036458,-0.0046882,-0.4888,-0.13353,-0.0025503,0.032744
8.164,-0.032917,-0.0053982,-0.49881,-0.13346,-0.0026442,0.032615
8.1738,-0.016692,-0.0060882,-0.50918,-0.13339,-0.0027031,0.032519
8.1836,-0.0073613,-0.0067782,-0.51984,-0.13364,-0.0027189,0.032455
8.1933,-0.015453,-0.0074382,-0.53014,-0.13417,-0.0026842,0.032419
8.2031,-0.0015098,-0.0080882,-0.53913,-0.13466,-0.0025942,0.032406
8.2129,0.00084254,-0.0087082,-0.54568,-0.13448,-0.0024439,0.032411
8.2226,-0.022359,-0.0093082,-0.54867,-0.13285,-0.0022314,0.032428
8.2324,-0.016493,-0.0098582,-0.54696,-0.1289,-0.0019567,0.032456
8.2422,-0.051238,-0.010358,-0.53961,-0.12181,-0.0016231,0.032493
8.2519,-0.096482,-0.010858,-0.52603,-0.11099,-0.0012371,0.03254
8.2617,-0.18576,-0.011358,-0.50609,-0.096208,-0.00080778,0.0326
8.2715,-0.27271,-0.01173,-0.48016,-0.077661,-0.00034835,0.032676
8.2812,-0.35386,-0.012054,-0.44902,-0.05601,0.00012615,0.032773
8.291,-0.442,-0.012303,-0.41378,-0.032349,0.00059865,0.032891
8.3008,-0.49765,-0.012465,-0.37575,-0.0081358,0.0010515,0.033033
8.3105,-0.55558,-0.01253,-0.33619,0.014945,0.0014676,0.033195
8.3203,-0.58919,-0.012492,-0.29619,0.035157,0.0018322,0.033374
8.3301,-0.60076,-0.012344,-0.25646,0.050903,0.0021333,0.033562
8.3398,-0.58569,-0.012086,-0.21731,0.060947,0.0023636,0.033751
8.3496,-0.57061,-0.011719,-0.17867,0.064624,0.0025222,0.033931
8.3594,-0.54856,-0.011258,-0.14021,0.062052,0.0026122,0.034094
8.3691,-0.089311,-0.010658,-0.10136,0.054294,0.0026444,0.034235
8.3789,-0.10203,-0.010058,-0.061301,0.043406,0.0026329,0.03435
8.3886,-0.063727,-0.0093882,-0.01898,0.032239,0.0025958,0.03444
8.3984,-0.091549,-0.0086782,0.026694,0.023914,0.0025515,0.034509
8.4082,-0.14255,-0.0079482,0.07656,0.021122,0.0025183,0.034564
8.4179,-0.30143,-0.0072182,0.1309,0.025536,0.0025101,0.034612
8.4277,-0.26318,-0.0064982,0.1892,0.037454,0.0025358,0.034662
8.4375,-0.20983,-0.0057882,0.25013,0.055769,0.0026001,0.034718
8.4472,-0.16574,-0.0050882,0.31163,0.078262,0.0027011,0.034785
8.457,-0.10774,-0.0043882,0.3712,0.10214,0.0028336,0.034863
8.4668,-0.08569,-0.0036982,0.42629,0.12461,0.002989,0.034946
8.4765,-0.10426,-0.0029982,0.47461,0.14334,0.0031579,0.035028
8.4863,-0.10772,-0.0022982,0.51447,0.15687,0.0033286,0.0351
8.4961,-0.1089,-0.0015782,0.54498,0.16466,0.0034965,0.035151
8.5058,-0.059027,-0.00085819,0.56611,0.16713,0.0036501,0.035174
8.5156,-0.048576,-0.00012719,0.57864,0.16534,0.0037858,0.035162
8.5254,-0.024255,0.00060281,0.58395,0.16068,0.0038965,0.035115
8.5351,-0.025395,0.0013298,0.58383,0.15458,0.0039786,0.035033
8.5449,-0.024208,0.0020518,0.58018,0.14821,0.0040286,0.034925
8.5547,-0.02421,0.0027518,0.57479,0.14237,0.0040394,0.034797
8.5644,-0.017278,0.0034418,0.56911,0.13743,0.0040108,0.034661
8.5742,-0.025405,0.0041118,0.56411,0.13339,0.0039358,0.034527
8.584,-0.0010421,0.0047518,0.56018,0.12993,0.0038144,0.034405
8.5937,0.015197,0.0053718,0.55711,0.12656,0.0036358,0.034301
8.6035,0.046492,0.0059518,0.55423,0.12271,0.0034072,0.03422
8.6133,0.084723,0.0065018,0.55061,0.11782,0.0031236,0.034165
8.623,0.12181,0.0070218,0.54524,0.11139,0.0027872,0.034136
8.6328,0.16474,0.0074918,0.53724,0.10303,0.0024022,0.034131
8.6426,0.20534,0.0079118,0.5259,0.092507,0.0019744,0.034148
8.6523,0.26447,0.0082718,0.51062,0.079719,0.0015111,0.034187
8.6621,0.35024,0.0085618,0.4909,0.06474,0.0010229,0.034247
8.6719,0.43606,0.0087918,0.46637,0.047851,0.00052151,0.034327
8.6816,0.51371,0.0089318,0.43682,0.029559,1.9327e-05,0.034431
8.6914,0.58908,0.0089918,0.40222,0.010585,-0.00047017,0.034559
8.7011,0.63433,0.0089518,0.36272,-0.0082028,-0.00093385,0.034717
8.7109,0.62733,0.0088118,0.31859,-0.02589,-0.0013603,0.034905
8.7207,0.62033,0.0085718,0.27019,-0.041638,-0.0017392,0.035127
8.7304,0.56701,0.0082218,0.21795,-0.054809,-0.0020635,0.035382
8.7402,0.55536,0.0077818,0.16233,-0.06506,-0.0023299,0.035666
8.75,0.1019,0.0072418,0.10386,-0.072397,-0.0025378,0.035971
8.7597,0.15408,0.0066218,0.043145,-0.077205,-0.0026914,0.036288
8.7695,0.078674,0.0059218,-0.019091,-0.0802,-0.0027967,0.0366
8.7793,0.16334,0.0051718,-0.081914,-0.082317,-0.0028631,0.036892
8.789,0.22711,0.0043618,-0.1441,-0.08452,-0.0029014,0.037145
8.7988,0.25606,0.0035218,-0.20413,-0.087545,-0.0029221,0.037344
8.8086,0.33834,0.0026618,-0.26024,-0.091711,-0.0029364,0.037474
8.8183,0.35337,0.0017818,-0.31072,-0.09688,-0.0029524,0.037528
8.8281,0.27914,0.00090581,-0.35418,-0.10257,-0.0029767,0.037506
8.8379,0.14226,2.6807e-05,-0.38981,-0.10816,-0.0030146,0.037411
8.8476,0.12712,-0.00084819,-0.41754,-0.11306,-0.0030671,0.037254
8.8574,0.066857,-0.0017082,-0.43804,-0.11688,-0.0031339,0.037051
8.8672,0.032003,-0.0025682,-0.45262,-0.11948,-0.0032124,0.03682
8.8769,0.02384,-0.0034082,-0.46302,-0.121,-0.0032985,0.036578
8.8867,-0.017953,-0.0042282,-0.47111,-0.1218,-0.0033856,0.036343
8.8965,-0.046971,-0.0050382,-0.47853,-0.12234,-0.003466,0.036128
8.9062,-0.044688,-0.0058282,-0.48642,-0.12309,-0.003531,0.035942
8.916,-0.032005,-0.0065982,-0.49516,-0.12431,-0.0035706,0.035791
8.9258,-0.018135,-0.0073482,-0.50446,-0.12607,-0.0035749,0.035676
8.9355,-0.0065999,-0.0080682,-0.51358,-0.12814,-0.0035335,0.035595
8.9453,-0.012442,-0.0087682,-0.52146,-0.13003,-0.0034371,0.035545
8.9551,-0.025274,-0.0094382,-0.52693,-0.13101,-0.0032771,0.035522
8.9648,-0.057772,-0.010058,-0.52881,-0.13021,-0.0030474,0.035521
8.9746,-0.064813,-0.010658,-0.52607,-0.12672,-0.0027449,0.03554
8.9844,-0.081117,-0.011258,-0.51785,-0.11973,-0.0023699,0.035578
8.9941,-0.11243,-0.011806,-0.50362,-0.10866,-0.0019267,0.035635
9.0039,-0.1705,-0.012297,-0.48323,-0.093327,-0.0014239,0.035715
9.0136,-0.25867,-0.012733,-0.45697,-0.073933,-0.00087349,0.035818
9.0234,-0.37127,-0.013105,-0.42544,-0.051138,-0.00029206,0.035949
9.0332,-0.47223,-0.013401,-0.38949,-0.025998,0.00030151,0.036106
9.0429,-0.54655,-0.013611,-0.35007,9.8343e-05,0.00088722,0.03629
9.0527,-0.60224,-0.013723,-0.30809,0.025528,0.0014447,0.036496
9.0625,-0.64754,-0.01373,-0.26442,0.048553,0.0019551,0.036718
9.0722,-0.64762,-0.013624,-0.21982,0.06748,0.0024022,0.036949
9.082,-0.64309,-0.013404,-0.17498,0.080867,0.0027754,0.037179
9.0918,-0.58404,-0.01307,-0.13048,0.087752,0.0030683,0.0374
9.1015,-0.58645,-0.012631,-0.08681,0.087893,0.0032819,0.037602
9.1113,-0.14236,-0.012098,-0.044212,0.081984,0.0034215,0.037781
9.1211,-0.062417,-0.011458,-0.0024974,0.071757,0.0035036,0.037933
9.1308,-0.15295,-0.010858,0.039033,0.059865,0.0035429,0.038061
9.1406,-0.096279,-0.010058,0.081454,0.049439,0.0035536,0.038167
9.1504,-0.19489,-0.0093682,0.12594,0.043399,0.0035608,0.038258
9.1601,-0.33763,-0.0086182,0.17333,0.043784,0.0035751,0.03834
9.1699,-0.33892,-0.0078782,0.22381,0.051307,0.0036072,0.038422
9.1797,-0.26824,-0.0071482,0.27668,0.065253,0.0036679,0.038506
9.1894,-0.21272,-0.0064182,0.33044,0.083747,0.0037572,0.038597
9.1992,-0.13858,-0.0056882,0.38298,0.10426,0.0038679,0.038693
9.209,-0.10045,-0.0049682,0.43199,0.12416,0.0040001,0.038788
9.2187,-0.094717,-0.0042382,0.4754,0.14124,0.0041394,0.038875
9.2285,-0.042671,-0.0034982,0.51171,0.154,0.0042822,0.038946
9.2383,-0.062494,-0.0027482,0.54012,0.16183,0.0044144,0.038991
9.248,-0.068401,-0.0019882,0.56052,0.16488,0.0045358,0.039004
9.2578,-0.059204,-0.0012182,0.57338,0.16389,0.0046358,0.038981
9.2676,-0.047728,-0.00045419,0.5797,0.15993,0.0047108,0.038922
9.2773,-0.042048,0.00031291,0.58079,0.15416,0.0047536,0.038832
9.2871,-0.022452,0.0010728,0.57806,0.14761,0.0047608,0.038719
9.2969,0.00060572,0.0018218,0.57293,0.14105,0.0047322,0.038593
9.3066,0.0051474,0.0025518,0.56662,0.13499,0.0046608,0.038466
9.3164,0.0015583,0.0032618,0.56008,0.1296,0.0045394,0.038349
9.3261,-0.0067315,0.0039518,0.55384,0.12482,0.0043679,0.03825
9.3359,0.012863,0.0046118,0.54796,0.1204,0.0041394,0.038178
9.3457,0.040624,0.0052318,0.54217,0.11594,0.0038572,0.038135
9.3554,0.064823,0.0058218,0.53601,0.11101,0.0035108,0.038122
9.3652,0.10413,0.0063718,0.52891,0.10516,0.003109,0.038139
9.375,0.14343,0.0068718,0.52024,0.097907,0.0026486,0.038182
9.3847,0.19085,0.0073218,0.50923,0.088834,0.0021354,0.038247
9.3945,0.25452,0.0077118,0.49493,0.077579,0.0015758,0.038332
9.4043,0.35648,0.0080318,0.47633,0.063929,0.00097901,0.038434
9.414,0.44561,0.0082918,0.45254,0.047907,0.00035579,0.038552
9.4238,0.54642,0.0084618,0.42296,0.029806,-0.0002799,0.038686
9.4336,0.63437,0.0085518,0.38725,0.010165,-0.00091385,0.038841
9.4433,0.68184,0.0085418,0.34538,-0.010278,-0.0015314,0.039017
9.4531,0.67825,0.0084318,0.29765,-0.030668,-0.0021174,0.03922
9.4629,0.64445,0.0082218,0.24466,-0.050129,-0.0026585,0.039453
9.4726,0.59797,0.0079018,0.18728,-0.067856,-0.0031431,0.039717
9.4824,0.58042,0.0074818,0.12653,-0.08321,-0.0035631,0.040009
9.4922,0.38669,0.0069518,0.063476,-0.0958,-0.0039142,0.040324
9.5019,0.11055,0.0063418,-0.00081051,-0.10552,-0.0041928,0.040652
9.5117,0.14525,0.0056418,-0.065186,-0.11253,-0.0044035,0.040979
9.5215,0.12889,0.0048618,-0.12833,-0.11722,-0.0045535,0.041287
9.5312,0.28994,0.0040318,-0.18874,-0.12013,-0.0046464,0.041558
9.541,0.29101,0.0031418,-0.2448,-0.12184,-0.0046964,0.041774
9.5508,0.31522,0.0022218,-0.29498,-0.12276,-0.0047142,0.041921
9.5605,0.46706,0.0012688,-0.33799,-0.12311,-0.0047106,0.04199
9.5703,0.33703,0.00030331,-0.37309,-0.12294,-0.0046928,0.041979
9.5801,0.21404,-0.00066819,-0.40024,-0.12219,-0.0046749,0.041891
9.5898,0.15826,-0.0016382,-0.42009,-0.12086,-0.0046606,0.041738
9.5996,0.071132,-0.0026082,-0.43388,-0.11903,-0.0046535,0.041535
9.6094,0.018871,-0.0035682,-0.44319,-0.11687,-0.0046571,0.0413
9.6191,-0.035765,-0.0045182,-0.44971,-0.11467,-0.0046714,0.04105
9.6289,-0.045131,-0.0054382,-0.45508,-0.11283,-0.0046928,0.040802
9.6386,-0.068414,-0.0063482,-0.46065,-0.11177,-0.0047142,0.04057
9.6484,-0.059251,-0.0072282,-0.4673,-0.11186,-0.0047321,0.040364
9.6582,-0.044246,-0.0080882,-0.47538,-0.11332,-0.0047285,0.040188
9.6679,-0.039736,-0.0089182,-0.48468,-0.11608,-0.0046999,0.040045
9.6777,-0.028194,-0.0097582,-0.49448,-0.11977,-0.0046285,0.039936
9.6875,-0.039925,-0.010458,-0.50353,-0.12366,-0.0045071,0.039858
9.6972,-0.045812,-0.011258,-0.51029,-0.12676,-0.0043178,0.039808
9.707,-0.058633,-0.011952,-0.51323,-0.12794,-0.0040535,0.039786
9.7168,-0.11444,-0.012634,-0.51118,-0.12613,-0.0037114,0.03979
9.7265,-0.12607,-0.013281,-0.50337,-0.12046,-0.0032842,0.039821
9.7363,-0.13427,-0.013888,-0.48945,-0.11033,-0.0027756,0.039881
9.7461,-0.19002,-0.014449,-0.46931,-0.095515,-0.0021928,0.039971
9.7558,-0.27366,-0.014956,-0.44314,-0.076173,-0.0015474,0.040094
9.7656,-0.39662,-0.015399,-0.41138,-0.0529,-0.00085635,0.040251
9.7754,-0.51497,-0.015767,-0.37463,-0.026698,-0.00014014,0.040441
9.7851,-0.60206,-0.016049,-0.33362,0.001088,0.00057901,0.040661
9.7949,-0.67514,-0.016232,-0.28909,0.028844,0.0012776,0.040907
9.8047,-0.7019,-0.016308,-0.24187,0.054786,0.0019329,0.04117
9.8144,-0.72168,-0.016269,-0.19294,0.077099,0.0025251,0.041443
9.8242,-0.66027,-0.016112,-0.14343,0.094124,0.0030386,0.041716
9.834,-0.61625,-0.015836,-0.094569,0.10461,0.0034644,0.041979
9.8437,-0.60472,-0.015447,-0.047438,0.10799,0.0038144,0.042225
9.8535,-0.13975,-0.014956,-0.002747,0.10458,0.0040394,0.042449
9.8633,-0.054014,-0.014377,0.039442,0.095798,0.0042072,0.042649
9.873,-0.2025,-0.013728,0.0798,0.084008,0.0043108,0.042826
9.8828,-0.11904,-0.013028,0.11956,0.072263,0.0043858,0.042982
9.8926,-0.25246,-0.012297,0.16019,0.06363,0.0044001,0.043125
9.9023,-0.37538,-0.011558,0.20287,0.06045,0.0044251,0.043261
9.9121,-0.38933,-0.010758,0.24811,0.063815,0.0044572,0.043398
9.9219,-0.37663,-0.010058,0.29553,0.073402,0.0045072,0.043538
9.9316,-0.24907,-0.0093082,0.34389,0.087699,0.0045786,0.043686
9.9414,-0.16559,-0.0085682,0.39133,0.10449,0.0046715,0.043837
9.9511,-0.12851,-0.0078282,0.4358,0.1214,0.0047822,0.043988
9.9609,-0.085632,-0.0070882,0.47539,0.13639,0.0049036,0.044128
9.9707,-0.039235,-0.0063482,0.5086,0.14797,0.0050322,0.044249
9.9804,-0.027651,-0.0055882,0.53456,0.15542,0.0051608,0.04434
9.9902,-0.077481,-0.0048282,0.55299,0.15867,0.0052786,0.044393
10,-0.090304,-0.0040482,0.56417,0.15818,0.0053786,0.044404
10.01,-0.063555,-0.0032682,0.56889,0.15472,0.0054572,0.044373
10.02,-0.053142,-0.0024882,0.5684,0.14924,0.0055036,0.044305
10.029,-0.032273,-0.0017082,0.5642,0.14268,0.0055108,0.044207
10.039,-0.010165,-0.00092819,0.55778,0.13578,0.0054786,0.044091
10.049,-0.0020673,-0.00016719,0.55045,0.12906,0.0054001,0.04397
10.059,-0.0020374,0.00058281,0.54318,0.12282,0.0052644,0.043855
10.068,0.025834,0.0013108,0.53647,0.1171,0.0050715,0.043756
10.078,0.031669,0.0020118,0.53035,0.1118,0.0048179,0.043681
10.088,0.045632,0.0026818,0.52445,0.10666,0.0044965,0.043635
10.098,0.058459,0.0033218,0.51817,0.10132,0.0041072,0.043618
10.107,0.080554,0.0039118,0.5108,0.095366,0.0036536,0.04363
10.117,0.13158,0.0044518,0.50156,0.088345,0.0031286,0.043668
10.127,0.17924,0.0049418,0.48964,0.079805,0.0025415,0.043728
10.137,0.24538,0.0053718,0.4742,0.069349,0.0018969,0.043806
10.147,0.33823,0.0057318,0.45444,0.056694,0.0012022,0.043899
10.156,0.47055,0.0060118,0.42964,0.041733,0.00046865,0.044006
10.166,0.55756,0.0062218,0.39923,0.024568,-0.00029168,0.044127
10.176,0.65978,0.0063318,0.36286,0.0055135,-0.0010646,0.044265
10.186,0.7155,0.0063618,0.32044,-0.014898,-0.0018346,0.044425
10.195,0.70866,0.0062818,0.2723,-0.035972,-0.002586,0.04461
10.205,0.68792,0.0061118,0.21906,-0.056938,-0.0033031,0.044828
10.215,0.59868,0.0058318,0.16159,-0.077028,-0.0039714,0.04508
10.225,0.60231,0.0054518,0.10086,-0.095559,-0.0045785,0.045368
10.234,0.59892,0.0049718,0.037937,-0.11198,-0.0051178,0.045688
10.244,0.080683,0.0043918,-0.026072,-0.1259,-0.0055785,0.046032
10.254,0.14228,0.0037218,-0.089862,-0.13703,-0.0059606,0.046387
10.264,0.19928,0.0029618,-0.15194,-0.14524,-0.0062606,0.046737
10.273,0.41046,0.0021318,-0.21066,-0.15055,-0.0064856,0.047062
10.283,0.29229,0.0012298,-0.26422,-0.1531,-0.0066392,0.047344
10.293,0.3748,0.00027491,-0.31088,-0.15308,-0.0067285,0.047566
10.303,0.45381,-0.00072819,-0.34929,-0.15076,-0.0067678,0.047717
10.313,0.43772,-0.0017582,-0.3788,-0.14645,-0.0067642,0.047792
10.322,0.20946,-0.0028182,-0.39962,-0.14058,-0.0067285,0.047795
10.332,0.17828,-0.0038982,-0.41287,-0.13365,-0.0066678,0.047732
10.342,0.10426,-0.0049882,-0.42039,-0.12628,-0.0065928,0.047618
10.352,0.038366,-0.0060682,-0.42434,-0.11912,-0.0065106,0.047468
10.361,-0.019497,-0.0071482,-0.42689,-0.11278,-0.0064214,0.047297
10.371,-0.049426,-0.0082082,-0.42991,-0.10783,-0.0063321,0.04712
10.381,-0.067762,-0.0092482,-0.43477,-0.10471,-0.0062356,0.046949
10.391,-0.067617,-0.010258,-0.44204,-0.10365,-0.0061321,0.04679
10.4,-0.063906,-0.011258,-0.45154,-0.10466,-0.0060106,0.046647
10.41,-0.063707,-0.012216,-0.4625,-0.10748,-0.0058714,0.046522
10.42,-0.057711,-0.01314,-0.47368,-0.11155,-0.0056999,0.046413
10.43,-0.069144,-0.014029,-0.48346,-0.116,-0.0054892,0.046318
10.439,-0.064282,-0.01488,-0.49011,-0.11974,-0.0052321,0.046234
10.449,-0.067539,-0.015694,-0.4921,-0.12159,-0.0049214,0.046161
10.459,-0.08704,-0.016468,-0.48833,-0.12043,-0.0045499,0.046099
10.469,-0.13898,-0.017199,-0.47825,-0.11539,-0.0041249,0.046052
10.479,-0.18403,-0.017883,-0.46181,-0.10591,-0.0036481,0.046022
10.488,-0.19308,-0.018514,-0.43945,-0.0919,-0.0031278,0.046015
10.498,-0.27522,-0.019085,-0.412,-0.073759,-0.0025781,0.046035
10.508,-0.3643,-0.019587,-0.3806,-0.052378,-0.0020171,0.046086
10.518,-0.46378,-0.020012,-0.34661,-0.029098,-0.0014649,0.046169
10.527,-0.55058,-0.02035,-0.31149,-0.0056164,-0.00094349,0.046284
10.537,-0.59211,-0.020592,-0.27673,0.016134,-0.00047417,0.046426
10.547,-0.62547,-0.020732,-0.24382,0.034134,-7.6566e-05,0.04659
10.557,-0.60202,-0.020765,-0.21421,0.046474,0.00023401,0.046766
10.566,-0.5798,-0.020691,-0.18916,0.051593,0.00044758,0.046944
10.576,-0.22584,-0.020515,-0.16957,0.048548,0.00056115,0.047116
10.586,-0.057513,-0.020247,-0.15574,0.037281,0.00057829,0.047273
10.596,-0.096713,-0.019902,-0.14722,0.01882,0.00051115,0.047408
10.605,-0.0071938,-0.019496,-0.14275,-0.0046682,0.00037651,0.047519
10.615,0.037115,-0.019053,-0.14045,-0.030116,0.00019686,0.047607
10.625,0.096474,-0.018594,-0.13807,-0.05411,-3.9943e-06,0.047678
10.635,0.10829,-0.01814,-0.13347,-0.073537,-0.00020196,0.047737
10.645,0.091122,-0.017708,-0.12489,-0.086094,-0.00037632,0.047793
10.654,0.071629,-0.017309,-0.11122,-0.090557,-0.00051103,0.047854
10.664,0.062584,-0.016952,-0.092094,-0.086827,-0.00059603,0.047924
10.674,0.04304,-0.016638,-0.067755,-0.075794,-0.00062778,0.048007
10.684,0.010813,-0.016363,-0.038959,-0.059098,-0.00060857,0.048101
10.693,0.0040852,-0.016121,-0.0067746,-0.038825,-0.00054614,0.048204
10.703,-0.0015444,-0.015901,0.027587,-0.017182,-0.0004516,0.04831
10.713,0.013724,-0.015695,0.06291,0.0038027,-0.00033817,0.048411
10.723,-0.0046002,-0.015492,0.098029,0.022494,-0.00021946,0.048502
10.732,-0.025245,-0.015284,0.13186,0.037775,-0.00010792,0.048576
10.742,-0.055206,-0.015067,0.16352,0.049106,-1.3816e-05,0.048628
10.752,-0.090966,-0.014837,0.19247,0.056517,5.5506e-05,0.048657
10.762,-0.086116,-0.014594,0.21849,0.060502,9.597e-05,0.048662
10.772,-0.044219,-0.014341,0.24165,0.061838,0.00010686,0.048647
10.781,-0.027785,-0.014081,0.26208,0.061371,8.972e-05,0.048617
10.791,0.010684,-0.013818,0.27985,0.059841,4.9006e-05,0.048576
10.801,0.016664,-0.013559,0.29491,0.057778,-9.5657e-06,0.048533
10.811,0.0075756,-0.013307,0.30707,0.055497,-7.9851e-05,0.048494
10.82,0.013551,-0.013068,0.31615,0.053169,-0.00015453,0.048464
10.83,0.01605,-0.012845,0.32208,0.050926,-0.00022717,0.048449
10.84,0.012751,-0.012642,0.32506,0.04897,-0.00029185,0.048452
10.85,0.041891,-0.012461,0.32565,0.047626,-0.00034385,0.048473
10.859,0.058296,-0.012303,0.32473,0.047325,-0.00037996,0.048511
10.869,0.06192,-0.012168,0.32342,0.048495,-0.00039882,0.048564
10.879,0.057418,-0.012055,0.32279,0.051422,-0.00040085,0.048628
10.889,0.048304,-0.011962,0.32367,0.056112,-0.0003886,0.048696
10.898,0.031064,-0.011885,0.32646,0.062215,-0.00036599,0.048762
10.908,-0.0024313,-0.011821,0.33114,0.069043,-0.00033817,0.048819
10.918,-0.037108,-0.011766,0.33722,0.075694,-0.00031064,0.048864
10.928,-0.049754,-0.011716,0.34395,0.081239,-0.00028864,0.048892
10.938,-0.068151,-0.01167,0.35038,0.084907,-0.00027627,0.048901
10.947,-0.065701,-0.011658,0.35555,0.086233,-0.00027613,0.048893
10.957,-0.04587,-0.011558,0.3585,0.08511,-0.00028894,0.04887
10.967,-0.033026,-0.011558,0.35846,0.081756,-0.00031364,0.048838
10.977,0.012349,-0.011558,0.35483,0.076616,-0.00034757,0.048801
10.986,0.040291,-0.011558,0.34726,0.07024,-0.00038703,0.048766
10.996,0.047327,-0.011558,0.33556,0.063169,-0.00042782,0.048738
11.006,0.050938,-0.011558,0.31971,0.055866,-0.00046567,0.04872
11.016,0.052169,-0.011558,0.29999,0.048704,-0.00049685,0.048716
11.025,0.047602,-0.011658,0.27689,0.041932,-0.00051853,0.048727
11.035,0.031487,-0.011746,0.25101,0.035685,-0.00052899,0.048753
11.045,0.023395,-0.011855,0.22304,0.030012,-0.00052767,0.04879
11.055,0.03273,-0.011982,0.19377,0.024928,-0.00051535,0.048838
11.064,0.028192,-0.012123,0.16404,0.020421,-0.00049378,0.048891
11.074,0.027069,-0.012275,0.13461,0.016411,-0.00046567,0.048945
11.084,0.029504,-0.012433,0.10598,0.012725,-0.00043439,0.048995
11.094,0.0040522,-0.012593,0.078411,0.0091102,-0.00040349,0.049039
11.104,-0.021405,-0.012751,0.052003,0.0052847,-0.00037653,0.049071
11.113,-0.0272,-0.012903,0.026815,0.00099027,-0.0003566,0.04909
11.123,-0.035281,-0.013048,0.0029534,-0.0039506,-0.00034596,0.049095
11.133,-0.03871,-0.013183,-0.01949,-0.0096122,-0.00034596,0.049086
11.143,-0.028227,-0.013308,-0.04055,-0.015962,-0.00035667,0.049065
11.152,-0.0084858,-0.013423,-0.060363,-0.02285,-0.0003771,0.049035
11.162,0.00079704,-0.01353,-0.079065,-0.030014,-0.00040517,0.049
11.172,0.027518,-0.013629,-0.096714,-0.037121,-0.00043814,0.048963
11.182,0.047199,-0.013723,-0.11332,-0.043825,-0.00047278,0.048929
11.191,0.049539,-0.013815,-0.12884,-0.049808,-0.00050599,0.048901
11.201,0.040332,-0.013905,-0.14315,-0.054812,-0.00053457,0.048881
11.211,0.032214,-0.013995,-0.15609,-0.058672,-0.00055635,0.04887
11.221,0.029886,-0.014085,-0.16757,-0.06135,-0.00056974,0.048869
11.23,0.014776,-0.014175,-0.17752,-0.062924,-0.00057421,0.048877
11.24,0.010118,-0.014263,-0.18586,-0.063565,-0.00056996,0.048893
11.25,0.0066369,-0.014347,-0.19257,-0.063499,-0.00055803,0.048916
11.26,0.012462,-0.014425,-0.19766,-0.062969,-0.00054003,0.048944
11.27,0.015913,-0.014494,-0.20116,-0.062181,-0.00051799,0.048974
11.279,0.013511,-0.014551,-0.20307,-0.061258,-0.00049399,0.049004
11.289,0.018192,-0.014596,-0.20333,-0.060217,-0.00047014,0.049032
11.299,0.010036,-0.014626,-0.20181,-0.059004,-0.00044832,0.049055
11.309,-0.0015869,-0.01464,-0.1984,-0.057571,-0.00043007,0.049073
11.318,-0.006273,-0.014639,-0.19309,-0.05592,-0.00041657,0.049085
11.328,-0.0074522,-0.014622,-0.18587,-0.05409,-0.00040853,0.049089
11.338,-0.014525,-0.01459,-0.17667,-0.052122,-0.0004061,0.049086
11.348,-0.019178,-0.014545,-0.16539,-0.05004,-0.00040903,0.049077
11.357,-0.018087,-0.014487,-0.15202,-0.047854,-0.00041635,0.049064
11.367,-0.01581,-0.01442,-0.13669,-0.045554,-0.00042682,0.049048
11.377,-0.0065549,-0.014345,-0.11957,-0.043079,-0.00043874,0.049033
11.387,0.015428,-0.014265,-0.10089,-0.040307,-0.00045032,0.049019
11.397,0.028098,-0.014182,-0.08088,-0.037085,-0.00045978,0.049009
11.406,0.031502,-0.014098,-0.059854,-0.03327,-0.00046564,0.049004
11.416,0.030297,-0.014015,-0.038168,-0.028774,-0.00046689,0.049004
11.426,0.029089,-0.013935,-0.016254,-0.023596,-0.0004631,0.049011
11.436,0.032487,-0.013857,0.0054188,-0.017823,-0.00045453,0.049024
11.445,0.031227,-0.013781,0.026424,-0.011612,-0.00044214,0.049042
11.455,0.024217,-0.013706,0.046444,-0.0051752,-0.00042735,0.049063
11.465,0.011359,-0.013632,0.065282,0.0012276,-0.00041207,0.049088
11.475,-0.0072402,-0.013557,0.082838,0.0073216,-0.00039828,0.049114
11.484,-0.023566,-0.01348,0.099086,0.01286,-0.00038789,0.049139
11.494,-0.027164,-0.013401,0.11404,0.017659,-0.00038242,0.049161
11.504,-0.026061,-0.013321,0.12773,0.021621,-0.00038282,0.049179
11.514,-0.016838,-0.013238,0.14025,0.024738,-0.00038935,0.049191
11.523,-0.0018728,-0.013156,0.15167,0.027079,-0.0004016,0.049197
11.533,0.0073076,-0.013076,0.16207,0.028772,-0.00041842,0.049196
11.543,0.0083564,-0.012999,0.17147,0.029971,-0.00043814,0.049189
11.553,0.0083038,-0.01293,0.17983,0.030816,-0.00045885,0.049176
11.563,0.01282,-0.012869,0.18701,0.031391,-0.00047778,0.049161
11.572,0.0081147,-0.012819,0.19277,0.031725,-0.00049328,0.049143
11.582,0.012628,-0.012783,0.19686,0.031818,-0.00050317,0.049126
11.592,0.010201,-0.012761,0.19899,0.031659,-0.00050589,0.049111
11.602,0.018229,-0.012754,0.19889,0.031243,-0.00050032,0.049101
11.611,0.019318,-0.012763,0.19636,0.030574,-0.00048599,0.049096
11.621,0.015702,-0.012786,0.19125,0.029659,-0.00046317,0.049097
11.631,0.010991,-0.012823,0.18358,0.028497,-0.00043278,0.049103
11.641,0.0004391,-0.012872,0.17349,0.027066,-0.00039635,0.049114
11.65,0.0038065,-0.012931,0.16128,0.025316,-0.00035603,0.049127
11.66,-0.0020968,-0.012996,0.14735,0.023189,-0.00031424,0.04914
11.67,0.00012944,-0.013066,0.13224,0.020655,-0.00027352,0.049152
11.68,-0.011563,-0.013137,0.11652,0.017734,-0.00023634,0.049161
11.689,-0.0093394,-0.013206,0.10079,0.014487,-0.00020485,0.049166
11.699,-0.0047943,-0.013273,0.08548,0.010985,-0.00018067,0.049165
11.709,0.0043205,-0.013335,0.070853,0.00729,-0.00016499,0.049159
11.719,0.011195,-0.013391,0.056999,0.0034651,-0.00015817,0.049148
11.729,0.0041566,-0.013442,0.043908,-0.00041399,-0.00016017,0.049133
11.738,-0.0017959,-0.013486,0.031496,-0.0042626,-0.00017017,0.049116
11.748,-0.0041814,-0.013526,0.019615,-0.008005,-0.00018703,0.049098
11.758,-0.0089369,-0.013561,0.0080846,-0.011585,-0.00020921,0.049081
11.768,-0.0067152,-0.013593,-0.00324,-0.014963,-0.00023506,0.049067
11.777,-0.0021674,-0.013622,-0.014445,-0.018112,-0.00026283,0.049056
11.787,0.0011977,-0.01365,-0.025587,-0.021025,-0.00029089,0.049049
11.797,0.011493,-0.013677,-0.036633,-0.023697,-0.00031785,0.049046
11.807,0.013719,-0.013704,-0.047389,-0.0261,-0.00034253,0.049047
11.816,0.012475,-0.01373,-0.057481,-0.028166,-0.00036421,0.049052
11.826,0.0089017,-0.013757,-0.066436,-0.029804,-0.00038246,0.04906
11.836,0.015736,-0.013783,-0.073805,-0.030929,-0.00039714,0.049069
11.846,0.016774,-0.013807,-0.079228,-0.031492,-0.00040864,0.049078
11.855,0.01786,-0.013829,-0.08248,-0.031507,-0.00041742,0.049087
11.865,0.0061639,-0.013848,-0.08348,-0.03104,-0.00042439,0.049093
11.875,-0.018299,-0.013861,-0.082257,-0.030192,-0.00043021,0.049097
11.885,-0.026521,-0.013868,-0.078903,-0.029071,-0.00043574,0.049097
11.895,-0.027808,-0.013868,-0.073587,-0.027788,-0.00044164,0.049095
11.904,-0.012801,-0.01386,-0.066601,-0.026458,-0.00044824,0.04909
11.914,-0.015178,-0.013844,-0.058357,-0.025178,-0.00045564,0.049084
11.924,-0.0060556,-0.013822,-0.049323,-0.023989,-0.0004636,0.049076
11.934,-0.0037807,-0.013794,-0.039908,-0.022861,-0.00047164,0.049069
11.943,0.0053852,-0.013761,-0.030362,-0.021704,-0.00047899,0.049062
11.953,0.011092,-0.013725,-0.020818,-0.020415,-0.00048496,0.049057
11.963,0.0098101,-0.013687,-0.011385,-0.018923,-0.00048882,0.049054
11.973,0.013236,-0.013649,-0.0021559,-0.017182,-0.00049007,0.049053
11.982,0.0061594,-0.013612,0.0068357,-0.015158,-0.00048839,0.049056
11.992,0.014198,-0.013575,0.015593,-0.01285,-0.00048378,0.049063
12.002,0.016438,-0.013541,0.024097,-0.010302,-0.00047657,0.049073
12.012,0.016352,-0.013507,0.03229,-0.0075997,-0.00046735,0.049087
12.022,0.0012092,-0.013476,0.040129,-0.0048321,-0.00045703,0.049104
12.031,-0.0046715,-0.013445,0.047673,-0.0020678,-0.00044657,0.049122
12.041,-0.0082638,-0.013415,0.055045,0.000631,-0.00043703,0.049141
12.051,-0.011815,-0.013384,0.062334,0.0031858,-0.00042957,0.04916
12.061,-0.010708,-0.013354,0.069554,0.0055119,-0.00042499,0.049176
12.07,-0.014301,-0.013323,0.076703,0.0075553,-0.00042403,0.04919
12.08,-0.0097229,-0.013291,0.083784,0.0093071,-0.00042699,0.049199
12.09,-0.0074755,-0.013259,0.090789,0.010788,-0.00043396,0.049204
12.1,0.00057738,-0.013228,0.09764,0.012019,-0.00044457,0.049204
12.109,-0.0041523,-0.013197,0.10415,0.013001,-0.00045814,0.049201
12.119,-0.0053636,-0.013169,0.11007,0.013727,-0.00047382,0.049194
12.129,-0.0020134,-0.013144,0.11507,0.014187,-0.00049049,0.049185
12.139,0.0095583,-0.013123,0.11883,0.014369,-0.00050703,0.049174
12.148,0.0083014,-0.013107,0.12095,0.014253,-0.00052221,0.049164
12.158,0.009426,-0.013098,0.12109,0.013831,-0.00053507,0.049155
12.168,0.012829,-0.013095,0.11907,0.013128,-0.00054471,0.049148
12.178,0.0092998,-0.013099,0.11485,0.01219,-0.00055064,0.049144
12.188,0.010379,-0.01311,0.10859,0.011056,-0.00055267,0.049143
12.197,0.0068497,-0.013129,0.10053,0.0097353,-0.00055103,0.049145
12.207,0.0044619,-0.013153,0.091031,0.0082137,-0.00054621,0.04915
12.217,-0.0083643,-0.013182,0.080504,0.006485,-0.00053907,0.049156
12.227,-0.008379,-0.013214,0.069469,0.0045819,-0.00053046,0.049164
12.236,-0.011895,-0.013249,0.058497,0.0025737,-0.00052146,0.049173
12.246,-0.0073438,-0.013285,0.048118,0.00053798,-0.00051296,0.04918
12.256,-0.0073939,-0.013322,0.038711,-0.001468,-0.00050574,0.049185
12.266,-0.010905,-0.013357,0.030469,-0.0034117,-0.00050042,0.049188
12.275,-0.0028795,-0.01339,0.023418,-0.0052786,-0.00049728,0.049188
12.285,-0.001735,-0.013422,0.01746,-0.0070692,-0.00049635,0.049184
12.295,-0.00063896,-0.01345,0.012383,-0.0088014,-0.00049735,0.049178
12.305,-0.0064814,-0.013477,0.0079,-0.010504,-0.00049974,0.049168
12.314,-0.0064723,-0.013501,0.0037069,-0.012199,-0.00050274,0.049158
12.324,-0.011165,-0.013524,-0.00047414,-0.013891,-0.00050542,0.049146
12.334,0.0015704,-0.013546,-0.004848,-0.015566,-0.00050685,0.049135
12.344,0.001534,-0.013567,-0.0094945,-0.017184,-0.00050607,0.049126
12.354,0.0061091,-0.013588,-0.014352,-0.018682,-0.00050235,0.049118
12.363,0.0060757,-0.013609,-0.019247,-0.019978,-0.00049514,0.049113
12.373,0.0049038,-0.01363,-0.023933,-0.020987,-0.00048414,0.049111
12.383,0.0072033,-0.013651,-0.028116,-0.021632,-0.00046942,0.049112
12.393,0.0071743,-0.013672,-0.031477,-0.021864,-0.00045142,0.049115
12.402,0.0059567,-0.013691,-0.033695,-0.021665,-0.00043085,0.049119
12.412,0.00014059,-0.013708,-0.034464,-0.02104,-0.00040864,0.049125
12.422,0.0012959,-0.013721,-0.033556,-0.020021,-0.00038589,0.049131
12.432,-0.0080374,-0.013729,-0.030875,-0.018679,-0.00036367,0.049137
12.441,-0.0080093,-0.013732,-0.026448,-0.017105,-0.00034314,0.049141
12.451,-0.01501,-0.013729,-0.020402,-0.0154,-0.00032528,0.049143
12.461,-0.015029,-0.013719,-0.012982,-0.013659,-0.00031021,0.049144
12.471,-0.01158,-0.013703,-0.0045445,-0.011969,-0.00029874,0.049142
12.48,-0.0092732,-0.013681,0.0044744,-0.010399,-0.00029073,0.049139
12.49,-0.0046784,-0.013654,0.013643,-0.0089825,-0.00028584,0.049134
12.5,-0.0093022,-0.013624,0.022598,-0.0077138,-0.00028359,0.049128
12.51,-0.0047047,-0.013591,0.031084,-0.0065512,-0.00028331,0.049121
12.52,-0.0035259,-0.013558,0.038981,-0.0054314,-0.00028436,0.049115
12.529,0.0080541,-0.013526,0.04627,-0.0042964,-0.00028614,0.049109
12.539,0.0091853,-0.013496,0.052932,-0.0031194,-0.00028822,0.049105
12.549,0.0091778,-0.013468,0.058901,-0.0019006,-0.00029037,0.049102
12.559,0.0068915,-0.013443,0.064112,-0.00064578,-0.00029257,0.0491
12.568,0.0091664,-0.013421,0.068543,0.00064155,-0.00029503,0.049101
12.578,0.010349,-0.013402,0.0722,0.0019439,-0.0002981,0.049104
12.588,0.0045497,-0.013386,0.075109,0.0032226,-0.00030242,0.04911
12.598,0.0022181,-0.013371,0.077339,0.0044294,-0.00030842,0.049118
12.607,-0.0093724,-0.013357,0.079005,0.0055156,-0.00031685,0.049129
12.617,-0.010512,-0.013344,0.080198,0.0064193,-0.00032814,0.049142
12.627,-0.016348,-0.013331,0.08095,0.0070674,-0.00034257,0.049158
12.637,-0.010507,-0.013317,0.081241,0.0073927,-0.00036017,0.049176
12.647,-0.015154,-0.013304,0.081011,0.0073542,-0.00038067,0.049195
12.656,-0.0058889,-0.013291,0.080161,0.006945,-0.00040349,0.049216
12.666,-0.0035531,-0.013279,0.078528,0.0061769,-0.00042778,0.049237
12.676,0.0022436,-0.013269,0.07591,0.0050668,-0.00045242,0.049258
12.686,0.0033914,-0.013262,0.072147,0.0036487,-0.00047628,0.049278
12.695,0.0057301,-0.01326,0.067242,0.0019974,-0.00049821,0.049295
12.705,0.0057397,-0.013262,0.061382,0.00022437,-0.0005171,0.04931
12.715,0.0069402,-0.01327,0.054833,-0.0015643,-0.00053214,0.049321
12.725,0.0092316,-0.013285,0.047836,-0.0033016,-0.00054271,0.049329
12.734,0.0034438,-0.013305,0.040572,-0.0049621,-0.0005486,0.049333
12.744,0.004647,-0.01333,0.033186,-0.0065415,-0.00054985,0.049333
12.754,-0.0023191,-0.013359,0.025821,-0.0080353,-0.00054678,0.04933
12.764,2.5639e-05,-0.013392,0.018642,-0.0094288,-0.00053996,0.049325
12.773,-0.0045688,-0.013428,0.011822,-0.010706,-0.00053024,0.049317
12.783,-0.0068825,-0.013464,0.00552,-0.011863,-0.00051853,0.049307
12.793,7.4503e-05,-0.0135,-0.00013051,-0.012903,-0.00050571,0.049296
12.803,-0.0045677,-0.013534,-0.0050068,-0.013824,-0.00049278,0.049284
12.813,-0.0045493,-0.013565,-0.0089866,-0.01461,-0.00048046,0.049273
12.822,-0.0022001,-0.013593,-0.011956,-0.015244,-0.00046946,0.049262
12.832,0.0047997,-0.013616,-0.013848,-0.015716,-0.00046024,0.049252
12.842,-0.0021128,-0.013635,-0.014671,-0.016036,-0.00045296,0.049244
12.852,-0.0021387,-0.013649,-0.014525,-0.016221,-0.00044767,0.049238
12.861,-0.004397,-0.013659,-0.013581,-0.016293,-0.00044414,0.049235
12.871,-0.0020947,-0.013664,-0.012056,-0.016275,-0.00044207,0.049234
12.881,0.00025819,-0.013666,-0.010171,-0.016183,-0.00044103,0.049237
12.891,-0.0020484,-0.013665,-0.0081148,-0.016024,-0.00044049,0.049242
12.9,0.0014456,-0.013661,-0.0060218,-0.015793,-0.00044007,0.049249
12.91,0.00379,-0.013655,-0.0039741,-0.015479,-0.00043942,0.049259
12.92,0.003865,-0.013647,-0.0020065,-0.01507,-0.00043839,0.049269
12.93,0.0027004,-0.013637,-9.5008e-05,-0.014555,-0.00043689,0.049279
12.939,0.0061963,-0.013626,0.0018507,-0.013919,-0.0004351,0.049289
12.949,0.00043266,-0.013613,0.0039825,-0.013139,-0.00043332,0.049298
12.959,0.0062494,-0.013599,0.0064938,-0.012187,-0.00043192,0.049306
12.969,-0.0030334,-0.013582,0.0095813,-0.011049,-0.00043135,0.049312
12.979,-0.0030059,-0.013563,0.013404,-0.0097276,-0.00043214,0.049317
12.988,-0.00060097,-0.013542,0.018057,-0.0082459,-0.00043471,0.049319
12.998,-0.00061971,-0.013518,0.02356,-0.0066395,-0.00043939,0.04932
13.008,-0.0063911,-0.013492,0.029837,-0.0049563,-0.00044635,0.04932
13.018,-0.0063122,-0.013464,0.036711,-0.0032597,-0.00045564,0.049319
13.027,-0.005143,-0.013434,0.043913,-0.0016254,-0.00046703,0.049317
13.037,-0.0085835,-0.013404,0.051126,-0.00012637,-0.00048014,0.049315
13.047,-0.0050838,-0.013375,0.058022,0.0011797,-0.00049439,0.049313
13.057,-0.0050538,-0.013347,0.064278,0.0022522,-0.00050907,0.049312
13.066,0.0030964,-0.013322,0.069579,0.0030614,-0.00052339,0.049311
13.076,0.0031269,-0.013301,0.073644,0.0035892,-0.00053646,0.049312
13.086,0.0089575,-0.013285,0.076254,0.0038316,-0.00054749,0.049313
13.096,0.0054683,-0.013275,0.077273,0.0038014,-0.00055585,0.049316
13.105,0.0067393,-0.013271,0.076679,0.0035315,-0.00056103,0.049319
13.115,0.0067205,-0.013273,0.074565,0.0030688,-0.00056267,0.049322
13.125,0.0044217,-0.013282,0.071118,0.0024588,-0.00056074,0.049325
13.135,0.0033131,-0.013296,0.066593,0.0017383,-0.00055546,0.049327
13.145,-0.0024454,-0.013315,0.06129,0.00093749,-0.00054714,0.049328
13.154,0.0033762,-0.013337,0.055537,8.0759e-05,-0.00053642,0.049328
13.164,-0.0001021,-0.013362,0.049667,-0.00081534,-0.00052396,0.049326
13.174,0.0034396,-0.013389,0.043983,-0.0017421,-0.00051028,0.049323
13.184,-0.0081586,-0.013415,0.038737,-0.0026904,-0.00049657,0.049318
13.193,-0.0080868,-0.01344,0.034125,-0.0036408,-0.00048289,0.049312
13.203,-0.010378,-0.013464,0.03027,-0.0045674,-0.00046982,0.049304
13.213,-0.0045531,-0.013486,0.027207,-0.0054465,-0.00045764,0.049297
13.223,-0.0045213,-0.013506,0.02489,-0.0062605,-0.00044646,0.049289
13.232,-0.0067695,-0.013523,0.023215,-0.0069941,-0.00043621,0.049283
13.242,-0.00098777,-0.013539,0.022035,-0.0076371,-0.00042671,0.049277
13.252,-0.0020961,-0.013553,0.021164,-0.0081935,-0.00041814,0.049273
13.262,0.0014056,-0.013565,0.020395,-0.0086878,-0.00040964,0.049271
13.272,0.0014372,-0.013577,0.01953,-0.0091578,-0.00040164,0.049271
13.281,0.0026487,-0.013588,0.01841,-0.009635,-0.00039392,0.049271
13.291,0.00035704,-0.013599,0.016945,-0.01013,-0.00038657,0.049273
13.301,0.0061813,-0.013609,0.015107,-0.010635,-0.00037971,0.049276
13.311,0.0062125,-0.013618,0.01293,-0.011132,-0.00037367,0.049278
13.32,0.0027735,-0.013626,0.010505,-0.011599,-0.00036874,0.049281
13.33,0.0039443,-0.013633,0.007983,-0.012011,-0.00036542,0.049283
13.34,-0.00067496,-0.013637,0.0055597,-0.012337,-0.0003641,0.049285
13.35,-0.00064443,-0.01364,0.0034623,-0.012547,-0.00036517,0.049286
13.359,-0.011064,-0.01364,0.001929,-0.012617,-0.00036903,0.049286
13.369,0.00055608,-0.013637,0.0011867,-0.012532,-0.00037582,0.049285
13.379,-0.004024,-0.013632,0.0014175,-0.012287,-0.00038549,0.049284
13.389,0.0029458,-0.013623,0.0027293,-0.011877,-0.00039785,0.049283
13.398,-0.0027747,-0.013612,0.005147,-0.011308,-0.00041239,0.049283
13.408,0.0030045,-0.013598,0.0085965,-0.010592,-0.00042832,0.049283
13.418,-0.0015764,-0.013583,0.012898,-0.0097579,-0.00044478,0.049284
13.428,-0.0038777,-0.013567,0.017807,-0.0088349,-0.00046057,0.049287
13.438,-0.0038492,-0.013552,0.023058,-0.0078469,-0.00047449,0.04929
13.447,0.001979,-0.013537,0.028376,-0.0068195,-0.00048532,0.049295
13.457,0.003147,-0.013525,0.033479,-0.0057903,-0.00049196,0.049302
13.467,-0.00029541,-0.013515,0.038111,-0.0048063,-0.00049339,0.04931
13.477,0.0078519,-0.013509,0.042078,-0.00391,-0.00048889,0.04932
13.486,-0.00024107,-0.013506,0.04527,-0.0031296,-0.00047807,0.04933
13.496,0.0032956,-0.013508,0.047654,-0.0024786,-0.00046089,0.049342
13.506,0.00095197,-0.013514,0.049262,-0.0019645,-0.00043753,0.049353
13.516,0.002168,-0.013523,0.050179,-0.0015896,-0.00040871,0.049363
13.525,0.0021936,-0.013535,0.050542,-0.0013421,-0.00037528,0.049371
13.535,-0.00011107,-0.01355,0.050529,-0.0011941,-0.00033846,0.049378
13.545,-8.6145e-05,-0.013567,0.050333,-0.0011085,-0.00029957,0.049382
13.555,-0.0023916,-0.013584,0.05012,-0.0010522,-0.00026006,0.049383
13.564,0.0069426,-0.013601,0.050016,-0.0010033,-0.00022146,0.049381
13.574,0.0011733,-0.013616,0.050094,-0.00095283,-0.00018517,0.049377
13.584,-0.0057403,-0.013629,0.050379,-0.00090318,-0.00015253,0.049371
13.594,-0.0022473,-0.013639,0.050826,-0.00086918,-0.0001246,0.049363
13.604,-0.0046048,-0.013646,0.051311,-0.00088047,-0.00010224,0.049355
13.613,-0.0057226,-0.01365,0.05166,-0.00096962,-8.6066e-05,0.049347
13.623,0.0070791,-0.013649,0.051688,-0.0011605,-7.6351e-05,0.049339
13.633,-0.0045397,-0.013645,0.051216,-0.0014642,-7.3137e-05,0.049332
13.643,0.0024712,-0.013638,0.050099,-0.001881,-7.628e-05,0.049327
13.652,0.0036315,-0.013628,0.048232,-0.0024117,-8.5387e-05,0.049323
13.662,0.0094414,-0.013615,0.045545,-0.0030618,-9.9994e-05,0.049321
13.672,0.0060409,-0.013601,0.042031,-0.0038328,-0.00011946,0.04932
13.682,-0.0032501,-0.013585,0.037779,-0.004709,-0.00014317,0.04932
13.691,0.0037084,-0.013568,0.032984,-0.0056531,-0.00017046,0.04932
13.701,0.0025864,-0.01355,0.027911,-0.0066154,-0.0002006,0.049321
13.711,0.002604,-0.013531,0.022879,-0.0075387,-0.00023292,0.049321
13.721,0.001431,-0.013511,0.018226,-0.0083646,-0.00026674,0.04932
13.73,-0.0054424,-0.013491,0.014269,-0.009043,-0.00030142,0.049319
13.74,-0.00081638,-0.013471,0.011262,-0.0095394,-0.00033635,0.049317
13.75,-0.0054108,-0.013451,0.0093775,-0.0098387,-0.00037092,0.049313
13.76,-0.010096,-0.013431,0.0086946,-0.0099406,-0.00040457,0.049309
13.77,-0.0042413,-0.013411,0.0092001,-0.0098555,-0.00043671,0.049304
13.779,-0.0030873,-0.013392,0.010795,-0.0095996,-0.00046689,0.049298
13.789,-0.0054038,-0.013374,0.01331,-0.0091952,-0.00049457,0.049293
13.799,0.0050592,-0.013356,0.016522,-0.0086705,-0.00051939,0.049287
13.809,-0.0018584,-0.013341,0.020184,-0.0080571,-0.00054107,0.049283
13.818,0.0050835,-0.013327,0.024048,-0.007388,-0.00055932,0.049279
13.828,0.012082,-0.013315,0.027862,-0.0066988,-0.00057403,0.049276
13.838,0.0062457,-0.013306,0.031392,-0.0060257,-0.00058517,0.049276
13.848,0.00046594,-0.013299,0.034448,-0.0053991,-0.00059285,0.049277
13.857,0.0016627,-0.013296,0.036893,-0.0048432,-0.00059721,0.04928
13.867,0.0051348,-0.013295,0.038634,-0.0043766,-0.00059846,0.049285
13.877,0.0016335,-0.013297,0.039643,-0.0040098,-0.00059689,0.049291
13.887,0.0040115,-0.013303,0.039963,-0.0037441,-0.00059274,0.049299
13.897,-0.00063094,-0.013311,0.0397,-0.0035741,-0.00058646,0.049307
13.906,0.002846,-0.013322,0.039009,-0.0034877,-0.00057824,0.049316
13.916,-0.0040876,-0.013335,0.038088,-0.0034634,-0.00056846,0.049324
13.926,-0.0029417,-0.013351,0.037151,-0.0034729,-0.00055735,0.04933
13.936,-0.0075864,-0.013368,0.036399,-0.0034857,-0.00054507,0.049335
13.945,-0.0040717,-0.013387,0.035988,-0.0034758,-0.00053178,0.049338
13.955,-0.0029276,-0.013407,0.036028,-0.003421,-0.00051753,0.049337
13.965,0.00054605,-0.013427,0.036587,-0.0033014,-0.00050239,0.049334
13.975,0.0028791,-0.013447,0.037677,-0.0031038,-0.00048635,0.049329
13.984,-0.0052484,-0.013467,0.039269,-0.0028257,-0.00046932,0.049321
13.994,0.00055349,-0.013486,0.041297,-0.0024792,-0.00045132,0.049312
14.004,-0.00058515,-0.013504,0.043638,-0.0020942,-0.00043224,0.049301
14.014,0.0017427,-0.013522,0.046117,-0.0017075,-0.0004121,0.049291
14.023,-0.0052441,-0.013538,0.048543,-0.0013495,-0.00039085,0.049281
14.033,0.00055557,-0.013553,0.05073,-0.0010416,-0.00036857,0.049272
14.043,0.0017417,-0.013568,0.052502,-0.00080093,-0.00034528,0.049265
14.053,-0.00063673,-0.013581,0.053724,-0.00064061,-0.00032124,0.04926
14.063,0.00055129,-0.013593,0.0543,-0.00057496,-0.00029674,0.049257
14.072,-0.00059124,-0.013605,0.054176,-0.00062068,-0.00027219,0.049257
14.082,-0.0063943,-0.013616,0.053346,-0.00078817,-0.00024812,0.049258
14.092,-0.0040679,-0.013625,0.051863,-0.0010757,-0.00022517,0.049261
14.102,0.0017249,-0.013634,0.04982,-0.0014701,-0.00020403,0.049265
14.111,-0.0029368,-0.013641,0.047332,-0.001949,-0.00018549,0.049269
14.121,0.0028579,-0.013645,0.044532,-0.0024834,-0.00017028,0.049272
14.131,-0.0018078,-0.013648,0.04154,-0.0030474,-0.0001591,0.049275
14.141,0.0074959,-0.013647,0.038457,-0.0036259,-0.00015253,0.049277
14.15,0.00050903,-0.013644,0.035388,-0.004209,-0.0001511,0.049278
14.16,0.00050168,-0.013638,0.032471,-0.0047819,-0.00015507,0.049276
14.17,-0.0064462,-0.013628,0.029858,-0.0053258,-0.00016457,0.049274
14.18,-0.0076346,-0.013615,0.027687,-0.0058197,-0.00017939,0.04927
14.189,-0.0052735,-0.0136,0.026076,-0.0062421,-0.00019917,0.049266
14.199,-0.0041429,-0.013582,0.02509,-0.0065756,-0.00022317,0.049261
14.209,-0.0030127,-0.013563,0.024739,-0.0068068,-0.00025054,0.049257
14.219,-0.0030231,-0.013543,0.024971,-0.0069247,-0.00028022,0.049255
14.229,0.001576,-0.013523,0.025685,-0.0069252,-0.00031103,0.049253
14.238,0.0015647,-0.013504,0.026747,-0.0068133,-0.00034174,0.049254
14.248,0.0027429,-0.013487,0.028029,-0.0065982,-0.00037117,0.049257
14.258,0.0015876,-0.013472,0.029429,-0.0062898,-0.00039832,0.049261
14.268,0.0038978,-0.01346,0.030866,-0.0059011,-0.00042221,0.049267
14.277,0.00037461,-0.013452,0.032278,-0.0054519,-0.00044217,0.049274
14.287,0.00036096,-0.013447,0.033611,-0.0049703,-0.00045785,0.049282
14.297,-0.0031231,-0.013446,0.034825,-0.0044903,-0.00046896,0.049289
14.307,-0.0031377,-0.013448,0.035903,-0.0040464,-0.0004756,0.049297
14.316,-0.00087262,-0.013453,0.036826,-0.0036724,-0.00047799,0.049304
14.326,-0.00083799,-0.01346,0.037582,-0.0033973,-0.00047653,0.049309
14.336,0.00028622,-0.013469,0.038168,-0.0032396,-0.00047174,0.049314
14.346,-0.008993,-0.01348,0.038598,-0.003202,-0.00046421,0.049317
14.355,0.00025345,-0.013492,0.0389,-0.0032653,-0.00045453,0.049318
14.365,0.00023648,-0.013503,0.039114,-0.0033912,-0.00044328,0.049319
14.375,0.0025491,-0.013515,0.039286,-0.0035329,-0.0004311,0.049318
14.385,-0.0021286,-0.013526,0.039451,-0.0036497,-0.00041846,0.049317
14.395,0.0048333,-0.013535,0.039629,-0.003716,-0.00040592,0.049315
14.404,0.0036349,-0.013543,0.039818,-0.0037235,-0.00039396,0.049313
14.414,-0.00099387,-0.013549,0.040032,-0.0036708,-0.00038289,0.049311
14.424,-0.001063,-0.013552,0.040309,-0.0035542,-0.0003731,0.049309
14.434,0.00010759,-0.013554,0.040704,-0.0033697,-0.00036482,0.049307
14.443,0.0012278,-0.013553,0.041262,-0.0031187,-0.00035821,0.049306
14.453,-0.0010722,-0.01355,0.041993,-0.0028124,-0.00035328,0.049306
14.463,0.0023774,-0.013545,0.04286,-0.0024753,-0.00035007,0.049306
14.473,-0.0034432,-0.013539,0.04378,-0.0021442,-0.00034839,0.049307
14.482,-0.0011841,-0.013531,0.044625,-0.0018659,-0.00034799,0.049308
14.492,-0.0034853,-0.013523,0.045253,-0.0016882,-0.00034867,0.04931
14.502,0.0011503,-0.013515,0.045547,-0.001643,-0.00035003,0.049312
14.512,-0.0023884,-0.013507,0.045455,-0.0017364,-0.00035164,0.049313
14.522,-0.0046903,-0.013501,0.044991,-0.0019523,-0.0003531,0.049314
14.531,-0.0012425,-0.013496,0.044223,-0.0022611,-0.00035407,0.049314
14.541,-0.0012648,-0.013493,0.043251,-0.0026259,-0.00035417,0.049313
14.551,0.0045026,-0.013493,0.042187,-0.0030074,-0.00035321,0.049311
14.561,0.0032998,-0.013495,0.041131,-0.0033678,-0.00035099,0.049308
14.57,0.0067869,-0.013499,0.040152,-0.0036778,-0.00034749,0.049305
14.58,-0.00021621,-0.013505,0.039282,-0.0039203,-0.00034282,0.0493
14.59,0.0020905,-0.013512,0.038506,-0.0040934,-0.0003371,0.049296
14.6,-0.0014029,-0.013521,0.037771,-0.0042096,-0.00033071,0.049292
14.609,0.0020435,-0.01353,0.037027,-0.0042862,-0.00032396,0.049289
14.619,-0.00031017,-0.013539,0.036249,-0.0043414,-0.00031728,0.049286
14.629,-0.001524,-0.013547,0.035442,-0.0043925,-0.00031114,0.049285
14.639,0.0008291,-0.013555,0.034629,-0.0044538,-0.00030589,0.049285
14.648,-0.0049919,-0.01356,0.033849,-0.0045338,-0.00030192,0.049286
14.658,0.004244,-0.013564,0.033143,-0.0046352,-0.00029953,0.049289
14.668,-0.00038319,-0.013566,0.032542,-0.0047548,-0.00029882,0.049292
14.678,0.0030156,-0.013566,0.032065,-0.0048833,-0.00029989,0.049295
14.688,-0.0028087,-0.013563,0.031723,-0.0050047,-0.00030271,0.049299
14.697,-0.00050304,-0.013559,0.031533,-0.0050977,-0.00030714,0.049302
14.707,0.0006126,-0.013554,0.031514,-0.0051422,-0.00031299,0.049305
14.717,0.0029182,-0.013547,0.03168,-0.0051286,-0.0003201,0.049306
14.727,-0.0017662,-0.01354,0.032028,-0.0050634,-0.00032828,0.049307
14.736,-0.0028805,-0.013532,0.032517,-0.0049707,-0.00033732,0.049306
14.746,-0.00062492,-0.013524,0.033074,-0.0048828,-0.00034714,0.049305
14.756,-0.0052593,-0.013516,0.03362,-0.004825,-0.0003576,0.049303
14.766,0.00051344,-0.013507,0.034093,-0.0048058,-0.00036864,0.049301
14.775,-0.00069782,-0.013499,0.03446,-0.00482,-0.00038024,0.049299
14.785,0.002788,-0.013491,0.034703,-0.0048559,-0.00039235,0.049298
14.795,-0.0030262,-0.013483,0.034806,-0.0049023,-0.00040496,0.049298
14.805,0.00041678,-0.013475,0.03477,-0.0049496,-0.00041807,0.0493
14.814,0.00034582,-0.013467,0.034622,-0.0049903,-0.0004316,0.049303
14.824,0.005022,-0.01346,0.034407,-0.0050217,-0.00044553,0.049308
14.834,0.0026282,-0.013452,0.034182,-0.0050392,-0.00045964,0.049314
14.844,0.0014646,-0.013444,0.034022,-0.0050313,-0.00047371,0.049322
14.854,-0.00088894,-0.013437,0.034002,-0.0049835,-0.00048735,0.049332
14.863,-0.0043823,-0.01343,0.034173,-0.0048877,-0.0005001,0.049341
14.873,0.00025148,-0.013424,0.034549,-0.0047467,-0.00051146,0.049351
14.883,-0.00091157,-0.013419,0.035101,-0.0045769,-0.00052074,0.049361
14.893,0.0059985,-0.013417,0.035766,-0.0044007,-0.00052739,0.049369
14.902,0.0013258,-0.013416,0.03646,-0.0042409,-0.00053074,0.049377
14.912,0.00011334,-0.013418,0.037086,-0.004117,-0.00053017,0.049382
14.922,-0.002189,-0.013423,0.037553,-0.004044,-0.00052528,0.049385
14.932,-0.0033511,-0.013431,0.037786,-0.0040296,-0.00051564,0.049387
14.941,-0.006893,-0.013442,0.037738,-0.0040736,-0.00050135,0.049385
14.951,-0.0011146,-0.013456,0.037389,-0.0041714,-0.00048228,0.049382
14.961,0.003514,-0.013473,0.036751,-0.0043165,-0.00045885,0.049376
14.971,0.0011728,-0.013492,0.035874,-0.0044996,-0.00043164,0.049369
14.98,0.0046118,-0.013512,0.034855,-0.0047083,-0.00040149,0.04936
14.99,-5.8817e-05,-0.013533,0.033807,-0.0049299,-0.00036942,0.04935
15,0.0034308,-0.013553,0.032835,-0.0051519,-0.0003366,0.049339
15.01,-0.0035693,-0.013572,0.032035,-0.0053578,-0.00030432,0.049328
15.02,-7.2163e-05,-0.013589,0.031495,-0.0055267,-0.00027384,0.049317
15.029,-0.0024187,-0.013602,0.031287,-0.0056375,-0.00024642,0.049307
15.039,-0.00011094,-0.013612,0.031448,-0.0056717,-0.00022322,0.049299
15.049,0.0044731,-0.013618,0.031978,-0.0056171,-0.00020528,0.049292
15.059,0.00099451,-0.013619,0.032833,-0.005474,-0.00019339,0.049286
15.068,-0.0013538,-0.013615,0.033913,-0.0052619,-0.00018817,0.049283
15.078,-0.0025117,-0.013608,0.035083,-0.0050162,-0.00018996,0.049281
15.088,0.0021206,-0.013596,0.036192,-0.0047787,-0.00019889,0.049282
15.098,-0.0036867,-0.01358,0.037093,-0.0045888,-0.00021471,0.049283
15.107,0.0009064,-0.013562,0.037637,-0.0044841,-0.00023696,0.049286
15.117,0.0032098,-0.013541,0.037679,-0.0044988,-0.00026489,0.049289
15.127,0.0043836,-0.013519,0.037102,-0.0046558,-0.00029753,0.049292
15.137,0.0019977,-0.013497,0.035862,-0.0049565,-0.00033371,0.049295
15.147,0.0031622,-0.013475,0.034006,-0.0053796,-0.00037214,0.049297
15.156,0.0019671,-0.013454,0.031667,-0.0058841,-0.00041142,0.049299
15.166,-0.0003776,-0.013435,0.02905,-0.0064175,-0.00045017,0.0493
15.176,-0.00034494,-0.013419,0.026411,-0.0069226,-0.00048707,0.0493
15.186,0.0042441,-0.013406,0.024027,-0.0073434,-0.00052085,0.049299
15.195,0.0042805,-0.013396,0.022158,-0.0076327,-0.00055046,0.049299
15.205,-0.0039026,-0.01339,0.021011,-0.0077594,-0.00057503,0.049298
15.215,-0.0015854,-0.013388,0.020718,-0.0077114,-0.00059389,0.049298
15.225,-0.0050677,-0.013389,0.021329,-0.0074963,-0.0006066,0.049299
15.234,-0.0039397,-0.013394,0.022811,-0.0071365,-0.00061292,0.0493
15.244,-0.0027612,-0.013402,0.025052,-0.0066614,-0.00061296,0.049301
15.254,-0.0016323,-0.013414,0.02787,-0.0061048,-0.00060692,0.049304
15.264,-0.003973,-0.013427,0.031033,-0.0055045,-0.00059532,0.049307
15.273,-0.0016533,-0.013443,0.034257,-0.0049058,-0.00057878,0.04931
15.283,0.0075968,-0.01346,0.037239,-0.0043569,-0.0005581,0.049313
15.293,0.0052574,-0.013478,0.039697,-0.0039041,-0.00053428,0.049316
15.303,0.0064884,-0.013497,0.04141,-0.0035844,-0.00050835,0.049319
15.313,-0.0016902,-0.013514,0.04225,-0.0034208,-0.00048132,0.049321
15.322,-0.00051139,-0.013531,0.042188,-0.0034212,-0.00045432,0.049322
15.332,-0.00051912,-0.013546,0.041279,-0.003583,-0.00042824,0.049322
15.342,0.0017966,-0.013558,0.03964,-0.0038945,-0.00040399,0.049321
15.352,-0.00058028,-0.013568,0.037448,-0.0043283,-0.00038224,0.04932
15.361,-0.00058672,-0.013575,0.034924,-0.0048401,-0.00036353,0.049318
15.371,-0.00059273,-0.013579,0.032304,-0.0053781,-0.0003481,0.049316
15.381,0.00059169,-0.01358,0.02982,-0.0058932,-0.0003361,0.049314
15.391,0.0017265,-0.013578,0.027673,-0.0063436,-0.00032742,0.049312
15.4,-0.0017482,-0.013575,0.026018,-0.0066979,-0.00032185,0.04931
15.41,0.00057753,-0.013569,0.024952,-0.0069374,-0.00031907,0.049309
15.42,-0.0028963,-0.013562,0.024518,-0.0070526,-0.00031864,0.049309
15.43,-0.0017598,-0.013554,0.024726,-0.0070372,-0.00032028,0.049309
15.439,0.0028872,-0.013545,0.025549,-0.0068872,-0.00032321,0.04931
15.449,0.0017446,-0.013536,0.026919,-0.0066079,-0.00032746,0.049311
15.459,0.00056245,-0.013527,0.028705,-0.006224,-0.00033267,0.049312
15.469,-0.00058231,-0.013518,0.030717,-0.0057823,-0.0003386,0.049314
15.479,0.00055935,-0.01351,0.032735,-0.0053435,-0.00034528,0.049315
15.488,-0.00058458,-0.013502,0.034537,-0.0049663,-0.00035271,0.049315
15.498,0.0016979,-0.013495,0.035932,-0.0046945,-0.00036103,0.049316
15.508,-0.0040522,-0.013489,0.036792,-0.0045503,-0.00037035,0.049316
15.518,0.0017381,-0.013483,0.037067,-0.0045337,-0.00038089,0.049315
15.527,0.00055876,-0.013477,0.036777,-0.0046282,-0.00039274,0.049314
15.537,0.0040698,-0.013471,0.035995,-0.0048094,-0.00040603,0.049312
15.547,0.0017413,-0.013466,0.034833,-0.0050517,-0.00042082,0.04931
15.557,0.00056318,-0.01346,0.033443,-0.0053287,-0.00043703,0.049308
15.566,-0.0040446,-0.013455,0.031999,-0.0056123,-0.00045446,0.049306
15.576,-0.00057496,-0.01345,0.030679,-0.0058722,-0.00047285,0.049304
15.586,0.00057104,-0.013445,0.029639,-0.0060772,-0.00049178,0.049303
15.596,0.0005744,-0.013441,0.028994,-0.0062007,-0.00051064,0.049303
15.605,0.0017181,-0.013438,0.028805,-0.006227,-0.00052892,0.049304
15.615,-0.0040778,-0.013436,0.029074,-0.0061575,-0.00054589,0.049306
15.625,0.0017266,-0.013435,0.029741,-0.0060091,-0.00056092,0.049309
15.635,-0.0028786,-0.013436,0.030689,-0.0058083,-0.00057339,0.049314
15.645,0.0017366,-0.013439,0.03176,-0.0055884,-0.00058278,0.049321
15.654,-0.00054099,-0.013444,0.032764,-0.0053879,-0.00058867,0.049328
15.664,0.0017878,-0.013451,0.033526,-0.0052428,-0.00059099,0.049336
15.674,0.0028939,-0.013459,0.033915,-0.0051785,-0.00058921,0.049344
15.684,0.0017603,-0.013469,0.033868,-0.0052069,-0.00058382,0.049353
15.693,0.0029471,-0.013479,0.033389,-0.0053268,-0.00057496,0.04936
15.703,-0.0016959,-0.013491,0.032532,-0.0055301,-0.00056303,0.049366
15.713,0.0029614,-0.013502,0.031384,-0.0058038,-0.0005486,0.049371
15.723,-0.0016809,-0.013513,0.030051,-0.006128,-0.00053232,0.049374
15.732,0.00065696,-0.013523,0.028648,-0.0064749,-0.00051482,0.049374
15.742,-0.0016179,-0.013531,0.027298,-0.0068098,-0.00049685,0.049372
15.752,-0.0016564,-0.013538,0.026118,-0.0070955,-0.00047914,0.049367
15.762,-0.0016477,-0.013542,0.025216,-0.0072973,-0.00046228,0.04936
15.772,0.0030112,-0.013545,0.024682,-0.0073885,-0.00044689,0.049351
15.781,0.0018804,-0.013545,0.024587,-0.0073544,-0.00043346,0.04934
15.791,0.00070987,-0.013543,0.024969,-0.0071972,-0.00042246,0.049329
15.801,0.00071954,-0.013539,0.025816,-0.0069374,-0.00041421,0.049317
15.811,-0.0015536,-0.013533,0.027057,-0.0066098,-0.00040889,0.049305
15.82,0.0019195,-0.013526,0.028569,-0.006256,-0.00040664,0.049295
15.83,-0.00039316,-0.013518,0.030191,-0.0059152,-0.00040739,0.049287
15.84,-0.00038266,-0.01351,0.031751,-0.0056178,-0.00041107,0.049281
15.85,-0.003889,-0.013501,0.033088,-0.0053858,-0.00041746,0.049277
15.859,0.00078191,-0.013493,0.034068,-0.0052338,-0.00042632,0.049275
15.869,0.001973,-0.013486,0.034615,-0.0051653,-0.00043728,0.049276
15.879,0.0042642,-0.013478,0.034715,-0.0051753,-0.00045007,0.049279
15.889,0.0019955,-0.013472,0.034416,-0.0052508,-0.00046421,0.049282
15.898,-0.001503,-0.013466,0.033814,-0.0053706,-0.00047932,0.049286
15.908,-0.0014913,-0.013461,0.033044,-0.0055058,-0.00049499,0.049291
15.918,0.00085049,-0.013456,0.03226,-0.0056243,-0.00051067,0.049295
15.928,0.0031824,-0.013452,0.031611,-0.0056963,-0.00052589,0.049298
15.938,-0.0014556,-0.013448,0.031214,-0.0057008,-0.00054003,0.0493
15.947,0.00088655,-0.013444,0.03115,-0.0056263,-0.00055257,0.049301
15.957,-0.0025712,-0.013441,0.031462,-0.00547,-0.00056292,0.049301
15.967,0.0032311,-0.01344,0.032149,-0.0052376,-0.00057053,0.049301
15.977,-0.0014065,-0.013439,0.033185,-0.004942,-0.00057482,0.049301
15.986,0.00093597,-0.01344,0.034514,-0.0046036,-0.00057542,0.049301
15.996,-0.0013815,-0.013443,0.036049,-0.0042485,-0.00057196,0.049301
16.006,-0.0036989,-0.013449,0.037686,-0.003903,-0.00056424,0.049303
16.016,0.00097374,-0.013456,0.039308,-0.0035917,-0.00055228,0.049305
16.025,0.00098643,-0.013465,0.040787,-0.0033371,-0.00053614,0.049308
16.035,0.0021391,-0.013477,0.041982,-0.0031588,-0.00051621,0.049311
16.045,0.0032919,-0.013491,0.042762,-0.0030715,-0.00049299,0.049316
16.055,0.0056746,-0.013506,0.043022,-0.0030852,-0.00046717,0.049321
16.064,-0.0012456,-0.013522,0.042684,-0.0032066,-0.0004396,0.049326
16.074,0.0045602,-0.013538,0.041703,-0.0034379,-0.00041114,0.049331
16.084,-0.0024071,-0.013555,0.04009,-0.003774,-0.00038282,0.049336
16.094,-0.00011431,-0.01357,0.037924,-0.0042003,-0.00035564,0.04934
16.104,-0.0012416,-0.013583,0.035344,-0.0046946,-0.00033046,0.049344
16.113,0.0022811,-0.013595,0.032539,-0.0052268,-0.00030814,0.049347
16.123,-0.0012162,-0.013604,0.029735,-0.005763,-0.00028936,0.04935
16.133,-0.0012036,-0.013609,0.027163,-0.0062716,-0.00027456,0.049351
16.143,-0.002381,-0.013612,0.02502,-0.0067261,-0.00026399,0.049351
16.152,-0.0058385,-0.013612,0.023472,-0.0070995,-0.00025769,0.049349
16.162,-0.0023061,-0.013608,0.022629,-0.0073637,-0.00025548,0.049347
16.172,-0.0046237,-0.013602,0.022518,-0.0074969,-0.00025699,0.049344
16.182,0.0069786,-0.013594,0.023087,-0.0074877,-0.00026172,0.04934
16.191,5.7786e-05,-0.013583,0.024212,-0.0073413,-0.00026911,0.049335
16.201,0.0070029,-0.013572,0.025723,-0.0070808,-0.00027859,0.049329
16.211,-0.0033851,-0.01356,0.027434,-0.0067412,-0.00028965,0.049323
16.221,-0.0045632,-0.013547,0.029181,-0.0063579,-0.00030182,0.049318
16.23,-0.0034113,-0.013534,0.030843,-0.0059602,-0.00031478,0.049312
16.24,-0.0033496,-0.013521,0.03234,-0.0055701,-0.00032828,0.049307
16.25,-0.0033881,-0.013507,0.033637,-0.0052022,-0.00034221,0.049302
16.26,0.0070734,-0.013494,0.034732,-0.004865,-0.00035642,0.049298
16.27,0.0082747,-0.013481,0.035632,-0.0045654,-0.00037099,0.049295
16.279,-0.0010241,-0.013468,0.036345,-0.0043103,-0.00038592,0.049292
16.289,-0.0056231,-0.013455,0.036883,-0.0041069,-0.00040117,0.04929
16.299,-0.0090822,-0.013441,0.037255,-0.0039615,-0.00041682,0.049288
16.309,0.00019557,-0.013429,0.037469,-0.003875,-0.00043274,0.049286
16.318,0.00015915,-0.013416,0.037556,-0.003837,-0.00044885,0.049284
16.328,0.0036796,-0.013404,0.037569,-0.003829,-0.00046499,0.049282
16.338,-0.0021002,-0.013393,0.037587,-0.0038279,-0.00048096,0.04928
16.348,0.0025599,-0.013383,0.037706,-0.0038094,-0.00049653,0.049278
16.357,0.0013899,-0.013374,0.038008,-0.0037545,-0.00051146,0.049277
16.367,-0.0090104,-0.013367,0.038545,-0.0036524,-0.00052546,0.049275
16.377,0.0037292,-0.013361,0.039316,-0.003503,-0.00053849,0.049275
16.387,-0.0031914,-0.013356,0.040248,-0.0033198,-0.00054974,0.049277
16.397,0.0014278,-0.013353,0.041229,-0.0031209,-0.00055953,0.049279
16.406,0.00029376,-0.013351,0.042149,-0.0029202,-0.00056742,0.049283
16.416,0.00025558,-0.01335,0.042907,-0.0027289,-0.00057328,0.049289
16.426,0.0014542,-0.013351,0.043433,-0.0025561,-0.00057696,0.049297
16.436,0.0037826,-0.013353,0.043682,-0.0024145,-0.00057846,0.049306
16.445,0.00032784,-0.013356,0.043625,-0.002323,-0.00057771,0.049317
16.455,-0.0031811,-0.013361,0.043262,-0.0022999,-0.00057489,0.049328
16.465,-0.0020333,-0.013365,0.04261,-0.002361,-0.0005701,0.049338
16.475,-0.0066357,-0.013371,0.041678,-0.0025211,-0.00056349,0.049348
16.484,0.0015017,-0.013377,0.040469,-0.0027894,-0.00055535,0.049357
16.494,0.0015089,-0.013383,0.038996,-0.0031621,-0.00054582,0.049364
16.504,0.0073559,-0.013389,0.037309,-0.0036177,-0.00053514,0.049369
16.514,0.0038426,-0.013395,0.035494,-0.0041188,-0.00052353,0.049371
16.523,0.0015292,-0.013401,0.033665,-0.004623,-0.00051117,0.049371
16.533,-0.0019345,-0.013408,0.031938,-0.0050946,-0.00049824,0.049369
16.543,-0.0019783,-0.013414,0.030409,-0.0055081,-0.00048492,0.049364
16.553,0.00035759,-0.01342,0.029153,-0.0058457,-0.00047132,0.049359
16.563,-0.0031067,-0.013427,0.028222,-0.0060953,-0.00045746,0.049352
16.572,0.00036877,-0.013433,0.027652,-0.0062488,-0.00044353,0.049345
16.582,-0.00076597,-0.01344,0.02747,-0.0063013,-0.00042946,0.049337
16.592,-0.0030909,-0.013447,0.027701,-0.0062483,-0.00041535,0.04933
16.602,-0.0042261,-0.013454,0.028367,-0.0060849,-0.00040117,0.049324
