time_s,base_acceleration_g,rotation_rad,normalized_moment,normalized_shear,normalized_sliding,normalized_settlement
0,0.0028316,1.5363e-05,-0.011381,-0.0029049,-5.6088e-06,0.0082326
0.00976,-0.0018383,1.9363e-05,-0.011129,-0.002804,-3.3041e-06,0.0082375
0.01953,0.00042982,2.4363e-05,-0.010896,-0.0027058,-1.358e-06,0.0082424
0.0293,-0.0030561,2.9363e-05,-0.010652,-0.0026096,2.1303e-07,0.0082472
0.03906,0.005048,3.4363e-05,-0.010356,-0.0025107,1.3841e-06,0.0082518
0.04883,-0.0019479,4.0363e-05,-0.0099817,-0.0024054,2.1191e-06,0.0082561
0.05859,0.0038761,4.6363e-05,-0.0095287,-0.0022949,2.3698e-06,0.0082601
0.06836,-0.0042598,5.1363e-05,-0.0090231,-0.0021865,2.0791e-06,0.0082635
0.07812,-0.00080963,5.6363e-05,-0.0085117,-0.0020915,1.1912e-06,0.0082664
0.08789,0.0026385,6.0363e-05,-0.0080471,-0.0020195,-3.3733e-07,0.0082686
0.09766,0.0026227,6.3363e-05,-0.0076758,-0.0019743,-2.5305e-06,0.0082699
0.10742,0.0026069,6.6363e-05,-0.0074352,-0.0019559,-5.3927e-06,0.0082702
0.11719,-0.00087284,6.7363e-05,-0.0073653,-0.0019665,-8.9102e-06,0.0082693
0.12695,0.0014355,6.8363e-05,-0.0075082,-0.0020129,-1.3056e-05,0.0082675
0.13672,-0.0032302,6.8363e-05,-0.0079006,-0.0021032,-1.7784e-05,0.0082647
0.14648,0.0049242,6.7363e-05,-0.0085629,-0.0022406,-2.3022e-05,0.0082612
0.15625,-0.0044013,6.6363e-05,-0.0094763,-0.0024181,-2.8664e-05,0.0082571
0.16601,0.0083632,6.5363e-05,-0.010578,-0.0026204,-3.4582e-05,0.0082529
0.17578,0.0036878,6.4363e-05,-0.011786,-0.0028322,-4.0628e-05,0.0082486
0.18555,0.0036725,6.3363e-05,-0.013018,-0.0030442,-4.6644e-05,0.0082447
0.19531,0.00014724,6.2363e-05,-0.014195,-0.0032527,-5.2464e-05,0.0082412
0.20508,-0.0044779,6.2363e-05,-0.015241,-0.0034537,-5.79e-05,0.0082385
0.21484,-0.002167,6.3363e-05,-0.016081,-0.0036371,-6.2743e-05,0.0082368
0.22461,-0.001042,6.4363e-05,-0.016658,-0.0037868,-6.6763e-05,0.0082362
0.23437,0.0082571,6.6363e-05,-0.016943,-0.0038863,-6.9731e-05,0.0082367
0.24414,0.0012524,6.8363e-05,-0.016938,-0.0039267,-7.1442e-05,0.0082384
0.25391,0.0012377,7.0363e-05,-0.016672,-0.0039106,-7.1738e-05,0.0082413
0.26367,-0.0057069,7.2363e-05,-0.016185,-0.0038474,-7.0517e-05,0.008245
0.27344,-0.0057213,7.5363e-05,-0.015516,-0.003739,-6.7734e-05,0.0082494
0.2832,5.4384e-05,7.7363e-05,-0.014705,-0.003613,-6.3411e-05,0.0082543
0.29297,0.0058402,7.8363e-05,-0.013816,-0.003452,-5.7638e-05,0.0082596
0.30273,-0.0011579,7.9363e-05,-0.012917,-0.0032721,-5.0585e-05,0.0082649
0.3125,0.0011522,8.0363e-05,-0.01208,-0.003088,-4.2497e-05,0.0082701
0.32226,0.0011384,8.0363e-05,-0.011374,-0.0029196,-3.3681e-05,0.0082748
0.33203,-0.0069453,7.9363e-05,-0.010851,-0.0027842,-2.4485e-05,0.0082789
0.3418,-0.0023528,7.8363e-05,-0.010527,-0.0026893,-1.5269e-05,0.0082822
0.35156,0.0046179,7.6363e-05,-0.010386,-0.0026312,-6.3863e-06,0.0082845
0.36133,0.0092107,7.4363e-05,-0.010387,-0.0026003,1.8241e-06,0.0082859
0.37109,-6.8395e-05,7.1363e-05,-0.010472,-0.0025874,9.0434e-06,0.0082865
0.38086,-8.129e-05,6.8363e-05,-0.010581,-0.0025881,1.4976e-05,0.0082864
0.39062,-0.005884,6.5363e-05,-0.010656,-0.0026016,1.9358e-05,0.0082858
0.40039,-0.0012906,6.2363e-05,-0.010662,-0.0026263,2.1974e-05,0.0082849
0.41016,0.001021,5.8363e-05,-0.010591,-0.0026584,2.2657e-05,0.0082838
0.41992,-0.00017121,5.5363e-05,-0.010459,-0.0026933,2.129e-05,0.0082829
0.42969,0.0056567,5.2363e-05,-0.010304,-0.0027293,1.7795e-05,0.0082821
0.43945,-0.0036151,4.9363e-05,-0.010176,-0.0027706,1.2132e-05,0.0082817
0.44922,-0.0048168,4.7363e-05,-0.010134,-0.0028268,4.2898e-06,0.0082817
0.45898,-0.0071583,4.5363e-05,-0.010244,-0.002909,-5.6995e-06,0.0082822
0.46875,0.0032804,4.4363e-05,-0.010557,-0.0030224,-1.7758e-05,0.0082831
0.47851,-0.00024078,4.5363e-05,-0.011101,-0.0031632,-3.1758e-05,0.0082844
0.48828,0.010242,4.7363e-05,-0.01188,-0.0033223,-4.7523e-05,0.0082862
0.49805,0.0020575,5.1363e-05,-0.012865,-0.0034898,-6.484e-05,0.0082884
0.50781,0.005567,5.6363e-05,-0.013989,-0.0036578,-8.3462e-05,0.0082911
0.51758,-0.0025674,6.3363e-05,-0.015155,-0.0038206,-0.0001031,0.0082941
0.52734,-0.0037135,7.2363e-05,-0.016259,-0.0039723,-0.00012343,0.0082975
0.53711,-0.00026348,8.3363e-05,-0.017187,-0.004103,-0.00014404,0.0083011
0.54687,-0.0014572,9.6363e-05,-0.017843,-0.0041999,-0.00016451,0.0083049
0.55664,0.0031872,0.00011036,-0.018179,-0.0042539,-0.00018432,0.0083086
0.56641,-0.0014761,0.00012536,-0.018209,-0.004264,-0.00020295,0.0083123
0.57617,0.0019788,0.00014036,-0.017988,-0.0042366,-0.00021983,0.0083158
0.58594,-0.0072902,0.00015536,-0.017587,-0.0041814,-0.0002344,0.0083192
0.5957,0.00082114,0.00017036,-0.01707,-0.0041062,-0.00024612,0.0083225
0.60547,0.0019527,0.00018336,-0.016499,-0.0040172,-0.00025446,0.0083257
0.61523,0.0042744,0.00019536,-0.015931,-0.0039207,-0.00025897,0.0083291
0.625,-0.0038537,0.00020436,-0.015405,-0.0038238,-0.00025926,0.0083326
0.63476,0.0019285,0.00021036,-0.014947,-0.0037351,-0.00025509,0.0083364
0.64453,0.0019708,0.00021236,-0.014576,-0.0036617,-0.0002463,0.0083404
0.6543,-0.0073466,0.00021136,-0.014289,-0.0036051,-0.00023289,0.0083444
0.66406,0.0030962,0.00020636,-0.014061,-0.0035598,-0.00021498,0.0083485
0.67383,-0.0027048,0.00019736,-0.013864,-0.0035181,-0.00019287,0.0083524
0.68359,0.0065525,0.00018436,-0.013678,-0.003474,-0.00016697,0.0083558
0.69336,-0.0027181,0.00016836,-0.01349,-0.0034252,-0.00013786,0.0083585
0.70312,-0.00040039,0.00014936,-0.013291,-0.0033716,-0.00010622,0.0083602
0.71289,-0.0061965,0.00012836,-0.013065,-0.0033137,-7.2855e-05,0.0083609
0.72266,0.00072763,0.00010536,-0.012781,-0.0032502,-3.8607e-05,0.0083605
0.73242,-0.00045803,8.2363e-05,-0.012411,-0.0031783,-4.3623e-06,0.0083592
0.74219,0.00071653,5.8363e-05,-0.011939,-0.003095,2.9001e-05,0.008357
0.75195,0.0041813,3.4363e-05,-0.011383,-0.003002,6.0636e-05,0.0083541
0.76172,0.0030363,1.2363e-05,-0.010801,-0.0029084,8.9759e-05,0.0083507
0.77148,-0.0016225,-7.6371e-06,-0.010281,-0.0028313,0.00011568,0.0083467
0.78125,-0.010893,-2.5637e-05,-0.0099187,-0.0027892,0.00013784,0.0083422
0.79101,-0.00048738,-3.9637e-05,-0.0097943,-0.0027947,0.00015581,0.0083372
0.80078,-0.0016355,-5.0637e-05,-0.0099577,-0.0028507,0.00016936,0.0083317
0.81055,0.0099506,-5.8637e-05,-0.01043,-0.0029524,0.00017839,0.0083257
0.82031,-0.0016431,-6.2637e-05,-0.011203,-0.0030935,0.00018297,0.0083193
0.83008,-0.0016466,-6.3637e-05,-0.012233,-0.0032687,0.00018327,0.0083122
0.83984,-0.0027898,-6.0637e-05,-0.013441,-0.0034732,0.00017963,0.0083046
0.84961,-0.0039789,-5.4637e-05,-0.014722,-0.003697,0.00017243,0.0082964
0.85937,-0.0016077,-4.6637e-05,-0.015946,-0.0039219,0.0001622,0.0082876
0.86914,0.0029957,-3.6637e-05,-0.016979,-0.0041239,0.00014949,0.0082783
0.87891,0.011117,-2.4637e-05,-0.017726,-0.0042828,0.00013491,0.0082686
0.88867,-0.0051289,-1.1637e-05,-0.018139,-0.004388,0.00011908,0.0082585
0.89844,0.0029891,2.3629e-06,-0.018224,-0.0044395,0.00010259,0.0082482
0.9082,-0.0074127,1.5363e-05,-0.018032,-0.0044416,8.5999e-05,0.0082377
0.91797,-0.0028082,2.8363e-05,-0.017619,-0.0043965,6.9827e-05,0.0082271
0.92773,-0.0039956,3.9363e-05,-0.017034,-0.0043033,5.4537e-05,0.0082166
0.9375,0.0018432,4.9363e-05,-0.016322,-0.0041621,4.0518e-05,0.0082062
0.94726,0.0018423,5.7363e-05,-0.015518,-0.0039778,2.8069e-05,0.0081964
0.95703,-0.00052847,6.3363e-05,-0.014643,-0.0037606,1.7398e-05,0.0081873
0.9668,-0.006279,6.7363e-05,-0.013715,-0.0035244,8.6262e-06,0.0081791
0.97656,-0.0074694,6.8363e-05,-0.012762,-0.0032834,1.8023e-06,0.008172
0.98633,0.0029805,6.8363e-05,-0.011827,-0.0030496,-3.0859e-06,0.0081661
0.99609,0.0006505,6.5363e-05,-0.010961,-0.0028321,-6.097e-06,0.0081612
1.0059,0.0076407,6.0363e-05,-0.010199,-0.0026367,-7.3327e-06,0.0081573
1.0156,0.0053112,5.4363e-05,-0.0095728,-0.0024709,-6.9309e-06,0.0081542
1.0254,0.0041718,4.7363e-05,-0.0091198,-0.0023465,-5.0598e-06,0.0081517
1.0352,-0.0062774,3.9363e-05,-0.0088755,-0.0022772,-1.9045e-06,0.0081496
1.0449,0.0017936,3.1363e-05,-0.008851,-0.0022699,2.348e-06,0.0081479
1.0547,-0.0051352,2.3363e-05,-0.0090167,-0.0023195,7.5184e-06,0.0081464
1.0644,0.0017961,1.5363e-05,-0.009328,-0.0024117,1.3436e-05,0.0081451
1.0742,0.0076477,9.3629e-06,-0.009747,-0.0025311,1.9929e-05,0.0081442
1.084,0.0076494,3.3629e-06,-0.010236,-0.0026659,2.682e-05,0.0081436
1.0938,-0.0097887,-6.371e-07,-0.010766,-0.0028113,3.3918e-05,0.0081434
1.1035,-0.0016606,-3.6371e-06,-0.011316,-0.0029665,4.1035e-05,0.0081438
1.1133,0.00066563,-5.6371e-06,-0.011881,-0.003131,4.7992e-05,0.0081448
1.1231,-0.0027959,-5.6371e-06,-0.012462,-0.0033003,5.4633e-05,0.0081464
1.1328,0.0030007,-4.6371e-06,-0.013076,-0.0034688,6.0828e-05,0.0081485
1.1426,-0.0051166,-2.6371e-06,-0.013758,-0.0036335,6.6472e-05,0.0081512
1.1523,0.0018164,3.629e-07,-0.014541,-0.0037948,7.1478e-05,0.0081545
1.1621,-0.0051105,4.3629e-06,-0.015428,-0.0039522,7.5779e-05,0.0081582
1.1719,-0.0051073,8.3629e-06,-0.016379,-0.0041004,7.9328e-05,0.0081626
1.1816,0.00068614,1.3363e-05,-0.017308,-0.0042272,8.2092e-05,0.0081676
1.1914,0.0030197,1.7363e-05,-0.018093,-0.0043156,8.4044e-05,0.0081733
1.2012,0.0042135,2.2363e-05,-0.018609,-0.0043508,8.5157e-05,0.0081798
1.2109,-0.0050927,2.6363e-05,-0.018769,-0.0043269,8.5388e-05,0.0081871
1.2207,-0.0027626,2.9363e-05,-0.018535,-0.0042468,8.4683e-05,0.0081951
1.2305,-0.0039444,3.2363e-05,-0.017921,-0.0041194,8.2982e-05,0.0082037
1.2402,-0.00047007,3.5363e-05,-0.017,-0.0039553,8.0225e-05,0.0082128
1.25,0.0019044,3.7363e-05,-0.01587,-0.0037634,7.6358e-05,0.008222
1.2598,0.0053791,3.9363e-05,-0.014643,-0.0035534,7.1332e-05,0.008231
1.2695,-0.0085362,4.1363e-05,-0.01343,-0.0033391,6.5102e-05,0.0082395
1.2793,-0.0085312,4.4363e-05,-0.012317,-0.0031362,5.763e-05,0.0082475
1.2891,-0.0015902,4.6363e-05,-0.011362,-0.0029567,4.89e-05,0.0082546
1.2988,0.00073901,4.9363e-05,-0.010603,-0.0028051,3.8929e-05,0.0082609
1.3086,0.012338,5.2363e-05,-0.010053,-0.002677,2.7771e-05,0.0082665
1.3184,0.0089238,5.6363e-05,-0.0096969,-0.0025645,1.5513e-05,0.0082713
1.3281,0.010069,6.1363e-05,-0.0094926,-0.0024637,2.2702e-06,0.0082755
1.3379,-0.0073089,6.6363e-05,-0.009382,-0.0023772,-1.1814e-05,0.0082793
1.3477,-0.0061631,7.4363e-05,-0.0093078,-0.0023125,-2.6558e-05,0.0082826
1.3574,-0.010817,8.2363e-05,-0.0092279,-0.0022751,-4.1731e-05,0.0082855
1.3672,0.00077899,9.2363e-05,-0.0091225,-0.0022646,-5.7047e-05,0.008288
1.3769,-0.0003548,0.00010336,-0.0089975,-0.0022745,-7.2179e-05,0.0082901
1.3867,0.0043115,0.00011436,-0.0088895,-0.0022997,-8.6778e-05,0.0082917
1.3965,0.001938,0.00012736,-0.0088488,-0.00234,-0.00010051,0.0082927
1.4062,-0.0049855,0.00014036,-0.0089211,-0.0023999,-0.00011308,0.0082931
1.416,-0.0015128,0.00015336,-0.0091392,-0.0024853,-0.00012422,0.0082929
1.4258,-0.0038321,0.00016536,-0.0095149,-0.0025992,-0.00013374,0.0082921
1.4356,0.0031548,0.00017736,-0.010048,-0.0027401,-0.00014152,0.0082909
1.4453,0.00083177,0.00018736,-0.010733,-0.002904,-0.00014748,0.0082894
1.4551,0.0066388,0.00019636,-0.011565,-0.0030872,-0.00015165,0.0082877
1.4648,-0.001478,0.00020436,-0.012533,-0.0032888,-0.00015409,0.0082859
1.4746,0.0055133,0.00021036,-0.013628,-0.0035092,-0.00015495,0.0082843
1.4844,-0.00031934,0.00021436,-0.014833,-0.0037469,-0.00015437,0.0082829
1.4941,0.00086811,0.00021636,-0.01611,-0.0039941,-0.00015256,0.0082819
1.5039,0.0032057,0.00021636,-0.017394,-0.0042356,-0.00014966,0.0082813
1.5137,-0.00029671,0.00021436,-0.0186,-0.0044542,-0.00014586,0.0082814
1.5234,0.003221,0.00021136,-0.019645,-0.0046359,-0.00014128,0.0082822
1.5332,-0.0037512,0.00020636,-0.020451,-0.0047716,-0.00013604,0.008284
1.543,-0.0036933,0.00020036,-0.020955,-0.0048555,-0.00013021,0.0082868
1.5527,-0.0048754,0.00019336,-0.021109,-0.0048832,-0.00012381,0.0082906
1.5625,0.0032527,0.00018536,-0.02089,-0.0048498,-0.00011682,0.0082955
1.5723,-0.0013932,0.00017636,-0.020304,-0.0047528,-0.00010921,0.0083011
1.582,0.0055989,0.00016736,-0.019389,-0.0045945,-0.0001009,0.0083076
1.5918,0.00094716,0.00015736,-0.018217,-0.004385,-9.1858e-05,0.0083145
1.6016,-0.0025085,0.00014636,-0.016876,-0.0041402,-8.2044e-05,0.0083216
1.6113,-0.0071562,0.00013536,-0.015458,-0.0038784,-7.1466e-05,0.0083288
1.6211,-0.0013518,0.00012436,-0.014053,-0.0036149,-6.0166e-05,0.0083356
1.6309,0.0056407,0.00011336,-0.012742,-0.0033591,-4.8236e-05,0.0083418
1.6406,0.0033192,0.00010236,-0.011593,-0.0031154,-3.5819e-05,0.0083474
1.6504,0.0079878,9.1363e-05,-0.010649,-0.002888,-2.3128e-05,0.0083521
1.6602,-0.0013176,8.0363e-05,-0.0099255,-0.0026839,-1.0435e-05,0.0083561
1.6699,0.0033451,7.0363e-05,-0.0094044,-0.0025121,1.9298e-06,0.0083592
1.6797,-0.010566,6.0363e-05,-0.009045,-0.0023791,1.3608e-05,0.0083615
1.6894,0.0010326,5.1363e-05,-0.0087954,-0.0022844,2.4235e-05,0.0083629
1.6992,0.0021814,4.4363e-05,-0.0086103,-0.0022204,3.3464e-05,0.0083635
1.709,0.0045202,3.7363e-05,-0.0084624,-0.002178,4.0976e-05,0.0083632
1.7188,0.004579,3.2363e-05,-0.0083432,-0.0021521,4.6493e-05,0.0083619
1.7285,-0.0035821,2.9363e-05,-0.0082607,-0.0021442,4.9786e-05,0.0083597
1.7383,-0.00010317,2.7363e-05,-0.0082295,-0.0021587,5.07e-05,0.0083566
1.7481,-0.0047042,2.7363e-05,-0.008266,-0.0021979,4.9168e-05,0.0083528
1.7578,0.0022347,2.9363e-05,-0.0083926,-0.0022609,4.5228e-05,0.0083483
1.7676,0.0011037,3.2363e-05,-0.0086407,-0.0023462,3.9022e-05,0.0083435
1.7773,0.0046326,3.7363e-05,-0.0090472,-0.0024558,3.0796e-05,0.0083383
1.7871,-0.0035284,4.4363e-05,-0.0096455,-0.0025949,2.0886e-05,0.008333
1.7969,-9.3943e-06,5.1363e-05,-0.010448,-0.0027669,9.7198e-06,0.0083278
1.8066,-0.0034604,6.0363e-05,-0.011437,-0.0029689,-2.207e-06,0.0083228
1.8164,0.0022886,6.9363e-05,-0.012571,-0.0031921,-1.4347e-05,0.0083181
1.8262,0.0034876,7.8363e-05,-0.013791,-0.0034251,-2.6137e-05,0.0083138
1.8359,2.6552e-05,8.7363e-05,-0.015039,-0.0036576,-3.7025e-05,0.0083097
1.8457,0.0023655,9.5363e-05,-0.016249,-0.0038816,-4.6509e-05,0.0083058
1.8555,-0.0022795,0.00010336,-0.01736,-0.0040908,-5.4155e-05,0.008302
1.8652,0.0011934,0.00010936,-0.018308,-0.0042776,-5.9632e-05,0.0082982
1.875,-0.0045877,0.00011436,-0.019033,-0.0044316,-6.264e-05,0.0082945
1.8848,0.0046812,0.00011736,-0.01949,-0.0045413,-6.3094e-05,0.0082908
1.8945,8.0102e-05,0.00011836,-0.019664,-0.0045979,-6.0958e-05,0.0082872
1.9043,0.0035589,0.00011836,-0.019564,-0.0045984,-5.6331e-05,0.0082837
1.9141,-0.0034123,0.00011636,-0.019219,-0.0045467,-4.9426e-05,0.0082803
1.9238,-0.0010775,0.00011336,-0.018674,-0.0044523,-4.0549e-05,0.0082769
1.9336,-0.0022088,0.00010936,-0.017975,-0.0043254,-3.0074e-05,0.0082734
1.9434,-0.0010601,0.00010336,-0.017165,-0.0041729,-1.8417e-05,0.0082699
1.9531,0.0012726,9.6363e-05,-0.016283,-0.0039975,-6.132e-06,0.0082663
1.9629,-0.0010428,8.9363e-05,-0.015365,-0.003802,6.708e-06,0.0082626
1.9727,0.0059497,8.2363e-05,-0.014455,-0.0035938,1.9308e-05,0.0082587
1.9824,-0.0044918,7.5363e-05,-0.013588,-0.0033843,3.1386e-05,0.0082549
1.9922,0.0024466,6.9363e-05,-0.012783,-0.0031845,4.2582e-05,0.0082511
2.0019,-0.0010091,6.3363e-05,-0.012035,-0.0029994,5.2596e-05,0.0082474
2.0117,0.0071732,5.7363e-05,-0.011327,-0.0028272,6.1196e-05,0.0082441
2.0215,-0.00099255,5.3363e-05,-0.010639,-0.0026632,6.8214e-05,0.0082412
2.0312,0.0059996,5.0363e-05,-0.0099546,-0.0025062,7.3545e-05,0.0082389
2.041,-0.00097634,4.7363e-05,-0.0092656,-0.0023599,7.7132e-05,0.0082374
2.0508,-0.0044344,4.6363e-05,-0.0085806,-0.0022313,7.8971e-05,0.0082366
2.0606,-0.0021465,4.5363e-05,-0.0079254,-0.0021263,7.9111e-05,0.0082366
2.0703,-0.0032786,4.5363e-05,-0.0073369,-0.0020468,7.7651e-05,0.0082371
2.0801,0.0071791,4.5363e-05,-0.0068677,-0.0019941,7.4733e-05,0.008238
2.0898,0.0013867,4.6363e-05,-0.0065798,-0.0019716,7.0528e-05,0.0082392
2.0996,0.00025426,4.7363e-05,-0.0065237,-0.0019852,6.5232e-05,0.0082404
2.1094,-0.0020623,4.8363e-05,-0.0067206,-0.0020407,5.9056e-05,0.0082416
2.1191,0.00022903,4.9363e-05,-0.0071603,-0.00214,5.2232e-05,0.0082425
2.1289,-0.00090774,5.0363e-05,-0.0078167,-0.0022795,4.5006e-05,0.0082432
2.1387,0.0025634,5.0363e-05,-0.0086644,-0.0024517,3.7636e-05,0.0082433
2.1484,0.0060904,4.9363e-05,-0.0096769,-0.0026469,3.0381e-05,0.0082429
2.1582,0.0014373,4.7363e-05,-0.010824,-0.0028568,2.3484e-05,0.0082417
2.168,0.0026341,4.4363e-05,-0.012064,-0.0030764,1.7169e-05,0.0082398
2.1777,-0.0043393,4.1363e-05,-0.013333,-0.0033015,1.1629e-05,0.0082371
2.1875,-0.0020067,3.6363e-05,-0.014554,-0.0035262,7.037e-06,0.0082337
2.1973,-0.0054663,3.0363e-05,-0.015639,-0.0037388,3.538e-06,0.0082298
2.207,0.00732,2.4363e-05,-0.016507,-0.0039234,1.2509e-06,0.0082255
2.2168,-0.00084787,1.6363e-05,-0.017099,-0.0040638,2.5267e-07,0.008221
2.2266,0.0014822,8.3629e-06,-0.017384,-0.0041498,5.6839e-07,0.0082167
2.2363,-0.001976,-6.371e-07,-0.017367,-0.0041792,2.1609e-06,0.0082127
2.2461,-0.0042962,-9.6371e-06,-0.017081,-0.0041576,4.9312e-06,0.0082093
2.2559,-0.0054806,-1.8637e-05,-0.016578,-0.0040934,8.7252e-06,0.0082068
2.2656,0.0026949,-2.7637e-05,-0.015921,-0.0039937,1.3346e-05,0.0082052
2.2754,0.0038402,-3.6637e-05,-0.015167,-0.0038622,1.8561e-05,0.0082046
2.2852,0.0027054,-4.4637e-05,-0.014367,-0.0037023,2.411e-05,0.0082052
2.2949,0.0026604,-5.2637e-05,-0.013577,-0.0035216,2.9711e-05,0.0082069
2.3047,-0.0065947,-5.8637e-05,-0.012851,-0.0033318,3.5076e-05,0.0082096
2.3144,0.0015301,-6.4637e-05,-0.012228,-0.0031449,3.9923e-05,0.0082133
2.3242,-0.0019293,-6.9637e-05,-0.011716,-0.0029672,4.4002e-05,0.0082179
2.334,0.0038691,-7.2637e-05,-0.011284,-0.0027976,4.7099e-05,0.008223
2.3438,0.0027334,-7.4637e-05,-0.01088,-0.002629,4.9053e-05,0.0082288
2.3535,0.0015475,-7.4637e-05,-0.010451,-0.0024546,4.9746e-05,0.0082349
2.3633,-0.0030485,-7.3637e-05,-0.0099572,-0.002272,4.9104e-05,0.0082412
2.3731,-0.0053747,-7.0637e-05,-0.0093734,-0.002083,4.71e-05,0.0082476
2.3828,-0.00076502,-6.6637e-05,-0.00868,-0.0018884,4.3754e-05,0.0082538
2.3926,-0.0053675,-6.0637e-05,-0.0078643,-0.0016856,3.9136e-05,0.0082597
2.4023,0.00042583,-5.3637e-05,-0.0069212,-0.0014693,3.336e-05,0.008265
2.4121,-0.006551,-4.5637e-05,-0.005863,-0.0012365,2.6575e-05,0.0082695
2.4219,0.001572,-3.6637e-05,-0.0047233,-0.00099028,1.8952e-05,0.008273
2.4316,-0.011199,-2.6637e-05,-0.0035404,-0.00073649,1.0682e-05,0.0082754
2.4414,-0.0054024,-1.6637e-05,-0.0023491,-0.00047966,1.9741e-06,0.0082766
2.4512,-0.0042099,-6.6371e-06,-0.001179,-0.00021971,-6.9505e-06,0.0082766
2.4609,0.0062425,3.3629e-06,-5.4666e-05,4.7132e-05,-1.5868e-05,0.0082753
2.4707,0.0027247,1.2363e-05,0.0010045,0.00032461,-2.4568e-05,0.0082728
2.4805,-0.00073722,2.1363e-05,0.0019972,0.00061424,-3.2871e-05,0.0082691
2.4902,-0.0076713,2.8363e-05,0.0029444,0.0009141,-4.0639e-05,0.0082642
2.5,-0.0064796,3.5363e-05,0.003876,0.0012189,-4.7776e-05,0.0082583
2.5098,-0.007668,4.0363e-05,0.0048205,0.0015233,-5.423e-05,0.0082516
2.5195,-0.0041966,4.5363e-05,0.0058101,0.0018264,-5.9987e-05,0.0082444
2.5293,-0.0019153,5.0363e-05,0.0068682,0.0021295,-6.5067e-05,0.008237
2.5391,-0.00072824,5.3363e-05,0.0079839,0.0024292,-6.9527e-05,0.00823
2.5488,0.0062567,5.7363e-05,0.0091064,0.0027138,-7.3453e-05,0.0082235
2.5586,-0.018063,6.0363e-05,0.010174,0.002967,-7.6977e-05,0.0082179
2.5684,-0.012316,6.3363e-05,0.011134,0.0031743,-8.0192e-05,0.0082135
2.5781,-0.0076614,6.6363e-05,0.011942,0.0033259,-8.3209e-05,0.0082105
2.5879,-0.0053311,7.0363e-05,0.012567,0.0034172,-8.6111e-05,0.008209
2.5977,0.00045913,7.3363e-05,0.012985,0.0034463,-8.8961e-05,0.008209
2.6074,0.0015992,7.7363e-05,0.013179,0.0034096,-9.1806e-05,0.0082105
2.6172,-0.003051,8.1363e-05,0.013123,0.0032995,-9.4681e-05,0.0082132
2.6269,-0.0088512,8.4363e-05,0.012777,0.0031063,-9.7613e-05,0.008217
2.6367,-0.00072562,8.7363e-05,0.0121,0.0028221,-0.00010062,0.0082213
2.6465,0.0015978,8.9363e-05,0.011046,0.0024431,-0.00010371,0.0082259
2.6562,0.0027871,9.0363e-05,0.0095705,0.0019681,-0.0001069,0.0082303
2.666,0.0004563,9.1363e-05,0.0076406,0.0013966,-0.0001102,0.0082344
2.6758,0.0015953,9.1363e-05,0.0052365,0.00072579,-0.00011363,0.008238
2.6856,-0.0018698,9.0363e-05,0.0023611,-4.6487e-05,-0.0001172,0.0082409
2.6953,-0.001871,8.8363e-05,-0.00094631,-0.00091567,-0.00012088,0.0082433
2.7051,0.0051116,8.5363e-05,-0.0046174,-0.0018681,-0.00012465,0.0082451
2.7149,0.0039201,8.1363e-05,-0.0085656,-0.0028822,-0.00012842,0.0082464
2.7246,0.0062485,7.7363e-05,-0.012713,-0.0039349,-0.00013207,0.0082475
2.7344,0.0027767,7.3363e-05,-0.017004,-0.0050081,-0.00013546,0.0082484
2.7442,0.0073849,6.7363e-05,-0.021392,-0.0060899,-0.00013845,0.0082495
2.7539,0.0039129,6.2363e-05,-0.025838,-0.0071742,-0.00014087,0.0082509
2.7637,0.0073808,5.6363e-05,-0.030301,-0.0082544,-0.00014254,0.0082528
2.7735,-0.0018855,4.9363e-05,-0.034716,-0.0093168,-0.00014328,0.0082553
2.7832,0.0073762,4.3363e-05,-0.03901,-0.010342,-0.0001429,0.0082585
2.793,0.012028,3.6363e-05,-0.043131,-0.011311,-0.00014124,0.0082626
2.8028,0.014305,2.9363e-05,-0.047056,-0.012214,-0.00013818,0.0082675
2.8125,0.013162,2.2363e-05,-0.050779,-0.013048,-0.00013366,0.0082733
2.8223,0.0050356,1.5363e-05,-0.054293,-0.013816,-0.00012768,0.00828
2.8321,0.012017,8.3629e-06,-0.057562,-0.014515,-0.00012028,0.0082875
2.8418,0.0038897,2.3629e-06,-0.06053,-0.015139,-0.00011155,0.0082956
2.8516,0.017806,-3.6371e-06,-0.063133,-0.015671,-0.00010161,0.008304
2.8613,0.0038834,-8.6371e-06,-0.065298,-0.016098,-9.0639e-05,0.0083124
2.8711,0.0073501,-1.3637e-05,-0.06695,-0.016406,-7.8824e-05,0.0083207
2.8809,-0.0019173,-1.6637e-05,-0.068001,-0.016583,-6.6397e-05,0.0083287
2.8906,0.0050133,-1.8637e-05,-0.068333,-0.016616,-5.3601e-05,0.0083361
2.9004,0.0073397,-2.0637e-05,-0.067827,-0.016489,-4.0683e-05,0.0083428
2.9102,0.01427,-2.0637e-05,-0.066408,-0.016186,-2.7883e-05,0.0083489
2.9199,0.0085223,-1.9637e-05,-0.064064,-0.015702,-1.5431e-05,0.0083542
2.9297,0.010842,-1.8637e-05,-0.060851,-0.015042,-3.5416e-06,0.0083588
2.9395,0.0061845,-1.6637e-05,-0.05688,-0.01422,7.5905e-06,0.0083627
2.9492,0.0049906,-1.3637e-05,-0.052313,-0.013259,1.7802e-05,0.008366
2.959,0.01311,-1.0637e-05,-0.047346,-0.012186,2.6967e-05,0.0083686
2.9688,0.0049824,-7.6371e-06,-0.042175,-0.011025,3.5003e-05,0.0083706
2.9785,0.010822,-3.6371e-06,-0.036958,-0.0097988,4.1863e-05,0.008372
2.9883,0.0026939,-6.371e-07,-0.031803,-0.0085249,4.7533e-05,0.0083728
2.9981,0.0084895,3.3629e-06,-0.026767,-0.0072197,5.2018e-05,0.0083731
3.0078,-0.0019689,6.3629e-06,-0.021868,-0.005897,5.5337e-05,0.0083729
3.0176,0.0038206,1.0363e-05,-0.017106,-0.0045682,5.7512e-05,0.0083722
3.0274,0.0038161,1.3363e-05,-0.012482,-0.0032434,5.8569e-05,0.0083712
3.0371,-0.0019825,1.7363e-05,-0.0079921,-0.0019308,5.8524e-05,0.0083701
3.0469,-0.0043131,2.2363e-05,-0.0036279,-0.00063951,5.7386e-05,0.008369
3.0567,-0.011302,2.7363e-05,0.00061121,0.00061673,5.5159e-05,0.0083681
3.0664,-0.0019965,3.2363e-05,0.0047354,0.0018225,5.1854e-05,0.0083674
3.0762,-0.013638,3.8363e-05,0.0087873,0.0029672,4.7507e-05,0.0083669
3.086,-0.00081812,4.5363e-05,0.012835,0.0040487,4.2203e-05,0.0083668
3.0957,-0.003197,5.2363e-05,0.016936,0.0050711,3.6085e-05,0.0083669
3.1055,0.00026814,5.9363e-05,0.021095,0.0060401,2.9362e-05,0.0083674
3.1153,-0.010147,6.6363e-05,0.025268,0.0069592,2.2304e-05,0.0083682
3.125,-0.013616,7.3363e-05,0.029358,0.0078269,1.5231e-05,0.0083691
3.1348,-0.013621,7.9363e-05,0.033249,0.0086404,8.5095e-06,0.0083701
3.1446,-0.011346,8.5363e-05,0.036837,0.0094013,2.5337e-06,0.0083709
3.1543,-0.0020867,8.9363e-05,0.040039,0.01012,-2.2916e-06,0.0083714
3.1641,-0.0078417,9.3363e-05,0.042809,0.010814,-5.5863e-06,0.0083714
3.1738,-0.0032368,9.5363e-05,0.045158,0.011507,-7.0327e-06,0.0083707
3.1836,-0.010182,9.6363e-05,0.047151,0.012218,-6.4195e-06,0.0083692
3.1934,-0.017118,9.7363e-05,0.048902,0.012963,-3.672e-06,0.0083666
3.2031,-0.019451,9.7363e-05,0.050551,0.01375,1.128e-06,0.008363
3.2129,-0.013661,9.8363e-05,0.052239,0.014582,7.7395e-06,0.0083581
3.2227,-0.019461,9.9363e-05,0.054092,0.015458,1.577e-05,0.0083519
3.2324,-0.017138,0.00010036,0.056227,0.016371,2.469e-05,0.0083444
3.2422,-0.018331,0.00010436,0.058735,0.017306,3.3861e-05,0.0083358
3.252,-0.034581,0.00010936,0.061652,0.018235,4.257e-05,0.0083262
3.2617,-0.027603,0.00011636,0.064952,0.019122,5.0082e-05,0.0083159
3.2715,-0.036918,0.00012636,0.068573,0.019926,5.5695e-05,0.0083053
3.2813,-0.027613,0.00013936,0.072417,0.020611,5.8797e-05,0.0082946
3.291,-0.03574,0.00015536,0.076327,0.021144,5.8908e-05,0.0082843
3.3008,-0.01722,0.00017236,0.080089,0.021498,5.5713e-05,0.0082749
3.3106,-0.021832,0.00019236,0.083451,0.021646,4.9066e-05,0.0082666
3.3203,-0.0079207,0.00021236,0.086149,0.021562,3.8994e-05,0.0082597
3.3301,-0.012579,0.00023336,0.087914,0.021215,2.5686e-05,0.0082545
3.3399,-0.011396,0.00025336,0.088453,0.02057,9.4862e-06,0.008251
3.3496,-0.0044643,0.00027236,0.087493,0.019592,-9.1141e-06,0.0082491
3.3594,-0.0032788,0.00028936,0.084803,0.018257,-2.9488e-05,0.0082488
3.3692,0.010583,0.00030236,0.080224,0.016552,-5.0893e-05,0.0082497
3.3789,0.0013126,0.00031136,0.073668,0.014473,-7.2501e-05,0.0082517
3.3887,0.0059684,0.00031636,0.065134,0.012025,-9.3425e-05,0.0082545
3.3985,0.00016425,0.00031636,0.054713,0.0092203,-0.00011275,0.0082578
3.4082,0.017549,0.00031136,0.042579,0.0060835,-0.00012956,0.0082614
3.418,0.010562,0.00030036,0.02897,0.0026543,-0.00014296,0.0082651
3.4278,0.019868,0.00028236,0.01417,-0.0010113,-0.00015207,0.0082687
3.4375,0.014023,0.00025836,-0.0015211,-0.0048454,-0.00015614,0.008272
3.4473,0.026796,0.00022836,-0.017792,-0.0087741,-0.0001545,0.0082748
3.4571,0.014062,0.00019236,-0.034331,-0.012722,-0.00014666,0.0082772
3.4668,0.010544,0.00015036,-0.050832,-0.016613,-0.00013233,0.0082789
3.4766,0.029114,0.00010236,-0.067002,-0.020373,-0.00011143,0.00828
3.4863,0.027922,5.0363e-05,-0.082564,-0.023925,-8.4132e-05,0.0082806
3.4961,0.039557,-7.6371e-06,-0.097262,-0.027203,-5.0863e-05,0.0082807
3.5059,0.026776,-6.8637e-05,-0.1109,-0.030155,-1.2326e-05,0.0082805
3.5156,0.036083,-0.00013184,-0.12335,-0.032757,3.0514e-05,0.00828
3.5254,0.024443,-0.00019744,-0.13455,-0.03501,7.646e-05,0.0082792
3.5352,0.025628,-0.00026374,-0.14451,-0.036936,0.00012414,0.0082779
3.5449,0.019783,-0.00032964,-0.15324,-0.038624,0.00017209,0.0082763
3.5547,0.025623,-0.00039364,-0.1608,-0.039971,0.00021881,0.0082741
3.5645,0.030228,-0.00045564,-0.16725,-0.04118,0.00026292,0.0082713
3.5742,0.0082369,-0.00051364,-0.17267,-0.042256,0.00030317,0.0082679
3.584,0.019821,-0.00056764,-0.17711,-0.04325,0.00033857,0.0082641
3.5938,0.0093686,-0.00061664,-0.18067,-0.044201,0.00036846,0.0082601
3.6035,0.020957,-0.00066064,-0.1834,-0.045129,0.00039254,0.008256
3.6133,0.016348,-0.00069864,-0.18538,-0.046026,0.00041087,0.0082522
3.6231,0.040666,-0.00073164,-0.18666,-0.046855,0.0004239,0.0082489
3.6328,0.038336,-0.00075964,-0.18735,-0.04756,0.00043231,0.0082463
3.6426,0.040663,-0.00078264,-0.18752,-0.04808,0.00043699,0.0082443
3.6524,0.034866,-0.00080264,-0.18727,-0.048353,0.00043887,0.008243
3.6621,0.03952,-0.00081864,-0.18665,-0.048325,0.00043885,0.0082419
3.6719,0.019806,-0.00083264,-0.18562,-0.047942,0.0004377,0.0082409
3.6817,0.031394,-0.00084264,-0.18402,-0.047154,0.00043598,0.0082396
3.6914,0.027878,-0.00085064,-0.18163,-0.045917,0.00043401,0.0082378
3.7012,0.015147,-0.00085564,-0.17817,-0.044199,0.00043183,0.0082353
3.711,0.025596,-0.00085664,-0.17335,-0.04198,0.00042926,0.0082321
3.7207,0.0082143,-0.00085364,-0.16689,-0.039255,0.00042708,0.0082285
3.7305,0.0058835,-0.00084664,-0.15854,-0.03603,0.00042103,0.0082249
3.7403,-0.0045672,-0.00083264,-0.14813,-0.032322,0.00041409,0.0082217
3.75,-0.0068979,-0.00081264,-0.13557,-0.02816,0.0004043,0.0082195
3.7598,-0.0045685,-0.00078564,-0.12086,-0.023592,0.00039096,0.0082185
3.7696,-0.018488,-0.00075064,-0.1041,-0.018679,0.00037347,0.0082191
3.7793,-0.0173,-0.00070664,-0.085491,-0.013504,0.0003514,0.008221
3.7891,-0.032406,-0.00065464,-0.065279,-0.0081553,0.00032456,0.008224
3.7988,-0.030079,-0.00059264,-0.043756,-0.0027253,0.00029305,0.0082276
3.8086,-0.035921,-0.00052064,-0.021249,0.0026965,0.00025731,0.0082312
3.8184,-0.027752,-0.00044064,0.0018664,0.0080239,0.00021812,0.0082342
3.8281,-0.04053,-0.00035164,0.025166,0.013173,0.00017665,0.0082361
3.8379,-0.034735,-0.00025544,0.048199,0.018068,0.00013438,0.0082365
3.8477,-0.049792,-0.00015264,0.070508,0.022644,9.3097e-05,0.0082353
3.8574,-0.05326,-4.4637e-05,0.091663,0.026858,5.4837e-05,0.0082327
3.8672,-0.042857,6.6363e-05,0.11129,0.030694,2.1781e-05,0.008229
3.877,-0.05212,0.00017836,0.12913,0.034172,-3.848e-06,0.008225
3.8867,-0.031267,0.00029136,0.14503,0.037342,-1.9943e-05,0.0082212
3.8965,-0.02894,0.00040036,0.15901,0.040279,-2.4673e-05,0.0082184
3.9063,-0.018441,0.00050636,0.17118,0.043066,-1.6658e-05,0.0082171
3.916,-0.015021,0.00060636,0.18175,0.045777,4.8745e-06,0.0082177
3.9258,-0.040529,0.00070036,0.19093,0.048456,3.9973e-05,0.0082204
3.9356,-0.031265,0.00078536,0.19897,0.051108,8.791e-05,0.008225
3.9453,-0.041715,0.00086536,0.20608,0.053689,0.0001472,0.0082311
3.9551,-0.054444,0.00093536,0.21242,0.056113,0.00021571,0.0082385
3.9649,-0.077624,0.0010054,0.21814,0.05827,0.00029084,0.0082467
3.9746,-0.063706,0.0010654,0.22335,0.06005,0.00036971,0.0082556
3.9844,-0.064892,0.0011254,0.2281,0.061356,0.00044945,0.0082651
3.9942,-0.053254,0.0011854,0.23238,0.062131,0.00052737,0.0082753
4.0039,-0.063703,0.0012354,0.23617,0.062364,0.00060112,0.0082866
4.0137,-0.038194,0.0012854,0.23946,0.062093,0.00066881,0.0082995
4.0235,-0.027791,0.0013254,0.24223,0.061389,0.00072898,0.0083141
4.0332,-0.01962,0.0013754,0.24439,0.060332,0.00078058,0.0083308
4.043,-0.017291,0.0014054,0.24578,0.058995,0.00082291,0.0083494
4.0528,0.0058913,0.0014354,0.24616,0.057419,0.00085551,0.0083693
4.0625,-0.0034173,0.0014654,0.24519,0.055614,0.00087808,0.0083898
4.0723,-0.0022299,0.0014854,0.24251,0.053557,0.00089045,0.00841
4.0821,0.0058957,0.0014954,0.2378,0.05121,0.00089255,0.0084288
4.0918,0.0082274,0.0014954,0.23084,0.048529,0.0008844,0.0084455
4.1016,0.011693,0.0014954,0.22152,0.04547,0.00086612,0.0084595
4.1113,0.015162,0.0014754,0.20979,0.041993,0.00083796,0.0084709
4.1211,0.011697,0.0014554,0.19571,0.038069,0.00080029,0.00848
4.1309,0.017494,0.0014254,0.17937,0.03368,0.00075367,0.0084875
4.1406,0.031366,0.0013954,0.16086,0.028819,0.00069882,0.0084947
4.1504,0.023294,0.0013454,0.14031,0.023496,0.00063668,0.0085026
4.1602,0.041868,0.0012954,0.11781,0.017739,0.00056839,0.0085123
4.1699,0.024439,0.0012354,0.093506,0.0116,0.00049527,0.0085249
4.1797,0.053416,0.0011754,0.067614,0.0051546,0.0004188,0.0085409
4.1895,0.047671,0.0010954,0.040404,-0.001497,0.00034057,0.0085606
4.1992,0.048814,0.0010154,0.012218,-0.0082394,0.0002622,0.0085838
4.209,0.05694,0.00091536,-0.01654,-0.014948,0.00018525,0.0086099
4.2188,0.065065,0.00081536,-0.045407,-0.021497,0.00011113,0.0086379
4.2285,0.074331,0.00070736,-0.073886,-0.027773,4.1046e-05,0.0086668
4.2383,0.061556,0.00058836,-0.1015,-0.033682,-2.4109e-05,0.008695
4.2481,0.065028,0.00046136,-0.12784,-0.039163,-8.3764e-05,0.0087212
4.2578,0.060423,0.00032536,-0.15257,-0.04419,-0.00013767,0.008744
4.2676,0.060427,0.00018336,-0.17546,-0.048774,-0.00018588,0.0087624
4.2774,0.031456,3.5363e-05,-0.19636,-0.052952,-0.00022865,0.0087758
4.2871,0.032599,-0.00011794,-0.21522,-0.056778,-0.00026635,0.0087843
4.2969,0.038398,-0.00027434,-0.23206,-0.060311,-0.00029933,0.0087882
4.3067,0.038402,-0.00043364,-0.24695,-0.063595,-0.00032785,0.0087887
4.3164,0.047716,-0.00059364,-0.26001,-0.066649,-0.00035196,0.0087874
4.3262,0.052328,-0.00075464,-0.27134,-0.069452,-0.00037149,0.0087861
4.336,0.062782,-0.00091564,-0.28099,-0.071948,-0.00038606,0.0087863
4.3457,0.055804,-0.0010766,-0.289,-0.074059,-0.00039521,0.0087896
4.3555,0.069773,-0.0012346,-0.29541,-0.075704,-0.00039842,0.0087968
4.3653,0.063982,-0.0013946,-0.30028,-0.076821,-0.00039536,0.0088078
4.375,0.052349,-0.0015546,-0.30374,-0.077385,-0.00038589,0.0088218
4.3848,0.040764,-0.0017146,-0.30598,-0.077417,-0.00037016,0.0088373
4.3946,0.040768,-0.0018646,-0.30726,-0.07698,-0.00034865,0.0088522
4.4043,0.023388,-0.0020046,-0.30787,-0.076163,-0.00032208,0.0088644
4.4141,0.019924,-0.0021446,-0.30805,-0.075061,-0.00029133,0.0088723
4.4238,0.011807,-0.0022846,-0.308,-0.073756,-0.00025739,0.0088748
4.4336,0.0024969,-0.0024046,-0.30783,-0.072301,-0.00022122,0.0088717
4.4434,-0.0067586,-0.0025146,-0.30758,-0.07072,-0.00018368,0.0088639
4.4531,0.00022575,-0.0026146,-0.30716,-0.068999,-0.00014552,0.0088532
4.4629,-0.01022,-0.0026946,-0.30639,-0.067092,-0.00010735,0.0088419
4.4727,-0.021802,-0.0027646,-0.30498,-0.064929,-6.9682e-05,0.0088325
4.4824,-0.013722,-0.0028146,-0.30255,-0.062426,-3.2901e-05,0.0088271
4.4922,-0.026448,-0.0028546,-0.29862,-0.059502,2.6184e-06,0.0088273
4.502,-0.029912,-0.0028746,-0.29265,-0.056085,3.6522e-05,0.0088336
4.5117,-0.042685,-0.0028646,-0.28408,-0.052128,6.8461e-05,0.0088459
4.5215,-0.050756,-0.0028446,-0.27241,-0.047615,9.811e-05,0.008863
4.5313,-0.056547,-0.0028046,-0.25724,-0.042569,0.00012522,0.0088833
4.541,-0.080911,-0.0027346,-0.2383,-0.037043,0.00014967,0.0089049
4.5508,-0.086702,-0.0026446,-0.21551,-0.031119,0.00017161,0.0089261
4.5606,-0.10641,-0.0025346,-0.18903,-0.024898,0.00019148,0.0089456
4.5703,-0.1018,-0.0024046,-0.15918,-0.018483,0.00021014,0.0089626
4.5801,-0.11453,-0.0022546,-0.1265,-0.01197,0.00022884,0.0089769
4.5899,-0.10407,-0.0020846,-0.091655,-0.0054368,0.00024928,0.0089886
4.5996,-0.092526,-0.0019046,-0.05541,0.0010735,0.00027347,0.0089986
4.6094,-0.054238,-0.0017046,-0.018552,0.0075516,0.0003036,0.0090076
4.6192,-0.037989,-0.0014946,0.01815,0.014021,0.00034188,0.0090167
4.6289,-0.035706,-0.0012746,0.053988,0.020523,0.00039025,0.0090266
4.6387,-0.012428,-0.0010546,0.088338,0.027097,0.00045013,0.0090376
4.6485,-0.021735,-0.00083164,0.12067,0.03374,0.0005222,0.0090499
4.6582,-0.043773,-0.00060864,0.15054,0.040388,0.00060625,0.0090628
4.668,-0.079728,-0.00038764,0.17763,0.046901,0.00070112,0.0090755
4.6778,-0.066995,-0.00016844,0.20172,0.053083,0.00080483,0.0090865
4.6875,-0.075115,4.9363e-05,0.22273,0.058712,0.00091477,0.0090948
4.6973,-0.071597,0.00026536,0.2407,0.063586,0.001028,0.0090992
4.7071,-0.07967,0.00047936,0.2558,0.067558,0.0011417,0.0090994
4.7168,-0.057676,0.00069236,0.26831,0.070563,0.001253,0.0090953
4.7266,-0.050739,0.00090536,0.27857,0.07262,0.0013598,0.0090878
4.7363,-0.039147,0.0011154,0.28697,0.073826,0.0014603,0.0090784
4.7461,-0.039097,0.0013154,0.29392,0.07433,0.0015534,0.0090689
4.7559,-0.019383,0.0015154,0.29976,0.074305,0.0016382,0.0090614
4.7656,-0.0089319,0.0017154,0.30481,0.073923,0.0017145,0.0090578
4.7754,-0.01012,0.0018954,0.30929,0.073328,0.0017819,0.0090593
4.7852,-0.010118,0.0020754,0.31335,0.072621,0.0018402,0.0090667
4.7949,-0.010117,0.0022354,0.317,0.071854,0.0018894,0.0090796
4.8047,-0.0089251,0.0023854,0.3202,0.071026,0.0019291,0.0090971
4.8145,0.0026665,0.0025254,0.32275,0.070092,0.0019591,0.0091174
4.8242,0.015399,0.0026554,0.32439,0.068974,0.0019789,0.0091384
4.834,0.010793,0.0027654,0.32483,0.067583,0.0019885,0.0091582
4.8438,0.024712,0.0028654,0.32382,0.065832,0.0019875,0.0091753
4.8535,0.030508,0.0029454,0.32112,0.063651,0.0019762,0.0091887
4.8633,0.031603,0.0030054,0.31655,0.060997,0.0019548,0.0091985
4.8731,0.038586,0.0030554,0.30998,0.057861,0.0019239,0.0092059
4.8828,0.054832,0.0030854,0.30138,0.054273,0.0018844,0.0092126
4.8926,0.066424,0.0030954,0.29076,0.050293,0.0018373,0.0092211
4.9024,0.07108,0.0030854,0.27817,0.046002,0.0017839,0.0092339
4.9121,0.097776,0.0030554,0.26372,0.04149,0.0017253,0.0092533
4.9219,0.095403,0.0030054,0.24745,0.036836,0.0016626,0.0092807
4.9317,0.11165,0.0029354,0.22937,0.032096,0.0015966,0.0093167
4.9414,0.10353,0.0028454,0.2094,0.027298,0.0015279,0.0093609
4.9512,0.10353,0.0027254,0.1874,0.022438,0.0014567,0.0094118
4.961,0.11512,0.0025954,0.16321,0.017475,0.0013828,0.0094671
4.9707,0.10472,0.0024454,0.13664,0.01234,0.0013058,0.0095242
4.9805,0.093083,0.0022754,0.10757,0.0069408,0.001225,0.0095804
4.9903,0.057174,0.0020854,0.076027,0.001178,0.0011396,0.0096334
5,0.065297,0.0018854,0.042188,-0.0050391,0.0010491,0.0096816
5.0098,0.038651,0.0016754,0.0064224,-0.011769,0.00095282,0.0097243
5.0196,0.044399,0.0014554,-0.030723,-0.019011,0.00085083,0.0097617
5.0293,0.040933,0.0012254,-0.068532,-0.026684,0.00074359,0.009795
5.0391,0.075704,0.00099536,-0.10615,-0.034616,0.00063211,0.0098262
5.0488,0.072284,0.00075836,-0.14263,-0.042551,0.00051788,0.0098575
5.0586,0.078032,0.00051636,-0.17705,-0.050185,0.00040271,0.0098914
5.0684,0.086156,0.00027136,-0.20858,-0.057213,0.00028848,0.0099295
5.0781,0.085017,2.3363e-05,-0.23658,-0.063376,0.00017692,0.0099726
5.0879,0.085017,-0.00022574,-0.26071,-0.068501,6.9402e-05,0.010021
5.0977,0.04906,-0.00047564,-0.28091,-0.072525,-3.3174e-05,0.010072
5.1074,0.042078,-0.00072464,-0.29737,-0.075488,-0.00013039,0.010124
5.1172,0.043265,-0.00096964,-0.31053,-0.07752,-0.00022223,0.010174
5.127,0.02474,-0.0012106,-0.321,-0.078804,-0.0003089,0.010219
5.1367,-0.0019544,-0.0014446,-0.32941,-0.079537,-0.00039061,0.010256
5.1465,0.010776,-0.0016746,-0.33639,-0.079891,-0.00046741,0.010283
5.1563,0.0084994,-0.0018846,-0.34244,-0.079993,-0.00053901,0.0103
5.166,-0.00081493,-0.0020846,-0.34795,-0.079903,-0.00060474,0.010308
5.1758,-0.0054214,-0.0022846,-0.3531,-0.079619,-0.00066353,0.010309
5.1856,-0.0054719,-0.0024646,-0.35792,-0.079082,-0.00071401,0.010306
5.1953,-0.0031427,-0.0026346,-0.36227,-0.078199,-0.00075472,0.010303
5.2051,-0.023998,-0.0027946,-0.36587,-0.076861,-0.00078425,0.010302
5.2149,-0.023999,-0.0029346,-0.36837,-0.074968,-0.00080147,0.010306
5.2246,-0.041385,-0.0030646,-0.36936,-0.07245,-0.00080573,0.010317
5.2344,-0.048368,-0.0031846,-0.36847,-0.069283,-0.00079694,0.010333
5.2442,-0.059913,-0.0032846,-0.3653,-0.065492,-0.00077565,0.010353
5.2539,-0.07388,-0.0033646,-0.35949,-0.06115,-0.00074297,0.010375
5.2637,-0.098248,-0.0034146,-0.3507,-0.056371,-0.00070048,0.010397
5.2735,-0.1191,-0.0034546,-0.33868,-0.0513,-0.00065,0.010416
5.2832,-0.13416,-0.0034646,-0.32325,-0.046094,-0.00059338,0.01043
5.293,-0.15739,-0.0034446,-0.30433,-0.0409,-0.0005322,0.010439
5.3028,-0.16894,-0.0033846,-0.28195,-0.035828,-0.00046755,0.010442
5.3125,-0.17478,-0.0033046,-0.25622,-0.030929,-0.00039984,0.010441
5.3223,-0.14695,-0.0032046,-0.22735,-0.026186,-0.00032874,0.010438
5.3321,-0.12952,-0.0030646,-0.19564,-0.021501,-0.00025316,0.010437
5.3418,-0.081978,-0.0029046,-0.16147,-0.016713,-0.00017147,0.010441
5.3516,-0.051867,-0.0027246,-0.1253,-0.011617,-8.1733e-05,0.010452
5.3613,-0.0043218,-0.0025246,-0.087676,-0.006013,1.7875e-05,0.010473
5.3711,-0.014777,-0.0023146,-0.049229,0.00024782,0.00012872,0.010503
5.3809,-0.046036,-0.0020946,-0.01065,0.0072074,0.00025136,0.010542
5.3906,-0.051883,-0.0018746,0.027358,0.01477,0.00038531,0.010586
5.4004,-0.082049,-0.0016446,0.064111,0.022701,0.00052906,0.010632
5.4102,-0.10063,-0.0014046,0.098988,0.030665,0.00068019,0.010674
5.4199,-0.095976,-0.0011656,0.13148,0.038296,0.00083575,0.01071
5.4297,-0.069286,-0.00092064,0.16122,0.04527,0.00099255,0.010735
5.4395,-0.079693,-0.00067064,0.18802,0.051368,0.0011476,0.010748
5.4492,-0.066968,-0.00041664,0.21189,0.056495,0.0012983,0.010749
5.459,-0.048448,-0.00015844,0.23296,0.060679,0.0014424,0.010741
5.4688,-0.022898,0.00010136,0.25146,0.064032,0.0015782,0.010726
5.4785,-0.035728,0.00036236,0.26768,0.066703,0.0017044,0.01071
5.4883,-0.026423,0.00062236,0.28191,0.068841,0.0018197,0.010696
5.4981,0.0014023,0.00087536,0.2944,0.070561,0.0019228,0.010689
5.5078,-0.002067,0.0011354,0.30531,0.071927,0.0020123,0.010691
5.5176,-0.018317,0.0013754,0.31471,0.072949,0.002087,0.010703
5.5274,-0.02179,0.0016154,0.3226,0.073593,0.0021452,0.010725
5.5371,-0.0020829,0.0018454,0.32896,0.0738,0.0021857,0.010754
5.5469,0.0037057,0.0020654,0.33378,0.073502,0.0022073,0.010787
5.5567,0.010684,0.0022854,0.33706,0.072637,0.0022092,0.010819
5.5664,0.022221,0.0024854,0.33884,0.071161,0.0021911,0.010848
5.5762,0.041976,0.0026754,0.3391,0.069049,0.0021533,0.01087
5.586,0.030334,0.0028554,0.33786,0.066301,0.0020967,0.010883
5.5957,0.046574,0.0030154,0.33508,0.062942,0.002023,0.010888
5.6055,0.058159,0.0031554,0.33065,0.059022,0.0019344,0.010886
5.6153,0.061621,0.0032854,0.32446,0.054618,0.0018336,0.01088
5.625,0.091779,0.0033854,0.31638,0.049841,0.0017237,0.010874
5.6348,0.115,0.0034654,0.30633,0.04483,0.0016081,0.010873
5.6446,0.13233,0.0035154,0.29432,0.039746,0.00149,0.010881
5.6543,0.12886,0.0035254,0.28032,0.034748,0.0013725,0.010901
5.6641,0.16952,0.0035154,0.2643,0.029963,0.001258,0.010934
5.6738,0.17179,0.0034654,0.2462,0.02546,0.0011484,0.01098
5.6836,0.17412,0.0033854,0.22583,0.021237,0.0010444,0.011038
5.6934,0.14856,0.0032654,0.20297,0.017207,0.00094601,0.011104
5.7031,0.14162,0.0031254,0.17732,0.013211,0.00085243,0.011173
5.7129,0.10685,0.0029454,0.14862,0.0090317,0.00076214,0.011242
5.7227,0.067418,0.0027454,0.11671,0.004424,0.00067328,0.011306
5.7324,0.045374,0.0025254,0.081635,-0.00084266,0.00058397,0.011362
5.7422,0.051166,0.0022854,0.043676,-0.0069377,0.00049264,0.011409
5.752,0.081325,0.0020254,0.0034187,-0.013922,0.00039837,0.011447
5.7617,0.05002,0.0017654,-0.03829,-0.021712,0.00030104,0.011478
5.7715,0.080132,0.0014854,-0.080401,-0.030081,0.00020145,0.011503
5.7813,0.1091,0.0011954,-0.12175,-0.038684,0.0001011,0.011528
5.791,0.10682,0.00089536,-0.16115,-0.047124,2.027e-06,0.011556
5.8008,0.060411,0.00058736,-0.19761,-0.055023,-9.3605e-05,0.011589
5.8106,0.10216,0.00027536,-0.23038,-0.062079,-0.00018378,0.011629
5.8203,0.10563,-4.2637e-05,-0.25901,-0.0681,-0.00026686,0.011676
5.8301,0.05575,-0.00036264,-0.2834,-0.07302,-0.00034177,0.011728
5.8399,0.029101,-0.00068364,-0.30375,-0.076882,-0.00040793,0.011782
5.8496,0.036034,-0.0010026,-0.32053,-0.079819,-0.0004652,0.011835
5.8594,0.014039,-0.0013146,-0.33433,-0.082005,-0.00051368,0.011882
5.8692,-0.017265,-0.0016246,-0.34574,-0.083621,-0.00055353,0.011921
5.8789,-0.0033956,-0.0019246,-0.35535,-0.084813,-0.00058477,0.01195
5.8887,0.013987,-0.0022046,-0.36363,-0.085671,-0.00060718,0.011967
5.8985,0.0059112,-0.0024846,-0.3709,-0.086207,-0.00062025,0.011975
5.9082,-0.0045404,-0.0027346,-0.37729,-0.086361,-0.00062327,0.011974
5.918,-0.0022159,-0.0029846,-0.38282,-0.086013,-0.00061548,0.01197
5.9278,-0.0057333,-0.0032046,-0.38736,-0.085015,-0.00059627,0.011965
5.9375,-0.027726,-0.0034146,-0.39071,-0.08322,-0.00056548,0.011964
5.9473,-0.028915,-0.0036146,-0.39257,-0.080513,-0.00052355,0.011969
5.9571,-0.053237,-0.0037846,-0.39263,-0.076838,-0.00047172,0.011982
5.9668,-0.067155,-0.0039346,-0.39059,-0.072213,-0.00041208,0.012003
5.9766,-0.078746,-0.0040646,-0.38614,-0.066739,-0.00034745,0.012031
5.9863,-0.093853,-0.0041646,-0.37897,-0.06059,-0.00028124,0.012064
5.9961,-0.13679,-0.0042346,-0.36878,-0.053998,-0.00021715,0.012098
6.0059,-0.16577,-0.0042646,-0.35527,-0.047231,-0.00015873,0.012132
6.0156,-0.18895,-0.0042646,-0.33819,-0.040564,-0.00010904,0.012161
6.0254,-0.19708,-0.0042246,-0.31742,-0.034241,-7.018e-05,0.012186
6.0352,-0.2214,-0.0041446,-0.29292,-0.028444,-4.298e-05,0.012204
6.0449,-0.22491,-0.0040246,-0.26477,-0.023259,-2.6764e-05,0.012218
6.0547,-0.21907,-0.0038646,-0.23321,-0.018662,-1.9299e-05,0.01223
6.0645,-0.15186,-0.0036746,-0.1986,-0.014514,-1.6914e-05,0.012242
6.0742,-0.10778,-0.0034546,-0.1614,-0.010569,-1.4823e-05,0.012257
6.084,-0.088025,-0.0032046,-0.12214,-0.0065017,-7.6088e-06,0.01228
6.0938,-0.010367,-0.0029346,-0.081418,-0.0019663,1.0165e-05,0.01231
6.1035,0.0070215,-0.0026546,-0.039929,0.0033349,4.3303e-05,0.01235
6.1133,-0.028939,-0.0023746,0.0015824,0.0095799,9.5382e-05,0.012397
6.1231,-0.075347,-0.0020846,0.042333,0.016776,0.00016832,0.012449
6.1328,-0.047467,-0.0017946,0.081528,0.024738,0.00026221,0.0125
6.1426,-0.084613,-0.0015046,0.11841,0.033123,0.00037536,0.012546
6.1524,-0.12513,-0.0012126,0.15235,0.041495,0.00050467,0.012582
6.1621,-0.09269,-0.00092364,0.18289,0.049418,0.0006461,0.012602
6.1719,-0.060201,-0.00063364,0.20985,0.056536,0.00079516,0.012606
6.1817,-0.086897,-0.00034164,0.23328,0.062616,0.00094743,0.012593
6.1914,-0.11013,-4.6637e-05,0.25346,0.067569,0.0010989,0.012566
6.2012,-0.049801,0.00025036,0.27078,0.071425,0.001246,0.01253
6.211,-0.04168,0.00054836,0.28571,0.074297,0.0013858,0.01249
6.2207,-0.034746,0.00084536,0.29871,0.076341,0.0015161,0.012454
6.2305,-0.032418,0.0011454,0.31022,0.077722,0.001635,0.012428
6.2403,0.0047273,0.0014354,0.32057,0.078586,0.0017408,0.012416
6.25,0.0023971,0.0017154,0.32995,0.079037,0.0018323,0.01242
6.2598,-0.008053,0.0019954,0.33839,0.079132,0.0019082,0.012441
6.2696,-0.0092429,0.0022554,0.3458,0.078875,0.0019664,0.012476
6.2793,0.0046773,0.0025154,0.35199,0.078221,0.0020094,0.012521
6.2891,0.0070078,0.0027554,0.3567,0.077093,0.0020332,0.012569
6.2988,0.018597,0.0029854,0.35967,0.075387,0.0020385,0.012614
6.3086,0.033703,0.0032054,0.36066,0.073,0.0020253,0.012651
6.3184,0.039499,0.0034054,0.35953,0.069848,0.0019943,0.012675
6.3281,0.046436,0.0035854,0.35617,0.065887,0.0019467,0.012685
6.3379,0.065009,0.0037454,0.35058,0.061129,0.0018844,0.01268
6.3477,0.077789,0.0038854,0.34282,0.055657,0.00181,0.012665
6.3574,0.098596,0.0040054,0.33303,0.049627,0.0017267,0.012645
6.3672,0.13228,0.0040954,0.3214,0.043266,0.0016378,0.012626
6.377,0.16942,0.0041554,0.30813,0.036845,0.001547,0.012614
6.3867,0.19142,0.0041754,0.29343,0.030649,0.0014576,0.012616
6.3965,0.20301,0.0041554,0.27742,0.024935,0.0013722,0.012636
6.4063,0.2204,0.0040954,0.26005,0.019885,0.0012924,0.012675
6.416,0.24477,0.0039854,0.24111,0.015571,0.0012188,0.012731
6.4258,0.21461,0.0038454,0.22018,0.011938,0.0011505,0.012802
6.4356,0.19956,0.0036654,0.19671,0.008805,0.0010855,0.012881
6.4453,0.1323,0.0034454,0.1701,0.0058714,0.0010206,0.012961
6.4551,0.11606,0.0031954,0.13976,0.0027537,0.00095217,0.013036
6.4649,0.049994,0.0029254,0.10534,-0.00096479,0.00087614,0.013099
6.4746,0.039501,0.0026454,0.066766,-0.0056671,0.00078903,0.013147
6.4844,0.063921,0.0023454,0.024373,-0.011622,0.00068827,0.013177
6.4942,0.065067,0.0020454,-0.021018,-0.018909,0.00057271,0.013191
6.5039,0.070867,0.0017354,-0.068168,-0.027381,0.00044285,0.013193
6.5137,0.088258,0.0014254,-0.11557,-0.036683,0.00030083,0.013188
6.5235,0.1312,0.0011154,-0.16163,-0.046318,0.00015016,0.013184
6.5332,0.077868,0.00081536,-0.20484,-0.055743,-4.7609e-06,0.013188
6.543,0.095212,0.00050136,-0.24401,-0.064468,-0.00015915,0.013204
6.5528,0.099873,0.00018536,-0.27827,-0.072118,-0.00030835,0.013236
6.5625,0.097553,-0.00013774,-0.30718,-0.078473,-0.00044826,0.013285
6.5723,0.059321,-0.00046764,-0.33074,-0.083474,-0.00057549,0.013349
6.5821,0.034961,-0.00080564,-0.34934,-0.087206,-0.00068751,0.013425
6.5918,0.014115,-0.0011486,-0.36369,-0.089857,-0.00078251,0.013506
6.6016,0.0048111,-0.0014946,-0.37474,-0.091667,-0.00085925,0.013587
6.6113,-0.012518,-0.0018446,-0.38352,-0.092875,-0.00091689,0.013662
6.6211,-0.011419,-0.0021846,-0.39091,-0.093662,-0.00095475,0.013727
6.6309,0.0048823,-0.0025246,-0.39757,-0.094116,-0.0009722,0.013778
6.6406,0.012963,-0.0028546,-0.40386,-0.094216,-0.00096867,0.013817
6.6504,0.016437,-0.0031646,-0.40983,-0.093844,-0.00094375,0.013844
6.6602,-0.00089245,-0.0034646,-0.41527,-0.092802,-0.00089732,0.013863
6.6699,-0.0078694,-0.0037446,-0.41979,-0.090862,-0.00082987,0.013879
6.6797,-0.029901,-0.0039946,-0.4228,-0.087809,-0.00074272,0.013895
6.6895,-0.049606,-0.0042346,-0.42366,-0.083489,-0.00063825,0.013916
6.6992,-0.080903,-0.0044346,-0.42172,-0.07785,-0.00051998,0.013943
6.709,-0.1018,-0.0046146,-0.4164,-0.070959,-0.00039257,0.013977
6.7188,-0.11917,-0.0047646,-0.40724,-0.063014,-0.00026156,0.014016
6.7285,-0.15047,-0.0048746,-0.39398,-0.054331,-0.00013303,0.014058
6.7383,-0.19222,-0.0049446,-0.37656,-0.045311,-1.3099e-05,0.014099
6.7481,-0.23049,-0.0049646,-0.35509,-0.036397,9.2646e-05,0.014137
6.7578,-0.24322,-0.0049446,-0.32979,-0.028016,0.00017977,0.014169
6.7676,-0.25713,-0.0048746,-0.30095,-0.020524,0.0002455,0.014194
6.7774,-0.27802,-0.0047546,-0.26887,-0.014155,0.00028916,0.014211
6.7871,-0.29194,-0.0045846,-0.23386,-0.0089809,0.00031234,0.014224
6.7969,-0.22581,-0.0043746,-0.19625,-0.0048954,0.00031888,0.014234
6.8067,-0.13422,-0.0041246,-0.15644,-0.0016178,0.00031459,0.014245
6.8164,-0.10059,-0.0038446,-0.11496,0.0012767,0.00030661,0.014262
6.8262,-0.055316,-0.0035346,-0.072462,0.0043015,0.0003027,0.014286
6.836,0.017744,-0.0032246,-0.029648,0.0079743,0.00031029,0.014321
6.8457,0.031665,-0.0028946,0.012785,0.012715,0.00033555,0.014367
6.8555,-0.061097,-0.0025646,0.054146,0.018752,0.00038266,0.01442
6.8653,-0.065747,-0.0022446,0.09375,0.026065,0.00045333,0.014477
6.875,-0.078473,-0.0019146,0.13094,0.034381,0.00054671,0.014533
6.8848,-0.10165,-0.0015946,0.16515,0.043229,0.00065966,0.014581
6.8946,-0.1434,-0.0012746,0.19594,0.052037,0.00078736,0.014616
6.9043,-0.11442,-0.00095364,0.22305,0.060251,0.00092406,0.014634
6.9141,-0.068007,-0.00062364,0.24644,0.067424,0.0010638,0.014635
6.9238,-0.11441,-0.00028754,0.26633,0.073278,0.0012012,0.01462
6.9336,-0.10747,5.7363e-05,0.28312,0.077719,0.0013317,0.014594
6.9434,-0.059921,0.00040936,0.29737,0.080815,0.001452,0.014563
6.9531,-0.02396,0.00076736,0.30967,0.082744,0.0015599,0.014535
6.9629,-0.030892,0.0011254,0.32057,0.083752,0.0016541,0.014517
6.9727,-0.0077097,0.0014954,0.33048,0.084093,0.0017342,0.014514
6.9824,0.020083,0.0018554,0.33967,0.083993,0.0018002,0.014529
6.9922,0.021273,0.0022054,0.34824,0.083617,0.0018521,0.014563
7.002,-0.014681,0.0025454,0.35618,0.083046,0.0018901,0.014612
7.0117,-0.021613,0.0028754,0.36334,0.082267,0.001914,0.014672
7.0215,0.00038647,0.0031954,0.36943,0.081175,0.0019235,0.014734
7.0313,0.020146,0.0034854,0.37399,0.07959,0.0019184,0.014791
7.041,0.014307,0.0037654,0.37653,0.07729,0.0018983,0.014833
7.0508,0.03521,0.0040254,0.37653,0.074066,0.0018633,0.014857
7.0606,0.054925,0.0042654,0.37363,0.069767,0.001814,0.014857
7.0703,0.072314,0.0044754,0.36769,0.064343,0.0017521,0.014835
7.0801,0.09317,0.0046554,0.35875,0.057859,0.0016797,0.014794
7.0899,0.106,0.0048054,0.34708,0.050504,0.0016002,0.014741
7.0996,0.1431,0.0049254,0.3331,0.042577,0.0015172,0.014683
7.1094,0.18134,0.0050054,0.31732,0.034453,0.0014349,0.01463
7.1192,0.22542,0.0050354,0.30024,0.026541,0.0013574,0.014591
7.1289,0.24395,0.0050254,0.28229,0.01924,0.0012881,0.014571
7.1387,0.26139,0.0049754,0.26374,0.012882,0.0012296,0.014573
7.1485,0.28571,0.0048754,0.24457,0.0076878,0.0011831,0.014597
7.1582,0.29735,0.0047254,0.22446,0.0037253,0.001148,0.01464
7.168,0.28225,0.0045354,0.20274,0.00088147,0.001122,0.014693
7.1778,0.15239,0.0043054,0.17849,-0.0011401,0.0011012,0.01475
7.1875,0.16631,0.0040454,0.15074,-0.0027978,0.0010802,0.014801
7.1973,0.090935,0.0037454,0.11862,-0.0046628,0.0010531,0.014839
7.2071,0.053841,0.0034354,0.081573,-0.0073408,0.0010136,0.014859
7.2168,-0.0029608,0.0031054,0.039645,-0.01136,0.00095624,0.01486
7.2266,0.056177,0.0027654,-0.0064377,-0.017059,0.00087711,0.014845
7.2363,0.087484,0.0024154,-0.055328,-0.024495,0.0007743,0.01482
7.2461,0.057326,0.0020654,-0.10525,-0.033422,0.00064827,0.014796
7.2559,0.10141,0.0017054,-0.1543,-0.043333,0.00050173,0.014783
7.2656,0.13851,0.0013354,-0.2006,-0.053567,0.00033923,0.01479
7.2754,0.15011,0.00095536,-0.24255,-0.063429,0.00016647,0.014822
7.2852,0.087505,0.00057336,-0.27899,-0.07231,-1.0435e-05,0.014884
7.2949,0.11767,0.00018136,-0.30937,-0.07978,-0.0001856,0.014973
7.3047,0.11649,-0.00021565,-0.33378,-0.08563,-0.00035388,0.015081
7.3145,0.062011,-0.00061264,-0.35283,-0.089878,-0.0005112,0.015199
7.3242,-0.0064339,-0.0010056,-0.3675,-0.092725,-0.0006545,0.015315
7.334,0.0074902,-0.0013846,-0.37901,-0.094497,-0.00078165,0.015418
7.3438,0.0086841,-0.0017546,-0.38864,-0.095563,-0.0008911,0.015497
7.3535,-0.022666,-0.0021146,-0.39746,-0.096252,-0.00098158,0.015548
7.3633,-0.043514,-0.0024446,-0.40617,-0.096772,-0.0010518,0.015569
7.3731,0.0051752,-0.0027646,-0.41508,-0.097181,-0.0011002,0.015563
7.3828,0.020238,-0.0030546,-0.42408,-0.09737,-0.001125,0.015538
7.3926,0.0051819,-0.0033346,-0.43269,-0.097097,-0.0011247,0.015503
7.4024,-0.006405,-0.0036046,-0.44018,-0.096031,-0.0010977,0.015468
7.4121,-0.015663,-0.0038546,-0.44567,-0.093829,-0.0010433,0.015443
7.4219,-0.03884,-0.0041046,-0.44834,-0.090202,-0.00096199,0.015436
7.4317,-0.080591,-0.0043346,-0.44755,-0.084979,-0.00085554,0.015451
7.4414,-0.11194,-0.0045446,-0.44286,-0.078133,-0.00072738,0.01549
7.4512,-0.12581,-0.0047446,-0.43396,-0.069798,-0.00058245,0.015549
7.461,-0.14666,-0.0049146,-0.42079,-0.060266,-0.00042701,0.015622
7.4707,-0.18266,-0.0050446,-0.40343,-0.049956,-0.00026822,0.015704
7.4805,-0.22674,-0.0051446,-0.38207,-0.039361,-0.00011351,0.015786
7.4903,-0.26844,-0.0051846,-0.35689,-0.028995,3.0084e-05,0.015861
7.5,-0.28815,-0.0051746,-0.32804,-0.019331,0.00015657,0.015926
7.5098,-0.2986,-0.0051046,-0.29559,-0.010749,0.00026166,0.015976
7.5196,-0.32758,-0.0049746,-0.25962,-0.0034934,0.00034326,0.016014
7.5293,-0.33456,-0.0047846,-0.22025,0.00235,0.00040171,0.016041
7.5391,-0.2615,-0.0045446,-0.17782,0.0068663,0.00043988,0.016062
7.5488,-0.13739,-0.0042646,-0.13293,0.010309,0.00046287,0.016085
7.5586,-0.1096,-0.0039446,-0.086462,0.013083,0.00047757,0.016114
7.5684,-0.066661,-0.0035946,-0.039437,0.015705,0.00049182,0.016156
7.5781,0.0052544,-0.0032446,0.0071773,0.018737,0.00051351,0.016214
7.5879,0.024964,-0.0028746,0.052537,0.022672,0.00054963,0.016287
7.5977,-0.037642,-0.0025046,0.095861,0.027831,0.00060531,0.016373
7.6074,-0.089845,-0.0021446,0.13636,0.034281,0.00068331,0.016465
7.6172,-0.073649,-0.0017846,0.17331,0.04182,0.00078371,0.016555
7.627,-0.12234,-0.0014246,0.20609,0.050022,0.00090413,0.016633
7.6367,-0.15483,-0.0010576,0.23436,0.058334,0.0010402,0.01669
7.6465,-0.12115,-0.00068564,0.25808,0.066191,0.0011863,0.016719
7.6563,-0.055131,-0.00030294,0.27753,0.073124,0.0013363,0.016719
7.666,-0.10496,9.4363e-05,0.29331,0.078824,0.0014844,0.01669
7.6758,-0.11076,0.00050436,0.30612,0.083161,0.0016256,0.01664
7.6856,-0.045827,0.00092536,0.31671,0.086165,0.0017558,0.016577
7.6953,-0.023789,0.0013554,0.32577,0.087989,0.0018723,0.016512
7.7051,-0.040036,0.0017854,0.33389,0.088858,0.0019732,0.016456
7.7149,-0.023793,0.0022154,0.3415,0.08902,0.0020574,0.016416
7.7246,0.020238,0.0026354,0.34891,0.088699,0.0021244,0.016399
7.7344,0.020283,0.0030354,0.35634,0.088067,0.0021738,0.016406
7.7442,-0.016816,0.0034254,0.36385,0.087202,0.0022054,0.016433
7.7539,-0.020286,0.0037854,0.37122,0.086073,0.0022186,0.016476
7.7637,0.0075019,0.0041354,0.37793,0.084539,0.0022128,0.016526
7.7735,0.012155,0.0044454,0.38327,0.08238,0.0021874,0.016574
7.7832,0.01676,0.0047454,0.3865,0.079344,0.002142,0.016611
7.793,0.045783,0.0050154,0.38692,0.075199,0.0020767,0.016632
7.8028,0.079412,0.0052554,0.38404,0.06979,0.0019925,0.016633
7.8125,0.10606,0.0054654,0.37764,0.063081,0.0018912,0.016615
7.8223,0.1223,0.0056454,0.3678,0.055177,0.0017757,0.016583
7.8321,0.14662,0.0057954,0.35481,0.046324,0.00165,0.016545
7.8418,0.17218,0.0059054,0.33918,0.03689,0.0015188,0.016509
7.8516,0.22552,0.0059754,0.32149,0.027327,0.0013875,0.016488
7.8613,0.26262,0.0059954,0.30228,0.018116,0.0012611,0.016488
7.8711,0.30323,0.0059754,0.28198,0.0097263,0.0011444,0.016518
7.8809,0.31483,0.0058954,0.26081,0.0025527,0.0010409,0.016578
7.8906,0.33915,0.0057754,0.23873,-0.0031316,0.00095277,0.016666
7.9004,0.35311,0.0055954,0.21541,-0.007221,0.00088019,0.016777
7.9102,0.30785,0.0053754,0.19025,-0.0098069,0.00082128,0.016899
7.9199,0.19304,0.0051154,0.1625,-0.011189,0.00077216,0.017021
7.9297,0.15248,0.0048154,0.13135,-0.011862,0.00072723,0.017131
7.9395,0.11073,0.0044954,0.096165,-0.012476,0.00067974,0.017218
7.9492,0.024905,0.0041454,0.056608,-0.013759,0.00062255,0.017277
7.959,0.019162,0.0037954,0.012819,-0.016395,0.0005491,0.017303
7.9688,0.041159,0.0034354,-0.0345,-0.020894,0.00045437,0.017302
7.9785,0.060924,0.0030754,-0.084109,-0.027466,0.00033562,0.017282
7.9883,0.040029,0.0027054,-0.13436,-0.035966,0.00019284,0.017252
7.9981,0.11309,0.0023454,-0.18342,-0.04592,2.8807e-05,0.017227
8.0078,0.18729,0.0019754,-0.22954,-0.056635,-0.00015138,0.017218
8.0176,0.13049,0.0016054,-0.27131,-0.067334,-0.00034098,0.017233
8.0274,0.086414,0.0012254,-0.3077,-0.077282,-0.0005325,0.017278
8.0371,0.12005,0.00083536,-0.33823,-0.085901,-0.00071851,0.017351
8.0469,0.13516,0.00043436,-0.36296,-0.092847,-0.0008924,0.017448
8.0567,0.016847,2.3363e-05,-0.38249,-0.098029,-0.0010487,0.01756
8.0664,0.0029838,-0.00039364,-0.3978,-0.10159,-0.0011835,0.017676
8.0762,0.018051,-0.00081664,-0.41006,-0.10382,-0.0012939,0.017783
8.086,0.023854,-0.0012346,-0.42038,-0.10509,-0.0013781,0.017872
8.0957,-0.030668,-0.0016546,-0.42962,-0.10573,-0.0014349,0.017937
8.1055,-0.038782,-0.0020646,-0.43827,-0.10595,-0.0014634,0.017974
8.1153,0.0087758,-0.0024646,-0.44651,-0.10579,-0.0014625,0.017985
8.125,0.0099709,-0.0028546,-0.45416,-0.10515,-0.0014314,0.017974
8.1348,-0.0038859,-0.0032246,-0.46082,-0.10378,-0.0013693,0.017951
8.1446,-0.0073964,-0.0035746,-0.46583,-0.10138,-0.001276,0.017924
8.1543,-0.010853,-0.0039046,-0.46845,-0.097623,-0.001152,0.017902
8.1641,-0.049128,-0.0042146,-0.46796,-0.092232,-0.00099931,0.017895
8.1738,-0.093198,-0.0045046,-0.46375,-0.08506,-0.0008214,0.017908
8.1836,-0.13029,-0.0047646,-0.45535,-0.076113,-0.00062351,0.017943
8.1934,-0.16158,-0.0049846,-0.44248,-0.065584,-0.00041252,0.018
8.2031,-0.19985,-0.0051746,-0.42503,-0.053836,-0.00019668,0.018075
8.2129,-0.22649,-0.0053146,-0.40305,-0.041381,1.4926e-05,0.018163
8.2227,-0.28908,-0.0054046,-0.37674,-0.028815,0.0002131,0.018258
8.2324,-0.32389,-0.0054346,-0.34635,-0.016757,0.00038934,0.018352
8.2422,-0.34706,-0.0053946,-0.31218,-0.0057746,0.00053663,0.01844
8.252,-0.36795,-0.0052946,-0.27453,0.0036708,0.00065018,0.018518
8.2617,-0.37492,-0.0051146,-0.23379,0.011279,0.00072801,0.018585
8.2715,-0.39343,-0.0048846,-0.19043,0.016942,0.00077124,0.01864
8.2813,-0.21948,-0.0045746,-0.14508,0.020773,0.00078413,0.018687
8.291,-0.12784,-0.0042246,-0.098475,0.02311,0.0007737,0.018729
8.3008,-0.088451,-0.0038246,-0.051394,0.024494,0.00074916,0.018772
8.3106,-0.058276,-0.0033946,-0.004585,0.025614,0.0007209,0.018819
8.3203,0.025241,-0.0029446,0.041253,0.027189,0.00069935,0.018873
8.3301,0.016038,-0.0024946,0.085431,0.029844,0.00069382,0.018937
8.3399,-0.079093,-0.0020346,0.12722,0.033978,0.00071148,0.019006
8.3496,-0.083688,-0.0015846,0.16587,0.039692,0.00075663,0.019078
8.3594,-0.10225,-0.0011506,0.20071,0.04678,0.00083047,0.019145
8.3692,-0.14746,-0.00072464,0.23124,0.054783,0.00093124,0.019201
8.3789,-0.17414,-0.00030664,0.25719,0.06309,0.0010548,0.01924
8.3887,-0.085964,0.00010536,0.27856,0.071069,0.0011955,0.01926
8.3985,-0.055836,0.00051536,0.29563,0.078183,0.001347,0.019259
8.4082,-0.11149,0.00092536,0.30899,0.084064,0.0015029,0.01924
8.418,-0.11029,0.0013454,0.3194,0.088538,0.0016579,0.01921
8.4278,-0.039549,0.0017554,0.32771,0.091607,0.0018074,0.019176
8.4375,-0.046469,0.0021854,0.33471,0.093401,0.0019479,0.019148
8.4473,-0.068494,0.0026054,0.34109,0.094135,0.0020771,0.019132
8.4571,-0.025586,0.0030154,0.34744,0.094057,0.0021934,0.019133
8.4668,0.0301,0.0034254,0.35423,0.093402,0.0022956,0.019156
8.4766,0.024321,0.0038254,0.36172,0.092345,0.0023825,0.019198
8.4863,-0.0092968,0.0042154,0.36981,0.09096,0.0024532,0.019256
8.4961,-0.00928,0.0045754,0.37801,0.089206,0.0025062,0.019323
8.5059,0.016248,0.0049154,0.38551,0.086935,0.00254,0.019391
8.5156,0.011659,0.0052354,0.39131,0.083913,0.0025529,0.019452
8.5254,0.0070229,0.0055354,0.39446,0.07988,0.0025435,0.019496
8.5352,0.042997,0.0058054,0.3942,0.074603,0.0025109,0.019519
8.5449,0.095171,0.0060554,0.39,0.067929,0.0024549,0.01952
8.5547,0.12996,0.0062754,0.38161,0.059832,0.0023768,0.019499
8.5645,0.15321,0.0064654,0.36917,0.050446,0.002279,0.019463
8.5742,0.16254,0.0066254,0.35312,0.040073,0.0021652,0.019421
8.584,0.22051,0.0067554,0.33417,0.029153,0.0020402,0.019382
8.5938,0.27041,0.0068554,0.31316,0.018224,0.0019098,0.019359
8.6035,0.33071,0.0068954,0.29086,0.0078586,0.0017796,0.019359
8.6133,0.35163,0.0069054,0.26784,-0.001399,0.0016552,0.019389
8.6231,0.37369,0.0068554,0.24435,-0.0090977,0.001541,0.01945
8.6328,0.40269,0.0067454,0.2203,-0.014939,0.0014396,0.019539
8.6426,0.41198,0.0065854,0.19523,-0.018824,0.0013519,0.019651
8.6524,0.28912,0.0063754,0.16839,-0.020882,0.0012763,0.019776
8.6621,0.16854,0.0061054,0.13894,-0.02148,0.0012088,0.019902
8.6719,0.14885,0.0057954,0.10607,-0.021207,0.0011436,0.020019
8.6817,0.090833,0.0054354,0.069174,-0.020832,0.0010735,0.020116
8.6914,0.023647,0.0050554,0.028022,-0.021205,0.00099085,0.020187
8.7012,0.013223,0.0046554,-0.017068,-0.02311,0.00088872,0.02023
8.711,0.07006,0.0042354,-0.065186,-0.027109,0.00076187,0.02025
8.7207,0.048047,0.0038154,-0.11491,-0.033407,0.00060767,0.020252
8.7305,0.09681,0.0033854,-0.16449,-0.041804,0.0004266,0.020248
8.7403,0.15825,0.0029654,-0.21215,-0.051747,0.00022212,0.02025
8.75,0.20241,0.0025454,-0.25629,-0.062452,2.5089e-07,0.020268
8.7598,0.13746,0.0021354,-0.29565,-0.073053,-0.00023134,0.020309
8.7696,0.079537,0.0017154,-0.32943,-0.082755,-0.00046433,0.020376
8.7793,0.13984,0.0012854,-0.35731,-0.090956,-0.00069066,0.020467
8.7891,0.087717,0.00086536,-0.37945,-0.09732,-0.0009033,0.020575
8.7988,0.026234,0.00043636,-0.39645,-0.10179,-0.0010967,0.02069
8.8086,-0.00038479,8.3629e-06,-0.40925,-0.10457,-0.0012667,0.020799
8.8184,0.0077185,-0.00041764,-0.41898,-0.10602,-0.0014108,0.020891
8.8281,0.018247,-0.00083664,-0.42683,-0.10657,-0.0015272,0.020959
8.8379,-0.028132,-0.0012446,-0.43389,-0.10658,-0.0016145,0.020997
8.8477,-0.037365,-0.0016446,-0.44099,-0.1063,-0.0016715,0.021006
8.8574,0.014867,-0.0020246,-0.44851,-0.10576,-0.0016969,0.020991
8.8672,0.013709,-0.0023946,-0.45637,-0.10481,-0.0016892,0.020959
8.877,-0.029202,-0.0027346,-0.46396,-0.10312,-0.0016469,0.020921
8.8867,-0.023378,-0.0030646,-0.47029,-0.1003,-0.0015691,0.020888
8.8965,-0.010573,-0.0033746,-0.47427,-0.095953,-0.0014559,0.020869
8.9063,-0.048829,-0.0036646,-0.47483,-0.089757,-0.0013088,0.020872
8.916,-0.10794,-0.0039246,-0.47101,-0.081551,-0.001131,0.020902
8.9258,-0.15199,-0.0041546,-0.46202,-0.071356,-0.0009278,0.02096
8.9356,-0.20412,-0.0043546,-0.44738,-0.059405,-0.00070623,0.021044
8.9453,-0.24119,-0.0045146,-0.42698,-0.046135,-0.00047484,0.02115
8.9551,-0.2899,-0.0046246,-0.40097,-0.032136,-0.00024304,0.02127
8.9649,-0.34549,-0.0046746,-0.36974,-0.018092,-2.0428e-05,0.021398
8.9746,-0.36636,-0.0046746,-0.33383,-0.0047122,0.00018414,0.021528
8.9844,-0.40809,-0.0046046,-0.29393,0.0073432,0.00036339,0.021652
8.9942,-0.41039,-0.0044646,-0.25083,0.017533,0.00051237,0.021769
9.0039,-0.44167,-0.0042646,-0.20532,0.025499,0.00062907,0.021877
9.0137,-0.37671,-0.0040046,-0.15821,0.031115,0.0007147,0.021977
9.0235,-0.15401,-0.0036846,-0.11031,0.034513,0.00077372,0.02207
9.0332,-0.069342,-0.0033246,-0.06241,0.036088,0.00081343,0.022161
9.043,-0.084377,-0.0029246,-0.01523,0.03647,0.00084328,0.022251
9.0528,-0.02403,-0.0025146,0.030566,0.036436,0.0008738,0.022342
9.0625,-0.007814,-0.0020746,0.074352,0.036791,0.00091544,0.022435
9.0723,-0.032109,-0.0016446,0.11557,0.038222,0.00097724,0.022524
9.0821,-0.10866,-0.0012126,0.15369,0.041173,0.0010659,0.022607
9.0918,-0.11329,-0.00078664,0.18826,0.045781,0.001185,0.022675
9.1016,-0.1214,-0.00036764,0.21894,0.05187,0.0013347,0.022721
9.1113,-0.16774,4.6363e-05,0.24558,0.059013,0.0015124,0.022741
9.1211,-0.14335,0.00045936,0.26822,0.066642,0.0017125,0.022729
9.1309,-0.071467,0.00087536,0.28711,0.074173,0.0019282,0.022688
9.1406,-0.05055,0.0012954,0.30275,0.081104,0.0021517,0.02262
9.1504,-0.11314,0.0017354,0.31572,0.08708,0.0023752,0.022535
9.1602,-0.099253,0.0021754,0.32669,0.091903,0.0025915,0.022443
9.1699,-0.064468,0.0026354,0.33629,0.095513,0.0027945,0.022355
9.1797,-0.042365,0.0031054,0.34504,0.09795,0.0029791,0.022284
9.1895,-0.060924,0.0035754,0.35333,0.099323,0.0031413,0.022237
9.1992,-0.034263,0.0040454,0.36147,0.099769,0.0032781,0.02222
9.209,0.0086406,0.0045054,0.36957,0.099421,0.0033874,0.022233
9.2188,0.026087,0.0049654,0.37761,0.098375,0.0034677,0.022274
9.2285,-0.00054601,0.0054054,0.38536,0.096671,0.0035178,0.022335
9.2383,-0.0017253,0.0058254,0.39241,0.094271,0.0035369,0.022406
9.2481,0.023839,0.0062354,0.39807,0.091057,0.0035245,0.022476
9.2578,-0.0017057,0.0066054,0.40157,0.086855,0.0034805,0.022535
9.2676,0.029604,0.0069654,0.40219,0.081466,0.0034054,0.022574
9.2774,0.05512,0.0072854,0.39932,0.074708,0.0033004,0.022587
9.2871,0.099208,0.0075854,0.39247,0.066463,0.0031679,0.022574
9.2969,0.15954,0.0078554,0.38136,0.056734,0.0030113,0.022537
9.3067,0.18733,0.0080954,0.36608,0.045687,0.0028355,0.022486
9.3164,0.21636,0.0082954,0.34708,0.033665,0.0026468,0.02243
9.3262,0.27664,0.0084554,0.32509,0.021164,0.0024522,0.022383
9.336,0.32073,0.0085754,0.30098,0.0087854,0.0022593,0.022356
9.3457,0.37759,0.0086354,0.27565,-0.0028266,0.0020758,0.02236
9.3555,0.41236,0.0086454,0.24973,-0.01306,0.0019082,0.0224
9.3653,0.4402,0.0085954,0.22355,-0.021406,0.0017618,0.022478
9.375,0.46571,0.0084854,0.19701,-0.027531,0.0016396,0.02259
9.3848,0.46799,0.0083154,0.1697,-0.031317,0.0015421,0.022727
9.3946,0.25466,0.0080754,0.14094,-0.032906,0.0014667,0.022877
9.4043,0.14328,0.0077854,0.10995,-0.032707,0.001408,0.023027
9.4141,0.13287,0.0074454,0.075939,-0.031393,0.0013582,0.023164
9.4238,0.089976,0.0070654,0.038331,-0.029842,0.0013078,0.023276
9.4336,0.03777,0.0066454,-0.00309,-0.029028,0.0012467,0.023359
9.4434,0.028502,0.0062154,-0.048018,-0.029845,0.0011655,0.023411
9.4531,0.065642,0.0057754,-0.09558,-0.032922,0.0010567,0.023438
9.4629,0.10387,0.0053354,-0.14441,-0.038489,0.00091603,0.023449
9.4727,0.098071,0.0048954,-0.19288,-0.046339,0.00074238,0.023458
9.4824,0.19548,0.0044554,-0.23932,-0.055886,0.00053829,0.023477
9.4922,0.21865,0.0040254,-0.28223,-0.066303,0.0003092,0.023517
9.502,0.13509,0.0035954,-0.32042,-0.076688,6.2554e-05,0.023585
9.5117,0.0644,0.0031654,-0.35309,-0.086226,-0.0001932,0.023681
9.5215,0.10148,0.0027354,-0.37998,-0.094315,-0.0004496,0.023801
9.5313,0.095675,0.0022954,-0.40131,-0.10064,-0.00069892,0.023936
9.541,0.013294,0.0018554,-0.41776,-0.10517,-0.00093456,0.024072
9.5508,-0.015697,0.0014254,-0.43037,-0.10814,-0.0011512,0.024198
9.5606,0.041095,0.00099536,-0.44032,-0.10992,-0.0013444,0.024301
9.5703,0.028298,0.00056836,-0.44882,-0.11089,-0.0015105,0.024375
9.5801,-0.030812,0.00015336,-0.45688,-0.11136,-0.0016458,0.024416
9.5899,-0.019244,-0.00025034,-0.46515,-0.11145,-0.0017467,0.024427
9.5996,0.01669,-0.00064064,-0.47374,-0.11109,-0.0018093,0.024413
9.6094,0.01201,-0.0010176,-0.48224,-0.11001,-0.0018297,0.024383
9.6192,-0.036703,-0.0013846,-0.48977,-0.10784,-0.0018045,0.024349
9.6289,-0.024001,-0.0017246,-0.49523,-0.10414,-0.001731,0.024322
9.6387,-0.028638,-0.0020546,-0.49739,-0.098517,-0.0016079,0.024309
9.6485,-0.072748,-0.0023646,-0.49505,-0.090693,-0.0014361,0.024317
9.6582,-0.10988,-0.0026546,-0.48717,-0.080548,-0.0012187,0.02435
9.668,-0.18762,-0.0029146,-0.47303,-0.068173,-0.00096116,0.024409
9.6778,-0.23986,-0.0031446,-0.4522,-0.053875,-0.00067152,0.024491
9.6875,-0.28858,-0.0033246,-0.42466,-0.038169,-0.00035976,0.024593
9.6973,-0.33964,-0.0034646,-0.39078,-0.021737,-3.7261e-05,0.024709
9.7071,-0.39535,-0.0035446,-0.35129,-0.0053652,0.00028405,0.024834
9.7168,-0.43833,-0.0035546,-0.30719,0.010136,0.00059262,0.024964
9.7266,-0.44996,-0.0035046,-0.25962,0.024012,0.00087824,0.025095
9.7363,-0.49294,-0.0033846,-0.20973,0.035642,0.001133,0.025225
9.7461,-0.4918,-0.0031946,-0.15865,0.044611,0.0013518,0.025354
9.7559,-0.37818,-0.0029346,-0.10745,0.050756,0.0015332,0.025482
9.7656,-0.072047,-0.0026146,-0.057108,0.054195,0.0016791,0.02561
9.7754,-0.050106,-0.0022346,-0.008502,0.055338,0.0017947,0.02574
9.7852,-0.02579,-0.0018146,0.037658,0.054848,0.001888,0.025871
9.7949,-0.040901,-0.0013646,0.08085,0.053565,0.0019684,0.026004
9.8047,-0.028226,-0.00089464,0.12072,0.052373,0.0020459,0.026135
9.8145,-0.097823,-0.00041264,0.15702,0.052052,0.0021297,0.026258
9.8242,-0.1745,7.2363e-05,0.18958,0.05315,0.002227,0.026367
9.834,-0.13276,0.00055536,0.21831,0.055905,0.0023423,0.026454
9.8438,-0.11662,0.0010354,0.24321,0.060229,0.0024771,0.026513
9.8535,-0.17349,0.0015154,0.26438,0.065777,0.0026308,0.02654
9.8633,-0.16662,0.0019854,0.28213,0.072055,0.0027991,0.026534
9.8731,-0.051878,0.0024654,0.29692,0.078533,0.0029769,0.026497
9.8828,-0.060018,0.0029554,0.30936,0.084739,0.0031592,0.026438
9.8926,-0.11348,0.0034454,0.32013,0.090312,0.0033363,0.026367
9.9024,-0.12974,0.0039554,0.3299,0.095017,0.0035056,0.026296
9.9121,-0.060222,0.0044654,0.33922,0.09873,0.0036607,0.026237
9.9219,-0.06148,0.0049954,0.34843,0.10141,0.0037974,0.026201
9.9317,-0.071953,0.0055254,0.35761,0.10305,0.0039121,0.026195
9.9414,-0.05236,0.0060454,0.36659,0.10368,0.0040025,0.02622
9.9512,0.0090832,0.0065754,0.37501,0.10335,0.0040665,0.026275
9.961,0.013661,0.0070854,0.38246,0.10208,0.004103,0.026353
9.9707,0.011211,0.0075854,0.38855,0.099894,0.0041109,0.026445
9.9805,0.018119,0.0080654,0.39297,0.096781,0.0040894,0.026538
9.9903,0.030821,0.0085254,0.3954,0.092686,0.0040382,0.026622
10,0.02837,0.0089554,0.39554,0.087506,0.003957,0.026684
10.01,0.031808,0.0093554,0.39305,0.081105,0.0038459,0.026717
10.02,0.052584,0.0097254,0.38759,0.073339,0.003706,0.026718
10.029,0.10238,0.01007,0.37883,0.064105,0.0035391,0.026688
10.039,0.16723,0.010378,0.36655,0.0534,0.0033483,0.026633
10.049,0.21005,0.010651,0.35067,0.041367,0.0031384,0.026564
10.059,0.25871,0.010884,0.33135,0.02832,0.0029154,0.026495
10.068,0.30038,0.011073,0.30901,0.014747,0.0026866,0.026439
10.078,0.37217,0.011213,0.28429,0.0012619,0.0024599,0.026412
10.088,0.4185,0.011297,0.25791,-0.011451,0.0022435,0.026422
10.098,0.46715,0.01132,0.23047,-0.02272,0.0020448,0.026476
10.107,0.51462,0.011277,0.20238,-0.031967,0.0018697,0.026575
10.117,0.52148,0.011165,0.17369,-0.038777,0.0017219,0.026712
10.127,0.5214,0.010984,0.14415,-0.042963,0.0016024,0.026877
10.137,0.17338,0.010735,0.11332,-0.044607,0.0015088,0.027055
10.146,0.15012,0.010424,0.080662,-0.044093,0.0014357,0.02723
10.156,0.11414,0.010059,0.045659,-0.042106,0.0013748,0.027387
10.166,0.074633,0.0096554,0.0079581,-0.039579,0.0013156,0.027513
10.176,0.020025,0.0092054,-0.032562,-0.037582,0.0012472,0.027602
10.186,0.052438,0.0087454,-0.075704,-0.037131,0.0011589,0.027654
10.195,0.1219,0.0082854,-0.12086,-0.038979,0.0010423,0.027673
10.205,0.07898,0.0078054,-0.16699,-0.043451,0.00089217,0.027671
10.215,0.13918,0.0073454,-0.21273,-0.050388,0.00070699,0.027663
10.225,0.20869,0.0068854,-0.25663,-0.05921,0.00048916,0.027662
10.234,0.2318,0.0064254,-0.29735,-0.069067,0.0002443,0.027682
10.244,0.091364,0.0059754,-0.33377,-0.079012,-1.9651e-05,0.02773
10.254,0.087823,0.0055254,-0.36517,-0.08818,-0.00029356,0.027808
10.264,0.10865,0.0050754,-0.39118,-0.095919,-0.00056818,0.027912
10.273,0.065687,0.0046154,-0.41188,-0.10187,-0.00083494,0.028033
10.283,-0.00050784,0.0041554,-0.42779,-0.10599,-0.0010864,0.02816
10.293,0.0028921,0.0036954,-0.43981,-0.10849,-0.0013166,0.028279
10.303,0.030659,0.0032354,-0.44908,-0.10976,-0.0015202,0.028378
10.312,0.014346,0.0027954,-0.45678,-0.11019,-0.0016931,0.02845
10.322,-0.034409,0.0023554,-0.46395,-0.1101,-0.0018311,0.028492
10.332,-0.0031728,0.0019354,-0.47127,-0.10964,-0.0019302,0.028505
10.342,0.0095399,0.0015254,-0.47891,-0.10874,-0.0019862,0.028495
10.352,-0.026482,0.0011454,-0.48645,-0.10713,-0.001995,0.028472
10.361,-0.048537,0.00077836,-0.49302,-0.10443,-0.0019531,0.028447
10.371,-0.041712,0.00043136,-0.49738,-0.10018,-0.0018578,0.02843
10.381,-0.040585,0.00010536,-0.49822,-0.093989,-0.0017083,0.028432
10.391,-0.067339,-0.00019834,-0.49425,-0.085549,-0.0015056,0.028458
10.4,-0.14045,-0.00047564,-0.48434,-0.07473,-0.0012531,0.028514
10.41,-0.20079,-0.00072264,-0.46766,-0.061605,-0.00095699,0.0286
10.42,-0.27855,-0.00093064,-0.44379,-0.046475,-0.00062562,0.028714
10.43,-0.32962,-0.0010926,-0.41281,-0.029851,-0.00026962,0.028853
10.439,-0.38881,-0.0011986,-0.37523,-0.012421,9.9027e-05,0.029011
10.449,-0.44453,-0.0012446,-0.33195,0.0050223,0.0004677,0.029182
10.459,-0.49792,-0.0012146,-0.28414,0.02165,0.00082411,0.029363
10.469,-0.51536,-0.0011146,-0.23313,0.036684,0.0011573,0.029549
10.478,-0.54556,-0.00093764,-0.18026,0.04947,0.0014584,0.02974
10.488,-0.53867,-0.00068664,-0.1269,0.059543,0.0017215,0.029936
10.498,-0.34273,-0.00036664,-0.074355,0.066674,0.0019444,0.030137
10.508,-0.065609,1.3363e-05,-0.0238,0.070908,0.002128,0.030344
10.518,-0.023895,0.00044536,0.023781,0.07257,0.002277,0.030557
10.527,-0.038989,0.00091536,0.067712,0.072245,0.0023987,0.030774
10.537,-0.054129,0.0014154,0.10767,0.070708,0.0025028,0.030989
10.547,-0.065751,0.0019354,0.14363,0.068807,0.0025993,0.031195
10.557,-0.17593,0.0024654,0.17574,0.067325,0.0026983,0.031383
10.566,-0.26175,0.0029954,0.20424,0.066855,0.0028083,0.03154
10.576,-0.15048,0.0035154,0.22941,0.067725,0.0029358,0.031659
10.586,-0.11687,0.0040454,0.25152,0.069981,0.0030843,0.031732
10.596,-0.16211,0.0045654,0.27089,0.073446,0.0032551,0.031756
10.605,-0.15049,0.0050754,0.28787,0.077804,0.0034465,0.031734
10.615,-0.063583,0.0055954,0.30285,0.08268,0.0036552,0.031673
10.625,-0.054334,0.0061154,0.31621,0.087709,0.0038764,0.031586
10.635,-0.12274,0.0066454,0.32827,0.092567,0.0041044,0.031488
10.645,-0.11349,0.0071654,0.33924,0.096991,0.0043329,0.031395
10.654,-0.076348,0.0076954,0.34925,0.10077,0.0045557,0.03132
10.664,-0.058964,0.0082254,0.35834,0.10375,0.0047668,0.031276
10.674,-0.091453,0.0087554,0.3664,0.10579,0.0049607,0.031268
10.684,-0.060098,0.0092754,0.37326,0.1068,0.005132,0.031297
10.693,-0.0056086,0.0098004,0.37863,0.10671,0.0052762,0.031358
10.703,0.014115,0.010311,0.38235,0.10548,0.0053893,0.031442
10.713,0.024579,0.010812,0.38442,0.1031,0.0054677,0.031537
10.723,0.023456,0.011299,0.38496,0.09957,0.0055087,0.031629
10.732,0.021102,0.01177,0.38407,0.094874,0.0055098,0.031705
10.742,0.03851,0.012223,0.38174,0.088963,0.0054696,0.031756
10.752,0.035069,0.012656,0.37782,0.081749,0.0053874,0.031776
10.762,0.069918,0.013067,0.37192,0.073132,0.0052636,0.031762
10.771,0.11517,0.013452,0.36357,0.063031,0.0051,0.031719
10.781,0.15929,0.013808,0.35221,0.051448,0.0049128,0.031656
10.791,0.23704,0.014129,0.3374,0.038514,0.0046628,0.031584
10.801,0.28344,0.014411,0.31886,0.024524,0.0044128,0.031518
10.811,0.34496,0.014648,0.29661,0.0099423,0.0041428,0.031474
10.82,0.40994,0.014831,0.27099,-0.0046214,0.0038655,0.031465
10.83,0.46334,0.014957,0.24254,-0.018468,0.0035918,0.031498
10.84,0.53184,0.015017,0.21194,-0.030884,0.003331,0.03158
10.85,0.55741,0.015007,0.17982,-0.041221,0.0030912,0.031707
10.859,0.59923,0.014925,0.14663,-0.048982,0.0028782,0.031872
10.869,0.53546,0.01477,0.11268,-0.053882,0.0026951,0.032063
10.879,0.19467,0.014543,0.078117,-0.055921,0.0025416,0.032264
10.889,0.12625,0.014249,0.042945,-0.055425,0.002414,0.032458
10.898,0.11241,0.013898,0.0070174,-0.05306,0.0023053,0.03263
10.908,0.061528,0.0135,-0.029932,-0.049798,0.0022064,0.032768
10.918,0.061613,0.013066,-0.068183,-0.046787,0.002107,0.032866
10.928,0.0988,0.012608,-0.10789,-0.045142,0.0019973,0.032923
10.937,0.11162,0.012137,-0.14889,-0.045712,0.0018692,0.032946
10.947,0.13608,0.011662,-0.19063,-0.048907,0.0017177,0.032947
10.957,0.15124,0.011186,-0.2322,-0.054629,0.0015416,0.03294
10.967,0.2395,0.010712,-0.27246,-0.062339,0.0013434,0.032941
10.977,0.21296,0.010239,-0.31026,-0.071203,0.001129,0.032962
10.986,0.13996,0.0097654,-0.34457,-0.080279,0.00090609,0.033011
10.996,0.093666,0.0092854,-0.3746,-0.088693,0.00068371,0.03309
11.006,0.10888,0.0087954,-0.39984,-0.095779,0.00047072,0.033196
11.016,0.041739,0.0083054,-0.42023,-0.10116,0.00027506,0.03332
11.025,0.02908,0.0077954,-0.43615,-0.10478,0.00010324,0.03345
11.035,-0.0067589,0.0072954,-0.44836,-0.10683,-3.9815e-05,0.033575
11.045,0.013125,0.0067954,-0.45791,-0.10766,-0.00015053,0.033683
11.055,-0.00067117,0.0062954,-0.46594,-0.10763,-0.00022637,0.033767
11.064,-0.02258,0.0058154,-0.4734,-0.10702,-0.00026543,0.033823
11.074,-0.012001,0.0053454,-0.48091,-0.10595,-0.00026616,0.033852
11.084,-0.01301,0.0049054,-0.48855,-0.10431,-0.00022729,0.033859
11.094,-0.022187,0.0044854,-0.49589,-0.10187,-0.00014801,0.033852
11.103,-0.055682,0.0040954,-0.50199,-0.098238,-2.8252e-05,0.03384
11.113,-0.038161,0.0037254,-0.50554,-0.093041,0.00013081,0.033833
11.123,-0.055408,0.0033954,-0.50509,-0.085954,0.00032634,0.03384
11.133,-0.097022,0.0030954,-0.49928,-0.076803,0.00055352,0.033867
11.143,-0.1479,0.0028354,-0.48703,-0.065625,0.00080538,0.033919
11.152,-0.20343,0.0026154,-0.46778,-0.052703,0.0010729,0.033996
11.162,-0.2694,0.0024454,-0.44157,-0.038563,0.0013453,0.034098
11.172,-0.31448,0.0023154,-0.40901,-0.023935,0.001611,0.034222
11.182,-0.37001,0.0022554,-0.3712,-0.0096807,0.0018581,0.034361
11.191,-0.41389,0.0022454,-0.32957,0.0032971,0.0020771,0.034511
11.201,-0.42885,0.0023054,-0.28569,0.014158,0.0022557,0.034666
11.211,-0.41598,0.0024354,-0.24109,0.022224,0.0023878,0.034819
11.221,-0.31489,0.0026154,-0.19708,0.027074,0.0024755,0.034966
11.23,-0.16631,0.0028654,-0.15472,0.028607,0.002516,0.035105
11.24,-0.083847,0.0031554,-0.11471,0.027086,0.0025159,0.035233
11.25,-0.048883,0.0034854,-0.077391,0.023137,0.0024841,0.03535
11.26,-0.0093599,0.0038354,-0.042809,0.017689,0.0024322,0.035456
11.27,0.026744,0.0042054,-0.010824,0.011854,0.0023733,0.035552
11.279,0.082559,0.0045754,0.018775,0.0067524,0.0023207,0.035638
11.289,0.089685,0.0049254,0.046196,0.0033495,0.002286,0.035714
11.299,0.099092,0.0052654,0.071641,0.0023303,0.0022781,0.035778
11.309,0.092301,0.0055754,0.095297,0.0040315,0.0023025,0.035829
11.318,0.054158,0.0058654,0.11735,0.0084316,0.0023607,0.035864
11.328,0.038054,0.0061154,0.13802,0.015195,0.0024505,0.035881
11.338,0.010361,0.0063554,0.15751,0.023749,0.0025663,0.035879
11.348,-0.010354,0.0065754,0.17602,0.033387,0.0027003,0.035861
11.357,-0.034583,0.0067754,0.19371,0.043371,0.0028433,0.035828
11.367,-0.04371,0.0069754,0.21063,0.053019,0.0029857,0.035788
11.377,-0.059819,0.0071754,0.22681,0.061765,0.0031186,0.035747
11.387,-0.071276,0.0073754,0.24217,0.069194,0.0032345,0.035713
11.396,-0.073471,0.0075754,0.25655,0.075047,0.0033279,0.03569
11.406,-0.050161,0.0077854,0.26968,0.079215,0.0033953,0.035684
11.416,-0.027992,0.0079954,0.28128,0.081726,0.0034356,0.035698
11.426,-0.0081533,0.0081954,0.29107,0.082729,0.0034496,0.035729
11.436,0.012825,0.0084054,0.29891,0.08247,0.0034402,0.035776
11.445,0.023397,0.0086054,0.30486,0.081261,0.0034115,0.035832
11.455,0.0073188,0.0087954,0.30909,0.079433,0.0033683,0.035891
11.465,-0.0065267,0.0089654,0.31184,0.07729,0.0033161,0.035946
11.475,-0.013345,0.0091354,0.31331,0.075077,0.0032602,0.035991
11.484,-0.010903,0.0092854,0.31366,0.072973,0.0032057,0.036021
11.494,-0.0084647,0.0094154,0.31301,0.0711,0.0031569,0.036034
11.504,0.025275,0.0095354,0.31149,0.069552,0.0031174,0.036029
11.514,0.024194,0.0096254,0.30926,0.068418,0.0030902,0.036009
11.523,0.040544,0.0097054,0.30653,0.067789,0.0030768,0.035978
11.533,0.047581,0.0097754,0.30358,0.067742,0.0030781,0.035941
11.543,0.04654,0.0098204,0.30068,0.068313,0.0030934,0.035905
11.553,0.035047,0.0098534,0.29804,0.069454,0.0031211,0.035874
11.562,0.021223,0.0098724,0.2957,0.071016,0.0031583,0.035853
11.572,-0.00072689,0.0098804,0.29351,0.072751,0.003201,0.035845
11.582,-0.012227,0.0098784,0.29113,0.074348,0.0032449,0.035851
11.592,-0.036508,0.0098694,0.28817,0.075486,0.003285,0.035869
11.602,-0.034098,0.0098544,0.28426,0.075889,0.0033166,0.035898
11.611,-0.027035,0.0098364,0.2791,0.075361,0.0033357,0.035934
11.621,-0.028145,0.0098154,0.2725,0.073802,0.0033386,0.035973
11.631,-0.016433,0.0097934,0.26429,0.071202,0.0033229,0.036013
11.641,-0.012894,0.0097754,0.25429,0.067628,0.0032869,0.03605
11.65,-0.0012357,0.0097454,0.24233,0.063205,0.0032301,0.036083
11.66,-0.0070105,0.0097254,0.22826,0.058099,0.0031526,0.036112
11.67,0.011674,0.0096954,0.21207,0.052514,0.0030555,0.036136
11.68,0.023275,0.0096654,0.19386,0.046676,0.0029404,0.036157
11.689,0.028036,0.0096354,0.17386,0.040817,0.0028092,0.036177
11.699,0.03265,0.0096054,0.15238,0.035164,0.0026642,0.036197
11.709,0.044339,0.0095654,0.12983,0.029911,0.0025075,0.036219
11.719,0.055978,0.0095254,0.10666,0.025201,0.0023414,0.036245
11.728,0.053697,0.0094754,0.083337,0.021105,0.0021676,0.036274
11.738,0.045618,0.0094254,0.060254,0.017608,0.0019876,0.036306
11.748,0.023666,0.0093754,0.037659,0.014599,0.0018027,0.036341
11.758,0.0016648,0.0093254,0.015612,0.011883,0.0016141,0.036376
11.768,-0.013359,0.0092754,-0.0059704,0.0092102,0.0014227,0.036412
11.777,-0.028432,0.0092354,-0.027223,0.0063248,0.00123,0.036447
11.787,-0.039993,0.0091954,-0.048227,0.0030186,0.0010377,0.036478
11.797,-0.037686,0.0091554,-0.068941,-0.00083157,0.00084809,0.036507
11.807,-0.039942,0.0091154,-0.089198,-0.0052457,0.0006643,0.036531
11.816,-0.023676,0.0090854,-0.10874,-0.010148,0.00048988,0.036551
11.826,-0.0039447,0.0090554,-0.1273,-0.015391,0.00032884,0.036565
11.836,0.0065212,0.0090254,-0.14465,-0.020786,0.00018535,0.036574
11.846,0.015801,0.0089854,-0.16062,-0.026132,6.3491e-05,0.036577
11.855,0.015811,0.0089454,-0.17515,-0.031236,-3.3043e-05,0.036575
11.865,0.020471,0.0088854,-0.18827,-0.035927,-0.00010117,0.03657
11.875,0.021569,0.0088054,-0.20007,-0.040067,-0.00013864,0.036563
11.885,0.025088,0.0087154,-0.21066,-0.043553,-0.00014412,0.036558
11.895,0.027369,0.0086054,-0.22019,-0.04632,-0.00011734,0.036556
11.904,0.021619,0.0084654,-0.22881,-0.048345,-5.9065e-05,0.03656
11.914,0.028598,0.0083154,-0.23666,-0.04964,2.8938e-05,0.036571
11.924,0.028544,0.0081554,-0.24384,-0.050246,0.00014395,0.03659
11.934,0.026256,0.0079754,-0.25036,-0.050229,0.00028245,0.036615
11.943,0.012279,0.0077954,-0.25592,-0.04966,0.00044025,0.036645
11.953,0.015787,0.0076254,-0.25992,-0.048606,0.0006127,0.036674
11.963,0.0018519,0.0074554,-0.26165,-0.047136,0.00079488,0.036701
11.973,-0.003961,0.0073054,-0.26043,-0.045333,0.00098182,0.036721
11.982,-0.021413,0.0071654,-0.25586,-0.043297,0.0011688,0.036733
11.992,-0.019106,0.0070554,-0.24784,-0.041136,0.0013514,0.036736
12.002,-0.028391,0.0069654,-0.23667,-0.038959,0.0015259,0.03673
12.012,-0.037726,0.0069054,-0.22294,-0.036845,0.0016895,0.036716
12.021,-0.022648,0.0068554,-0.20742,-0.034823,0.0018402,0.036694
12.031,-0.0087577,0.0068354,-0.19082,-0.032857,0.0019766,0.036667
12.041,0.023702,0.0068254,-0.17371,-0.03086,0.0020986,0.036635
12.051,0.022483,0.0068354,-0.15654,-0.028725,0.0022061,0.036599
12.061,0.031713,0.0068554,-0.13969,-0.026362,0.0022997,0.036562
12.07,0.02935,0.0068854,-0.12332,-0.0237,0.0023802,0.036524
12.08,0.022378,0.0069254,-0.10748,-0.020701,0.0024485,0.036488
12.09,0.021154,0.0069754,-0.09215,-0.017367,0.0025053,0.036455
12.1,0.013041,0.0070254,-0.077276,-0.013726,0.0025513,0.036428
12.109,0.013,0.0070854,-0.062795,-0.0098322,0.0025874,0.036407
12.119,0.016424,0.0071454,-0.048643,-0.0057528,0.002614,0.036395
12.129,0.011725,0.0072054,-0.034731,-0.0015593,0.002632,0.036389
12.139,0.004747,0.0072654,-0.020952,0.0026717,0.0026417,0.03639
12.148,0.0035156,0.0073354,-0.0072122,0.0068539,0.0026438,0.036397
12.158,-0.0034709,0.0074054,0.0065118,0.010887,0.002639,0.036407
12.168,-0.011589,0.0074854,0.020182,0.014664,0.0026279,0.036418
12.178,-0.022088,0.0075554,0.033718,0.018082,0.0026113,0.03643
12.187,-0.02684,0.0076354,0.046978,0.021056,0.0025903,0.036441
12.197,-0.022236,0.0077054,0.059762,0.023539,0.002566,0.036452
12.207,-0.017632,0.0077754,0.071846,0.025532,0.00254,0.036461
12.217,-0.0049058,0.0078454,0.083044,0.027085,0.0025137,0.036469
12.227,0.0031675,0.0079054,0.093218,0.028287,0.0024891,0.036476
12.236,0.0042502,0.0079554,0.10226,0.029246,0.0024676,0.036483
12.246,0.016926,0.0080054,0.11011,0.030067,0.0024508,0.036488
12.256,0.027322,0.0080354,0.11671,0.030832,0.0024397,0.036492
12.266,0.023799,0.0080654,0.12201,0.031586,0.002435,0.036494
12.275,0.017949,0.0080854,0.12594,0.032339,0.0024368,0.036495
12.285,0.012099,0.0080954,0.12846,0.033071,0.0024449,0.036493
12.295,0.010852,0.0081054,0.12959,0.033741,0.0024585,0.036489
12.305,0.00039549,0.0081154,0.12938,0.0343,0.0024764,0.036484
12.314,0.0084584,0.0081154,0.12791,0.034696,0.0024972,0.036477
12.324,-0.003239,0.0081054,0.12529,0.034877,0.0025193,0.036468
12.334,-0.0009666,0.0081054,0.12164,0.034799,0.0025411,0.036459
12.344,-0.0021644,0.0080954,0.11709,0.034425,0.0025608,0.03645
12.353,-0.0068763,0.0080854,0.11175,0.033728,0.002577,0.036441
12.363,-0.012729,0.0080754,0.10573,0.032699,0.0025885,0.036433
12.373,-0.0058523,0.0080554,0.099147,0.031342,0.0025943,0.036428
12.383,0.0056837,0.0080454,0.092097,0.029673,0.0025937,0.036425
12.393,-0.0082484,0.0080254,0.0846,0.027707,0.0025866,0.036425
12.402,-0.0094463,0.0080154,0.076607,0.02546,0.002573,0.036429
12.412,-0.011831,0.0079954,0.068024,0.022951,0.0025536,0.036437
12.422,-0.0072819,0.0079754,0.058746,0.020216,0.0025292,0.036449
12.432,0.00078458,0.0079554,0.048701,0.017308,0.0025012,0.036464
12.441,0.0076573,0.0079354,0.037885,0.014312,0.002471,0.036481
12.451,0.021521,0.0079154,0.026381,0.011326,0.0024402,0.0365
12.461,0.012253,0.0078954,0.01437,0.0084571,0.0024104,0.036518
12.471,0.021456,0.0078754,0.0021045,0.0057941,0.002383,0.036535
12.48,0.024867,0.0078454,-0.010171,0.003393,0.0023591,0.036551
12.49,0.021344,0.0078254,-0.022241,0.0012675,0.0023392,0.036563
12.5,0.01203,0.0077954,-0.033923,-0.00060773,0.0023237,0.036572
12.51,-0.0008553,0.0077654,-0.045071,-0.0022885,0.0023124,0.036578
12.52,-0.0066558,0.0077354,-0.055574,-0.0038442,0.0023048,0.036581
12.529,-0.0183,0.0077054,-0.065293,-0.0053348,0.0023004,0.036582
12.539,-0.010278,0.0076654,-0.074067,-0.006798,0.0022984,0.036579
12.549,-0.011471,0.0076354,-0.081746,-0.008245,0.0022981,0.036576
12.559,-0.0069166,0.0076154,-0.088229,-0.0096641,0.0022989,0.036571
12.568,-0.0092954,0.0075854,-0.093461,-0.011028,0.0023003,0.036565
12.578,0.0011044,0.0075554,-0.097461,-0.012311,0.0023019,0.03656
12.588,-0.0012261,0.0075354,-0.10031,-0.013488,0.0023034,0.036555
12.598,-0.00013605,0.0075154,-0.10214,-0.014541,0.0023048,0.03655
12.607,-0.0071213,0.0074954,-0.10307,-0.015449,0.0023058,0.036547
12.617,0.0020921,0.0074854,-0.10323,-0.01618,0.0023068,0.036546
12.627,0.00085826,0.0074754,-0.10276,-0.016692,0.0023078,0.036548
12.637,0.0019511,0.0074654,-0.10178,-0.01694,0.0023091,0.036553
12.646,0.010075,0.0074654,-0.10044,-0.01688,0.002311,0.036562
12.656,0.019338,0.0074654,-0.098826,-0.016479,0.0023136,0.036576
12.666,0.018105,0.0074654,-0.096891,-0.015711,0.0023173,0.036595
12.676,0.01227,0.0074654,-0.094451,-0.014567,0.0023218,0.036616
12.686,0.015691,0.0074654,-0.091197,-0.013052,0.0023271,0.03664
12.695,0.0063341,0.0074754,-0.086772,-0.011197,0.0023329,0.036663
12.705,-0.0087616,0.0074854,-0.080866,-0.0090581,0.0023388,0.036684
12.715,-0.0064785,0.0074954,-0.073318,-0.0067167,0.0023444,0.036701
12.725,-0.01231,0.0075054,-0.064148,-0.0042704,0.0023494,0.036712
12.734,-0.025127,0.0075254,-0.053504,-0.0018122,0.0023534,0.036717
12.744,-0.023977,0.0075454,-0.041642,0.00058417,0.0023564,0.036714
12.754,-0.012425,0.0075754,-0.028942,0.0028683,0.0023586,0.036706
12.764,-0.0066705,0.0075954,-0.015907,0.0050084,0.0023602,0.036694
12.773,0.0060737,0.0076254,-0.0030893,0.0069864,0.0023617,0.036679
12.783,0.0025247,0.0076454,0.0089827,0.0087924,0.0023634,0.036663
12.793,0.010615,0.0076654,0.019847,0.010423,0.0023659,0.036647
12.803,0.00013143,0.0076854,0.029168,0.011855,0.0023695,0.036634
12.812,0.012875,0.0077054,0.036765,0.013108,0.0023745,0.036625
12.822,0.0059076,0.0077154,0.04259,0.014188,0.0023809,0.036619
12.832,0.0081571,0.0077254,0.046718,0.015115,0.002389,0.036616
12.842,0.0058474,0.0077354,0.049347,0.015922,0.0023984,0.036617
12.852,0.0046285,0.0077454,0.050754,0.016638,0.002409,0.036618
12.861,0.0011366,0.0077454,0.051217,0.017283,0.0024203,0.036621
12.871,0.0022496,0.0077454,0.051018,0.017866,0.0024319,0.036622
12.881,0.0010374,0.0077454,0.050419,0.018392,0.0024432,0.036622
12.891,-0.0058779,0.0077454,0.049651,0.018853,0.0024537,0.036619
12.9,-0.0059024,0.0077354,0.0489,0.019236,0.0024626,0.036613
12.91,-0.00944,0.0077354,0.04829,0.019514,0.0024696,0.036604
12.92,-0.01293,0.0077354,0.047876,0.019654,0.0024741,0.036592
12.93,-0.01528,0.0077354,0.047634,0.019625,0.002476,0.036578
12.939,-0.0059915,0.0077354,0.047464,0.019406,0.0024753,0.036563
12.949,-0.0048717,0.0077354,0.047196,0.018986,0.0024719,0.036548
12.959,-0.008405,0.0077354,0.046611,0.018367,0.0024663,0.036533
12.969,-0.0049094,0.0077354,0.045457,0.017556,0.0024588,0.03652
12.978,0.0031529,0.0077354,0.043477,0.016566,0.00245,0.036511
12.988,0.0019921,0.0077354,0.040439,0.015412,0.0024404,0.036506
12.998,0.0031201,0.0077254,0.036182,0.014113,0.0024306,0.036505
13.008,0.010085,0.0077254,0.030645,0.01269,0.0024209,0.036509
13.018,0.0042705,0.0077254,0.023874,0.011164,0.0024118,0.036518
13.027,0.0089169,0.0077154,0.016029,0.0095734,0.0024035,0.036532
13.037,0.0030641,0.0077154,0.0073765,0.0079391,0.0023963,0.036548
13.047,0.000768,0.0077054,-0.0017318,0.0063025,0.0023902,0.036568
13.057,-0.0027093,0.0077054,-0.010887,0.0047069,0.0023852,0.036588
13.066,-0.0027698,0.0076954,-0.019678,0.0031969,0.0023814,0.036608
13.076,-0.0039196,0.0076854,-0.027762,0.0018117,0.0023786,0.036627
13.086,0.0030113,0.0076754,-0.034892,0.00057977,0.0023766,0.036644
13.096,-0.00046704,0.0076654,-0.040919,-0.00048304,0.0023752,0.036657
13.105,-0.0039447,0.0076554,-0.045794,-0.0013766,0.0023742,0.036666
13.115,-0.0027616,0.0076454,-0.049546,-0.002118,0.0023733,0.03667
13.125,-0.0050978,0.0076354,-0.052263,-0.0027391,0.0023721,0.03667
13.135,-0.0074334,0.0076354,-0.05408,-0.0032775,0.0023704,0.036666
13.145,-0.0074383,0.0076254,-0.05515,-0.0037641,0.0023681,0.036659
13.154,-0.0027825,0.0076254,-0.05562,-0.0042136,0.002365,0.03665
13.164,-0.0085821,0.0076254,-0.055628,-0.0046229,0.0023615,0.03664
13.174,-0.0062591,0.0076254,-0.055291,-0.0049741,0.0023576,0.03663
13.184,0.0052786,0.0076354,-0.054706,-0.0052388,0.0023538,0.036622
13.193,0.0041369,0.0076354,-0.053915,-0.0053809,0.0023505,0.036615
13.203,0.0064658,0.0076454,-0.052904,-0.0053628,0.0023481,0.03661
13.213,0.0064652,0.0076454,-0.051618,-0.0051519,0.0023468,0.036608
13.223,0.0099352,0.0076554,-0.049982,-0.0047292,0.002347,0.036609
13.232,0.0076558,0.0076554,-0.047938,-0.0040947,0.0023486,0.036611
13.242,0.006467,0.0076654,-0.045454,-0.0032685,0.0023518,0.036616
13.252,-0.0051714,0.0076654,-0.042518,-0.0022875,0.0023561,0.036622
13.262,-0.0016492,0.0076654,-0.039144,-0.0011999,0.0023615,0.036627
13.271,-0.0086305,0.0076754,-0.035367,-5.6785e-05,0.0023675,0.036633
13.281,-0.0097673,0.0076754,-0.031238,0.0010958,0.0023738,0.036637
13.291,-0.0039696,0.0076754,-0.026829,0.0022215,0.0023802,0.03664
13.301,-0.0085714,0.0076854,-0.02222,0.0032965,0.0023862,0.03664
13.311,0.00069519,0.0076854,-0.017477,0.0043098,0.0023918,0.036638
13.32,-0.0028158,0.0076954,-0.012635,0.0052616,0.0023968,0.036634
13.33,0.00070575,0.0076954,-0.0076865,0.0061605,0.0024011,0.036627
13.34,0.0041757,0.0077054,-0.0026251,0.0070171,0.0024047,0.036619
13.35,0.003042,0.0077054,0.0025045,0.0078366,0.0024074,0.036609
13.359,-0.0016013,0.0077154,0.0075809,0.0086167,0.0024094,0.036597
13.369,0.00073185,0.0077254,0.012407,0.0093485,0.0024105,0.036586
13.379,-0.0015867,0.0077254,0.016731,0.010017,0.0024108,0.036575
13.389,0.0042112,0.0077354,0.0203,0.010606,0.0024103,0.036565
13.398,0.0053594,0.0077354,0.022915,0.011103,0.0024091,0.036557
13.408,0.0088879,0.0077454,0.024454,0.011498,0.0024071,0.036549
13.418,0.0042368,0.0077454,0.024874,0.011781,0.0024045,0.036543
13.428,0.0042459,0.0077454,0.024212,0.011937,0.0024012,0.036537
13.437,0.0019314,0.0077454,0.022571,0.011947,0.0023973,0.036531
13.447,-0.0096008,0.0077454,0.02013,0.011796,0.0023928,0.036524
13.457,-0.0049848,0.0077354,0.017125,0.011479,0.0023878,0.036516
13.467,-0.0084885,0.0077354,0.013808,0.011007,0.0023825,0.036506
13.477,-0.00035395,0.0077254,0.010409,0.010406,0.002377,0.036494
13.486,0.0019828,0.0077254,0.0071041,0.0097058,0.0023717,0.03648
13.496,0.00085387,0.0077154,0.004015,0.0089431,0.0023669,0.036466
13.506,-0.0026009,0.0077054,0.0012195,0.0081525,0.0023629,0.036451
13.516,-0.00025943,0.0076954,-0.0012457,0.0073644,0.00236,0.036438
13.525,-0.0025778,0.0076854,-0.003385,0.0066014,0.0023585,0.036425
13.535,-0.0037559,0.0076754,-0.005233,0.0058792,0.0023586,0.036415
13.545,0.0032361,0.0076654,-0.0068567,0.0052068,0.0023603,0.036407
13.555,-0.0014017,0.0076454,-0.0083576,0.0045877,0.0023638,0.036402
13.564,0.0067306,0.0076354,-0.0098631,0.0040199,0.0023689,0.036398
13.574,-0.00023693,0.0076154,-0.011516,0.0034972,0.0023756,0.036396
13.584,0.0032857,0.0076054,-0.01346,0.0030101,0.0023836,0.036395
13.594,0.0032984,0.0075854,-0.015804,0.0025495,0.0023927,0.036395
13.603,0.00098726,0.0075654,-0.018591,0.002111,0.0024025,0.036397
13.613,0.0021402,0.0075554,-0.021767,0.0016983,0.0024125,0.036399
13.623,-0.00017274,0.0075354,-0.025187,0.0013209,0.0024223,0.036402
13.633,0.0044904,0.0075254,-0.028645,0.0009887,0.0024314,0.036406
13.643,-0.01169,0.0075154,-0.031905,0.00070779,0.0024392,0.036411
13.652,0.0010069,0.0075054,-0.034735,0.00047904,0.0024453,0.036416
13.662,-0.011664,0.0074954,-0.036922,0.00030174,0.0024491,0.036423
13.672,-0.0059064,0.0074954,-0.038295,0.00017515,0.0024505,0.036431
13.682,-0.012824,0.0074954,-0.038761,9.8568e-05,0.0024491,0.036439
13.691,-0.0024096,0.0074954,-0.038306,7.2247e-05,0.0024449,0.036449
13.701,-0.010517,0.0075054,-0.036994,9.8351e-05,0.0024381,0.03646
13.711,-0.0069927,0.0075154,-0.034939,0.00018249,0.002429,0.036472
13.721,-0.0023692,0.0075254,-0.032292,0.00033286,0.0024178,0.036485
13.73,0.0023002,0.0075454,-0.029235,0.00055662,0.0024051,0.036499
13.74,0.0023137,0.0075554,-0.025963,0.00085684,0.0023915,0.036513
13.75,0.010451,0.0075754,-0.022667,0.001231,0.0023773,0.036528
13.76,0.0058545,0.0075954,-0.019531,0.0016694,0.0023632,0.036542
13.77,0.0081478,0.0076154,-0.01671,0.0021569,0.0023495,0.036556
13.779,0.0011811,0.0076354,-0.014319,0.0026742,0.0023365,0.036569
13.789,0.0012403,0.0076554,-0.012423,0.0032018,0.0023244,0.03658
13.799,0.0070475,0.0076654,-0.011038,0.0037229,0.0023135,0.036588
13.809,0.0059206,0.0076854,-0.010129,0.0042256,0.0023036,0.036593
13.818,0.0012796,0.0076954,-0.0096269,0.0047007,0.002295,0.036596
13.828,0.0070866,0.0077054,-0.009443,0.0051381,0.0022873,0.036595
13.838,0.0013054,0.0077154,-0.0094743,0.0055262,0.0022806,0.036592
13.848,-0.0010078,0.0077254,-0.0095992,0.005855,0.0022747,0.036586
13.857,-0.0045152,0.0077354,-0.0096726,0.0061211,0.0022696,0.036579
13.867,0.00020729,0.0077454,-0.0095261,0.0063308,0.002265,0.036571
13.877,-0.012561,0.0077454,-0.0089858,0.0064977,0.0022611,0.036563
13.887,-0.0055681,0.0077454,-0.007929,0.0066363,0.0022579,0.036556
13.896,-0.005556,0.0077554,-0.0063432,0.0067558,0.0022555,0.036551
13.906,-0.003264,0.0077554,-0.0043368,0.0068589,0.0022541,0.036547
13.916,-0.0020622,0.0077554,-0.0021154,0.0069441,0.002254,0.036546
13.926,0.0025555,0.0077554,7.1907e-05,0.0070086,0.0022553,0.036547
13.936,0.014205,0.0077554,0.0019814,0.0070509,0.0022582,0.03655
13.945,0.0037223,0.0077554,0.003398,0.0070684,0.002263,0.036554
13.955,0.010763,0.0077454,0.004164,0.0070581,0.0022697,0.036559
13.965,0.0014144,0.0077354,0.0041873,0.0070141,0.0022784,0.036564
13.975,0.0095952,0.0077254,0.0034553,0.006929,0.0022888,0.036567
13.984,0.0060857,0.0077154,0.0020293,0.0067959,0.0023008,0.03657
13.994,0.0026321,0.0076954,3.2947e-05,0.0066107,0.002314,0.03657
14.004,-0.00082376,0.0076854,-0.0023609,0.0063731,0.0023282,0.036569
14.014,0.00032618,0.0076654,-0.0049635,0.006086,0.0023429,0.036565
14.023,0.0026619,0.0076554,-0.0075983,0.0057547,0.0023576,0.03656
14.033,-0.0077306,0.0076354,-0.010126,0.0053866,0.0023721,0.036554
14.043,-0.00078537,0.0076154,-0.012452,0.004991,0.0023859,0.036548
14.053,-0.0054364,0.0076054,-0.01454,0.0045768,0.0023988,0.036542
14.062,0.0003724,0.0075854,-0.016391,0.004153,0.0024106,0.036538
14.072,-0.00075908,0.0075754,-0.01801,0.0037312,0.0024211,0.036535
14.082,0.010839,0.0075654,-0.019378,0.0033266,0.0024302,0.036534
14.092,0.0050472,0.0075554,-0.020451,0.0029549,0.0024379,0.036536
14.102,0.0015909,0.0075454,-0.021194,0.0026285,0.0024441,0.03654
14.111,-0.0019176,0.0075354,-0.021618,0.0023532,0.0024488,0.036546
14.121,-0.0041905,0.0075254,-0.021786,0.0021301,0.0024521,0.036554
14.131,-0.010025,0.0075254,-0.021798,0.0019594,0.002454,0.036562
14.141,0.007413,0.0075254,-0.02177,0.0018435,0.0024546,0.03657
14.15,0.012079,0.0075254,-0.021795,0.0017871,0.002454,0.036577
14.16,0.0062853,0.0075254,-0.021909,0.0017971,0.0024521,0.036583
14.17,0.0027771,0.0075254,-0.022076,0.0018793,0.0024491,0.036586
14.18,0.0027825,0.0075254,-0.022211,0.0020346,0.0024449,0.036587
14.189,-0.0030085,0.0075354,-0.022215,0.0022567,0.0024394,0.036584
14.199,-0.0041437,0.0075354,-0.021979,0.0025371,0.0024327,0.03658
14.209,0.0027968,0.0075454,-0.02139,0.0028687,0.0024246,0.036573
14.219,0.00047488,0.0075554,-0.020352,0.003245,0.0024154,0.036564
14.228,-0.00066133,0.0075654,-0.018826,0.0036557,0.002405,0.036555
14.238,-0.00065788,0.0075754,-0.016833,0.0040846,0.0023935,0.036546
14.248,-0.00065476,0.0075854,-0.014462,0.0045112,0.0023813,0.036538
14.258,-0.007636,0.0075954,-0.011838,0.0049144,0.0023685,0.036532
14.268,-0.0064496,0.0076154,-0.0091148,0.0052743,0.0023554,0.036528
14.277,-0.0029275,0.0076354,-0.0064627,0.0055737,0.0023426,0.036527
14.287,-0.0029758,0.0076454,-0.0040715,0.0057985,0.0023302,0.036528
14.297,0.0039656,0.0076654,-0.0021498,0.0059387,0.0023187,0.03653
14.307,-0.0029734,0.0076854,-0.00090151,0.0059908,0.0023084,0.036535
14.316,0.0062873,0.0076954,-0.00047515,0.0059602,0.0022996,0.03654
14.326,0.010998,0.0077154,-0.00093831,0.0058599,0.0022925,0.036546
14.336,0.0040074,0.0077254,-0.0022627,0.0057083,0.0022872,0.036552
14.346,0.002823,0.0077454,-0.0043064,0.005528,0.0022835,0.036558
14.355,0.00054612,0.0077554,-0.0068289,0.0053439,0.0022815,0.036564
14.365,-0.0041151,0.0077654,-0.0095253,0.0051823,0.0022808,0.036568
14.375,0.0016793,0.0077754,-0.012071,0.005069,0.0022811,0.036571
14.385,0.00049131,0.0077754,-0.014167,0.0050255,0.0022821,0.036573
14.395,-0.0029811,0.0077854,-0.015578,0.0050622,0.0022834,0.036574
14.404,-0.0064538,0.0077954,-0.016168,0.0051734,0.0022846,0.036575
14.414,-0.004127,0.0077954,-0.015884,0.0053418,0.0022854,0.036575
14.424,-0.0099245,0.0078054,-0.01475,0.0055461,0.0022856,0.036574
14.434,-0.013395,0.0078054,-0.012872,0.0057658,0.0022851,0.036575
14.443,-0.0053288,0.0078154,-0.010434,0.0059824,0.0022838,0.036576
14.453,-0.0029535,0.0078154,-0.0076961,0.0061765,0.002282,0.036578
14.463,-0.0030086,0.0078254,-0.004973,0.0063273,0.0022797,0.036582
14.473,0.0074359,0.0078254,-0.0025909,0.0064141,0.0022773,0.036587
14.482,0.00044998,0.0078254,-0.00085254,0.0064186,0.0022751,0.036593
14.492,0.0074237,0.0078254,7.4326e-07,0.0063274,0.0022733,0.036601
14.502,0.001623,0.0078254,-0.00017877,0.0061356,0.0022722,0.036609
14.512,0.0062699,0.0078254,-0.0014065,0.0058496,0.002272,0.036617
14.521,0.0027484,0.0078154,-0.0035569,0.0054871,0.0022729,0.036624
14.531,0.0027405,0.0078054,-0.0063926,0.0050739,0.0022748,0.036631
14.541,0.0015921,0.0077954,-0.0096108,0.0046414,0.0022777,0.036637
14.551,-0.00074255,0.0077854,-0.012897,0.0042223,0.0022815,0.036641
14.561,0.0038583,0.0077754,-0.01597,0.0038462,0.0022859,0.036643
14.57,-0.0019011,0.0077654,-0.018602,0.0035369,0.0022906,0.036643
14.58,0.00036896,0.0077554,-0.02063,0.003311,0.0022953,0.036643
14.59,-0.0053913,0.0077454,-0.021948,0.0031782,0.0022997,0.036641
14.6,-0.004262,0.0077254,-0.022501,0.0031434,0.0023033,0.03664
14.609,-0.0031331,0.0077154,-0.022288,0.003207,0.0023059,0.036638
14.619,0.0015115,0.0077054,-0.021358,0.0033639,0.0023071,0.036637
14.629,0.00031363,0.0077054,-0.019813,0.003602,0.0023069,0.036637
14.639,0.0038114,0.0076954,-0.017795,0.0039024,0.002305,0.036638
14.648,0.00028879,0.0076954,-0.015471,0.0042416,0.0023016,0.036639
14.658,-0.0020042,0.0076854,-0.013013,0.0045948,0.0022965,0.036641
14.668,-0.0043476,0.0076854,-0.010587,0.0049391,0.00229,0.036643
14.678,-0.0020813,0.0076854,-0.0083558,0.0052532,0.0022824,0.036645
14.687,0.0025606,0.0076854,-0.0064669,0.0055184,0.0022739,0.036645
14.697,-0.0043899,0.0076854,-0.0050218,0.0057206,0.0022649,0.036644
14.707,0.0036752,0.0076954,-0.0040712,0.0058516,0.0022558,0.036641
14.717,-0.00556,0.0076954,-0.0036269,0.0059095,0.002247,0.036636
14.727,-0.0032956,0.0076954,-0.0036663,0.0059018,0.0022388,0.036629
14.736,-0.00098149,0.0076954,-0.0041405,0.0058474,0.0022315,0.03662
14.746,0.010592,0.0076954,-0.0049758,0.0057727,0.0022256,0.036609
14.756,0.0071056,0.0077054,-0.0060676,0.005704,0.002221,0.036598
14.766,0.0047587,0.0077054,-0.0072841,0.0056594,0.002218,0.036588
14.775,-0.0010486,0.0077054,-0.0084776,0.0056453,0.0022164,0.036579
14.785,-0.0057262,0.0077054,-0.0094935,0.0056577,0.0022162,0.03657
14.795,-0.010348,0.0077054,-0.010186,0.0056888,0.0022172,0.036564
14.805,-0.010366,0.0077054,-0.010439,0.0057337,0.0022191,0.03656
14.814,-0.001121,0.0077054,-0.010188,0.0057935,0.0022219,0.036557
14.824,-0.0046099,0.0077054,-0.0094371,0.0058749,0.0022253,0.036557
14.834,0.0069609,0.0077154,-0.0082636,0.0059846,0.0022294,0.03656
14.844,0.0046114,0.0077154,-0.0068071,0.0061229,0.002234,0.036564
14.853,0.0034516,0.0077154,-0.0052555,0.0062778,0.0022391,0.03657
14.863,0.0022956,0.0077154,-0.0038245,0.0064249,0.0022445,0.036577
14.873,-4.8755e-05,0.0077254,-0.0027282,0.0065317,0.0022503,0.036583
14.883,-0.0093834,0.0077254,-0.0021453,0.0065653,0.0022563,0.036589
14.893,-0.0024202,0.0077254,-0.0021774,0.0065024,0.0022625,0.036593
14.902,-0.0094254,0.0077254,-0.0028333,0.0063372,0.0022689,0.036595
14.912,-0.0036527,0.0077254,-0.0040331,0.0060863,0.0022755,0.036595
14.922,0.0021216,0.0077354,-0.00563,0.0057874,0.0022823,0.036593
14.932,0.0090838,0.0077354,-0.0074483,0.0054877,0.0022878,0.036589
14.941,0.0055917,0.0077354,-0.0093197,0.0052288,0.0022985,0.036585
14.951,0.0055694,0.0077354,-0.011095,0.0050361,0.0023042,0.036581
14.961,0.0020329,0.0077354,-0.012641,0.0049163,0.0023116,0.036577
14.971,-0.0049258,0.0077354,-0.013842,0.004862,0.0023186,0.036574
14.98,-0.0014787,0.0077354,-0.014607,0.0048586,0.0023251,0.036574
14.99,-0.0015018,0.0077354,-0.014886,0.0048898,0.0023307,0.036575
15,-0.0015251,0.0077454,-0.014671,0.00494,0.0023353,0.036578
15.01,-0.010813,0.0077454,-0.014001,0.0049946,0.0023387,0.036582
15.02,-0.0073722,0.0077554,-0.012967,0.0050394,0.0023409,0.036589
15.029,-0.001596,0.0077554,-0.011709,0.0050619,0.0023422,0.036597
15.039,-0.0050899,0.0077554,-0.010409,0.0050547,0.0023425,0.036606
15.049,-0.0016439,0.0077654,-0.009272,0.0050182,0.0023424,0.036614
15.059,0.0041219,0.0077654,-0.0084845,0.0049598,0.002342,0.036622
15.068,0.011088,0.0077654,-0.0081834,0.0048888,0.0023417,0.036629
15.078,0.0040732,0.0077654,-0.0084427,0.0048107,0.0023416,0.036633
15.088,0.0040486,0.0077554,-0.0092588,0.0047264,0.002342,0.036635
15.098,-0.001766,0.0077554,-0.010529,0.0046365,0.0023429,0.036633
15.107,-0.0064007,0.0077454,-0.012063,0.0045437,0.0023441,0.036629
15.117,-0.0041454,0.0077354,-0.01364,0.0044535,0.0023456,0.036621
15.127,-0.0041203,0.0077254,-0.015049,0.004375,0.002347,0.036612
15.137,-0.0041952,0.0077154,-0.016115,0.0043226,0.0023483,0.036601
