packet,normalized_shear,normalized_moment,normalized_settlement,normalized_sliding,rotation_rad
a,0.003661,0.037075,0.000597,0.001228,-0.000248
a,0.003552,0.036565,0.000753,0.001292,-0.000287
a,0.003529,0.036396,0.000857,0.001334,-0.000315
a,0.003589,0.036554,0.000914,0.001354,-0.000331
a,0.003725,0.037007,0.000926,0.001356,-0.000338
a,0.003924,0.03771,0.000901,0.001342,-0.000336
a,0.00417,0.038603,0.000845,0.001316,-0.000326
a,0.004446,0.039619,0.000763,0.00128,-0.000311
a,0.004732,0.040682,0.000664,0.001238,-0.000291
a,0.005003,0.041703,0.000554,0.001193,-0.000269
a,0.005232,0.042584,0.000438,0.001148,-0.000245
a,0.005391,0.043218,0.000322,0.001106,-0.000221
a,0.00545,0.043496,0.000211,0.001067,-0.000198
a,0.005377,0.043309,0.000109,0.001035,-0.000177
a,0.005144,0.04255,1.8e-05,0.001009,-0.000159
a,0.004724,0.041126,-6e-05,0.00099,-0.000145
a,0.004094,0.038957,-0.000122,0.000979,-0.000135
a,0.003238,0.035979,-0.00017,0.000974,-0.000129
a,0.002144,0.032152,-0.000202,0.000975,-0.000128
a,0.000805,0.027455,-0.00022,0.000983,-0.000132
a,-0.000777,0.021884,-0.000226,0.000995,-0.000142
a,-0.002598,0.015461,-0.000219,0.001012,-0.000157
a,-0.004645,0.008228,-0.000204,0.001034,-0.000178
a,-0.006902,0.000241,-0.00018,0.001058,-0.000206
a,-0.00935,-0.008437,-0.000152,0.001084,-0.00024
a,-0.011972,-0.017744,-0.000119,0.001111,-0.00028
a,-0.014749,-0.027617,-8.5e-05,0.001138,-0.000327
a,-0.017664,-0.037993,-5.1e-05,0.001163,-0.000381
a,-0.020697,-0.048806,-1.8e-05,0.001187,-0.000442
a,-0.023828,-0.059984,1.3e-05,0.001207,-0.00051
a,-0.027032,-0.071438,4e-05,0.001223,-0.000584
a,-0.030279,-0.083062,6.4e-05,0.001236,-0.000665
a,-0.033533,-0.094732,8.4e-05,0.001244,-0.000752
a,-0.036756,-0.106313,9.9e-05,0.001247,-0.000844
a,-0.039913,-0.117673,0.000109,0.001245,-0.00094
a,-0.042971,-0.128698,0.000116,0.001237,-0.00104
a,-0.045905,-0.139297,0.000119,0.001224,-0.00114
a,-0.048697,-0.149402,0.000119,0.001207,-0.00125
a,-0.051335,-0.15897,0.000116,0.001186,-0.00135
a,-0.053813,-0.167975,0.000112,0.001161,-0.00145
a,-0.056128,-0.1764,0.000106,0.001134,-0.00155
a,-0.058277,-0.184238,0.000101,0.001105,-0.00165
a,-0.060258,-0.191479,9.5e-05,0.001075,-0.00174
a,-0.06207,-0.198111,9.1e-05,0.001045,-0.00183
a,-0.063708,-0.204124,8.8e-05,0.001016,-0.00192
a,-0.065169,-0.209502,8.6e-05,0.000988,-0.002
a,-0.066448,-0.214229,8.6e-05,0.000961,-0.00208
a,-0.067539,-0.218285,8.9e-05,0.000935,-0.00215
a,-0.068437,-0.221647,9.3e-05,0.000912,-0.00222
a,-0.069134,-0.224288,9.9e-05,0.00089,-0.00228
a,-0.069619,-0.226172,0.000107,0.00087,-0.00234
a,-0.069882,-0.227267,0.000116,0.000853,-0.0024
a,-0.069915,-0.227542,0.000127,0.000837,-0.00244
a,-0.069712,-0.226971,0.000137,0.000824,-0.00249
a,-0.069262,-0.225526,0.000149,0.000812,-0.00253
a,-0.068559,-0.223175,0.00016,0.000802,-0.00256
a,-0.067595,-0.219892,0.000172,0.000792,-0.00259
a,-0.066363,-0.215655,0.000183,0.000782,-0.00261
a,-0.064858,-0.21044,0.000194,0.000772,-0.00263
a,-0.063074,-0.20423,0.000205,0.000762,-0.00264
a,-0.061012,-0.197026,0.000216,0.000752,-0.00264
a,-0.058683,-0.188871,0.000226,0.000742,-0.00264
a,-0.056111,-0.179848,0.000236,0.000733,-0.00264
a,-0.053332,-0.170082,0.000245,0.000725,-0.00262
a,-0.050389,-0.159728,0.000254,0.000719,-0.00261
a,-0.047332,-0.148962,0.000262,0.000715,-0.00259
a,-0.044211,-0.137964,0.000269,0.000714,-0.00256
a,-0.041076,-0.126911,0.000275,0.000716,-0.00254
a,-0.037975,-0.115969,0.00028,0.000721,-0.00251
a,-0.034952,-0.105298,0.000284,0.000729,-0.00248
a,-0.032048,-0.094987,0.000287,0.000739,-0.00246
a,-0.029299,-0.085335,0.000289,0.000753,-0.00243
a,-0.026732,-0.076263,0.00029,0.000768,-0.0024
a,-0.024363,-0.067892,0.00029,0.000786,-0.00238
a,-0.022203,-0.060252,0.000289,0.000805,-0.00235
a,-0.020248,-0.053338,0.000287,0.000825,-0.00233
a,-0.018488,-0.047112,0.000285,0.000845,-0.00231
a,-0.016904,-0.041506,0.000282,0.000866,-0.00229
a,-0.015467,-0.036417,0.000279,0.000887,-0.00227
a,-0.014137,-0.031704,0.000275,0.000908,-0.00225
a,-0.012865,-0.027195,0.000272,0.000928,-0.00224
a,-0.011594,-0.022693,0.000268,0.000949,-0.00222
a,-0.010265,-0.017981,0.000265,0.00097,-0.0022
a,-0.008814,-0.012838,0.000261,0.000992,-0.00218
a,-0.007179,-0.007046,0.000257,0.001013,-0.00216
a,-0.005306,-0.000408,0.000254,0.001035,-0.00213
a,-0.003144,0.00725,0.000251,0.001057,-0.00211
a,-0.000656,0.016063,0.000249,0.001079,-0.00207
a,0.002183,0.026124,0.000247,0.0011,-0.00204
a,0.005385,0.037474,0.000247,0.001122,-0.00199
a,0.008948,0.050104,0.000247,0.001142,-0.00194
a,0.012852,0.06395,0.000249,0.001162,-0.00188
a,0.017068,0.078909,0.000253,0.001181,-0.00182
a,0.021556,0.094844,0.000258,0.001199,-0.00175
a,0.026273,0.111597,0.000264,0.001216,-0.00168
a,0.03117,0.129001,0.000272,0.001232,-0.0016
a,0.036199,0.146887,0.000281,0.001248,-0.00151
a,0.041312,0.165084,0.000292,0.001263,-0.00141
a,0.046458,0.183416,0.000304,0.001277,-0.00131
a,0.051587,0.201708,0.000317,0.00129,-0.00121
a,0.056653,0.219796,0.00033,0.001301,-0.0011
a,0.061612,0.237528,0.000345,0.001312,-0.000983
a,0.066428,0.254772,0.000359,0.00132,-0.000862
a,0.071065,0.271408,0.000374,0.001327,-0.000737
a,0.075495,0.287331,0.000389,0.001332,-0.000607
a,0.079693,0.302455,0.000404,0.001336,-0.000474
a,0.083642,0.316716,0.000418,0.001339,-0.000339
a,0.087332,0.330073,0.000432,0.001341,-0.000202
a,0.090756,0.342504,0.000445,0.001343,-6.4e-05
a,0.093915,0.354007,0.000458,0.001345,7.5e-05
a,0.096812,0.36459,0.00047,0.001347,0.000212
a,0.099451,0.374268,0.00048,0.00135,0.000348
a,0.10184,0.383065,0.00049,0.001352,0.000483
a,0.10399,0.391016,0.000499,0.001355,0.000615
a,0.105912,0.398164,0.000506,0.001358,0.000746
a,0.107621,0.404561,0.000512,0.001359,0.000874
a,0.109136,0.410269,0.000517,0.001359,0.001
a,0.110475,0.415356,0.000521,0.001357,0.00112
a,0.111658,0.419892,0.000524,0.001353,0.00125
a,0.112706,0.423945,0.000525,0.001346,0.00136
a,0.113637,0.427582,0.000525,0.001338,0.00148
a,0.114472,0.430874,0.000524,0.001327,0.0016
a,0.115232,0.433894,0.000522,0.001316,0.00171
a,0.115941,0.436724,0.000519,0.001303,0.00181
a,0.116623,0.439446,0.000516,0.001291,0.00192
a,0.117299,0.442138,0.000512,0.001279,0.00202
a,0.117988,0.444862,0.000508,0.001269,0.00212
a,0.118702,0.44766,0.000504,0.00126,0.00221
a,0.119448,0.450554,0.0005,0.001253,0.0023
a,0.120225,0.453543,0.000497,0.001247,0.00238
a,0.121028,0.456612,0.000495,0.001244,0.00246
a,0.121851,0.45973,0.000493,0.001243,0.00253
a,0.122679,0.462854,0.000492,0.001243,0.0026
a,0.123495,0.465922,0.000491,0.001244,0.00267
a,0.124277,0.468858,0.000492,0.001245,0.00273
a,0.125,0.471575,0.000493,0.001247,0.00279
a,0.125636,0.473978,0.000495,0.001248,0.00284
a,0.12616,0.475974,0.000498,0.001247,0.00289
a,0.126546,0.47748,0.000502,0.001246,0.00294
a,0.126775,0.478421,0.000506,0.001243,0.00298
a,0.126826,0.478731,0.00051,0.001238,0.00302
a,0.126684,0.478349,0.000515,0.001233,0.00306
a,0.126333,0.477219,0.000521,0.001227,0.00309
a,0.125759,0.475291,0.000526,0.001222,0.00312
a,0.124951,0.472526,0.000532,0.001217,0.00314
a,0.123902,0.468896,0.000538,0.001213,0.00315
a,0.122607,0.464384,0.000544,0.00121,0.00315
a,0.121067,0.458989,0.00055,0.001208,0.00315
a,0.119283,0.452715,0.000557,0.001208,0.00314
a,0.11726,0.445579,0.000564,0.001211,0.00313
a,0.115004,0.4376,0.000571,0.001217,0.0031
a,0.112521,0.428799,0.000578,0.001227,0.00307
a,0.109817,0.419193,0.000586,0.001243,0.00302
a,0.106895,0.408796,0.000594,0.001265,0.00297
a,0.10376,0.397621,0.000602,0.001294,0.00291
a,0.100416,0.385683,0.000611,0.001331,0.00284
a,0.096866,0.372994,0.00062,0.001376,0.00275
a,0.093113,0.359569,0.000629,0.001428,0.00266
a,0.089163,0.345428,0.000639,0.001488,0.00257
a,0.085024,0.330599,0.000649,0.001554,0.00246
a,0.080704,0.31512,0.000659,0.001625,0.00235
a,0.076216,0.299033,0.000669,0.001699,0.00223
a,0.071571,0.28239,0.000679,0.001776,0.00211
a,0.066787,0.265251,0.000689,0.001852,0.00199
a,0.061883,0.247689,0.000698,0.001927,0.00187
a,0.056882,0.229791,0.000707,0.001998,0.00175
a,0.051816,0.211669,0.000715,0.002064,0.00162
a,0.04672,0.193454,0.000722,0.002123,0.00151
a,0.041636,0.175296,0.000728,0.002173,0.00139
a,0.03661,0.157354,0.000733,0.002214,0.00129
a,0.031684,0.139785,0.000737,0.002246,0.00118
a,0.026904,0.122745,0.000739,0.002268,0.00109
a,0.02231,0.106381,0.000741,0.002282,0.001
a,0.01794,0.090823,0.000742,0.002287,0.000918
a,0.013824,0.076173,0.000741,0.002285,0.000844
a,0.009981,0.062502,0.00074,0.002278,0.000775
a,0.00642,0.049839,0.000739,0.002267,0.000713
a,0.003138,0.038168,0.000737,0.002253,0.000657
a,0.000117,0.027431,0.000736,0.002237,0.000606
a,-0.002671,0.017525,0.000735,0.002221,0.00056
a,-0.005265,0.008308,0.000735,0.002205,0.000518
a,-0.007718,-0.0004,0.000736,0.00219,0.000479
a,-0.010084,-0.008802,0.000739,0.002175,0.000443
a,-0.012427,-0.017114,0.000744,0.002162,0.000408
a,-0.014807,-0.025554,0.000751,0.00215,0.000373
a,-0.017281,-0.034329,0.00076,0.002138,0.000338
a,-0.019903,-0.043624,0.000772,0.002127,0.000301
a,-0.022715,-0.053596,0.000786,0.002117,0.000261
a,-0.02575,-0.064359,0.000803,0.002106,0.000217
a,-0.029024,-0.075979,0.000823,0.002094,0.000168
a,-0.032542,-0.088467,0.000845,0.002082,0.000113
a,-0.036291,-0.101789,0.00087,0.002067,5.2e-05
a,-0.04025,-0.115865,0.000896,0.002051,-1.7e-05
a,-0.044383,-0.130576,0.000924,0.002032,-9.2e-05
a,-0.048648,-0.145773,0.000954,0.002011,-0.000175
a,-0.052997,-0.161286,0.000984,0.001987,-0.000266
a,-0.057376,-0.176928,0.001014,0.001961,-0.000364
a,-0.06173,-0.192505,0.001045,0.001932,-0.000468
a,-0.066004,-0.207818,0.001075,0.001899,-0.000578
a,-0.070143,-0.222673,0.001105,0.001863,-0.000692
a,-0.074098,-0.236895,0.001134,0.001823,-0.000809
a,-0.077829,-0.250335,0.001161,0.001779,-0.000927
a,-0.081303,-0.262877,0.001188,0.00173,-0.00104
a,-0.084498,-0.274432,0.001212,0.001676,-0.00116
a,-0.087396,-0.284944,0.001236,0.001617,-0.00127
a,-0.089992,-0.294381,0.001258,0.001553,-0.00138
a,-0.092284,-0.302734,0.00128,0.001484,-0.00149
a,-0.094276,-0.31002,0.0013,0.001411,-0.00158
a,-0.095979,-0.316274,0.00132,0.001334,-0.00167
a,-0.097412,-0.321553,0.00134,0.001254,-0.00176
a,-0.098593,-0.325931,0.00136,0.001172,-0.00183
a,-0.099548,-0.329485,0.00138,0.001088,-0.0019
a,-0.100296,-0.332291,0.001402,0.001002,-0.00195
a,-0.100856,-0.334415,0.001423,0.000917,-0.00201
a,-0.101243,-0.335906,0.001446,0.000832,-0.00205
a,-0.101463,-0.336791,0.001469,0.000749,-0.00208
a,-0.101521,-0.337083,0.001492,0.000669,-0.00211
a,-0.101413,-0.336774,0.001515,0.000593,-0.00213
a,-0.101132,-0.335843,0.001539,0.000522,-0.00215
a,-0.100666,-0.334246,0.001562,0.000456,-0.00216
a,-0.099997,-0.331921,0.001584,0.000397,-0.00216
a,-0.099103,-0.328795,0.001605,0.000346,-0.00216
a,-0.097961,-0.324789,0.001626,0.000303,-0.00216
a,-0.096549,-0.319826,0.001645,0.000269,-0.00216
a,-0.094849,-0.313841,0.001663,0.000244,-0.00214
a,-0.092846,-0.306789,0.00168,0.000228,-0.00213
a,-0.090537,-0.298655,0.001695,0.000222,-0.00212
a,-0.087926,-0.289458,0.001708,0.000226,-0.0021
a,-0.085028,-0.279246,0.00172,0.000239,-0.00208
a,-0.081861,-0.268089,0.00173,0.00026,-0.00205
a,-0.078448,-0.256062,0.001737,0.000288,-0.00203
a,-0.074811,-0.243246,0.001743,0.000324,-0.002
a,-0.070979,-0.22974,0.001747,0.000365,-0.00197
a,-0.066984,-0.215656,0.001749,0.00041,-0.00194
a,-0.06286,-0.201117,0.00175,0.000458,-0.00191
a,-0.058645,-0.186251,0.001749,0.000508,-0.00187
a,-0.054374,-0.171186,0.001746,0.000557,-0.00184
a,-0.050084,-0.156046,0.001743,0.000606,-0.0018
a,-0.045808,-0.140948,0.001739,0.000651,-0.00176
a,-0.041576,-0.126,0.001735,0.000692,-0.00172
a,-0.037416,-0.111301,0.001731,0.000728,-0.00167
a,-0.033353,-0.096935,0.001728,0.000759,-0.00163
a,-0.029403,-0.082963,0.001725,0.000784,-0.00158
a,-0.025575,-0.069414,0.001722,0.000803,-0.00154
a,-0.021864,-0.056273,0.001721,0.000816,-0.00149
a,-0.018254,-0.043481,0.001721,0.000824,-0.00144
a,-0.014715,-0.030934,0.001722,0.000828,-0.00139
a,-0.011206,-0.018489,0.001725,0.000829,-0.00134
a,-0.007679,-0.005975,0.001729,0.000828,-0.00129
a,-0.004079,0.006801,0.001735,0.000825,-0.00123
a,-0.000349,0.020042,0.001742,0.000823,-0.00118
a,0.003565,0.03394,0.00175,0.000821,-0.00111
a,0.007712,0.048667,0.001758,0.000821,-0.00105
a,0.012129,0.064358,0.001767,0.000824,-0.000977
a,0.016842,0.081102,0.001777,0.000829,-0.0009
a,0.02186,0.098936,0.001786,0.000838,-0.000816
a,0.027179,0.117843,0.001794,0.00085,-0.000726
a,0.032778,0.137751,0.001801,0.000864,-0.000629
a,0.038624,0.158545,0.001807,0.000881,-0.000526
a,0.044672,0.180067,0.001811,0.000901,-0.000417
a,0.05087,0.202132,0.001813,0.000922,-0.000302
a,0.057158,0.224527,0.001813,0.000945,-0.000183
a,0.063473,0.247028,0.00181,0.000969,-5.9e-05
a,0.069749,0.269405,0.001805,0.000994,6.8e-05
a,0.075924,0.291438,0.001798,0.001019,0.000198
a,0.081938,0.312912,0.001789,0.001044,0.00033
a,0.087735,0.333628,0.001778,0.001069,0.000462
a,0.093263,0.353407,0.001767,0.001095,0.000595
a,0.098479,0.372088,0.001755,0.001121,0.000727
a,0.103343,0.389539,0.001744,0.001147,0.000858
a,0.10783,0.405661,0.001732,0.001174,0.000988
a,0.111919,0.42039,0.001722,0.0012,0.00112
a,0.115606,0.433701,0.001712,0.001225,0.00124
a,0.118893,0.445611,0.001704,0.001249,0.00137
a,0.121799,0.456175,0.001697,0.001272,0.00149
a,0.124345,0.465475,0.001691,0.001293,0.00161
a,0.126559,0.473606,0.001687,0.001313,0.00173
a,0.12847,0.480666,0.001684,0.00133,0.00184
a,0.130106,0.486751,0.001682,0.001345,0.00195
a,0.131493,0.491952,0.001681,0.001359,0.00206
a,0.132654,0.496353,0.001681,0.001372,0.00217
a,0.133612,0.500031,0.001682,0.001382,0.00227
a,0.134388,0.503053,0.001684,0.001391,0.00236
a,0.134995,0.505473,0.001687,0.0014,0.00245
a,0.135447,0.507333,0.00169,0.001407,0.00254
a,0.135756,0.508674,0.001694,0.001413,0.00262
a,0.135929,0.509523,0.001699,0.00142,0.00269
a,0.135974,0.509903,0.001703,0.001427,0.00276
a,0.135895,0.509822,0.001708,0.001435,0.00282
a,0.135689,0.509275,0.001713,0.001445,0.00288
a,0.135352,0.508245,0.001718,0.001456,0.00292
a,0.134877,0.506703,0.001723,0.001468,0.00296
a,0.134254,0.504613,0.001728,0.001483,0.00299
a,0.133469,0.501931,0.001733,0.001499,0.00301
a,0.13251,0.498608,0.001739,0.001516,0.00302
a,0.131361,0.49459,0.001744,0.001534,0.00302
a,0.130006,0.489826,0.00175,0.001552,0.00301
a,0.128434,0.484272,0.001757,0.001571,0.003
a,0.126634,0.477894,0.001764,0.001589,0.00297
a,0.124599,0.470666,0.001771,0.001607,0.00294
a,0.122319,0.462557,0.001779,0.001623,0.0029
a,0.119784,0.45353,0.001787,0.001639,0.00285
a,0.116981,0.443544,0.001797,0.001654,0.0028
a,0.113899,0.432562,0.001807,0.001667,0.00274
a,0.110533,0.420563,0.001818,0.001677,0.00267
a,0.106876,0.407531,0.001829,0.001684,0.0026
a,0.102928,0.393462,0.001842,0.001688,0.00252
a,0.098689,0.378362,0.001856,0.001689,0.00244
a,0.094166,0.362253,0.00187,0.001687,0.00235
a,0.08937,0.345174,0.001885,0.001682,0.00226
a,0.084316,0.327183,0.001901,0.001674,0.00217
a,0.079027,0.308362,0.001916,0.001664,0.00207
a,0.073535,0.288819,0.001932,0.001652,0.00197
a,0.067877,0.268692,0.001947,0.001637,0.00187
a,0.0621,0.248143,0.001962,0.001621,0.00177
a,0.056254,0.227353,0.001976,0.001603,0.00167
a,0.050394,0.206515,0.001989,0.001583,0.00157
a,0.044576,0.185827,0.002,0.001563,0.00147
a,0.038854,0.165486,0.002011,0.001542,0.00137
a,0.033282,0.145672,0.00202,0.001522,0.00128
a,0.027902,0.126542,0.002028,0.001502,0.00118
a,0.02275,0.108223,0.002034,0.001484,0.00109
a,0.01785,0.090797,0.00204,0.001468,0.00101
a,0.013211,0.074298,0.002044,0.001454,0.000927
a,0.008828,0.05871,0.002047,0.001443,0.00085
a,0.004684,0.043968,0.00205,0.001435,0.000777
a,0.000745,0.029958,0.002052,0.001429,0.000707
a,-0.003031,0.016522,0.002053,0.001427,0.00064
a,-0.006699,0.003473,0.002052,0.001428,0.000574
a,-0.010315,-0.009395,0.002051,0.001433,0.000509
a,-0.013937,-0.022285,0.002049,0.001441,0.000443
a,-0.017617,-0.035385,0.002046,0.001453,0.000375
a,-0.021401,-0.048858,0.002042,0.001468,0.000304
a,-0.025324,-0.06283,0.002036,0.001486,0.000229
a,-0.029408,-0.077383,0.00203,0.001507,0.000149
a,-0.033662,-0.092548,0.002023,0.001529,6.4e-05
a,-0.03808,-0.108304,0.002015,0.001551,-2.7e-05
a,-0.042642,-0.12458,0.002007,0.001574,-0.000123
a,-0.047315,-0.141265,0.001999,0.001595,-0.000224
a,-0.052061,-0.158215,0.001992,0.001614,-0.000329
a,-0.056833,-0.175267,0.001986,0.00163,-0.000438
a,-0.061581,-0.192249,0.001981,0.001641,-0.00055
a,-0.066257,-0.208981,0.00198,0.001648,-0.000663
a,-0.070811,-0.225289,0.00198,0.001648,-0.000777
a,-0.075198,-0.24101,0.001984,0.001641,-0.000891
a,-0.079378,-0.256003,0.001991,0.001628,-0.001
a,-0.08332,-0.270154,0.002002,0.001607,-0.00111
a,-0.087001,-0.283383,0.002017,0.00158,-0.00122
a,-0.090405,-0.295633,0.002035,0.001547,-0.00132
a,-0.093524,-0.30687,0.002056,0.001509,-0.00142
a,-0.096349,-0.31707,0.002081,0.001467,-0.00152
a,-0.09888,-0.326224,0.002108,0.001422,-0.00161
a,-0.101116,-0.334333,0.002137,0.001375,-0.0017
a,-0.103061,-0.341408,0.002168,0.001328,-0.00178
a,-0.104721,-0.347471,0.002199,0.00128,-0.00186
a,-0.106106,-0.35256,0.00223,0.001234,-0.00193
a,-0.10723,-0.356723,0.002261,0.001189,-0.002
a,-0.108111,-0.36002,0.002291,0.001148,-0.00207
a,-0.108765,-0.362516,0.00232,0.001109,-0.00213
a,-0.109215,-0.364283,0.002347,0.001076,-0.00219
a,-0.109479,-0.36539,0.002372,0.001046,-0.00225
a,-0.109577,-0.365905,0.002395,0.001022,-0.0023
a,-0.109527,-0.36589,0.002416,0.001002,-0.00235
a,-0.109343,-0.365394,0.002435,0.000988,-0.0024
a,-0.109035,-0.364453,0.002453,0.000977,-0.00244
a,-0.108609,-0.363085,0.002469,0.00097,-0.00248
a,-0.108067,-0.361295,0.002483,0.000965,-0.00251
a,-0.107405,-0.35907,0.002496,0.000962,-0.00254
a,-0.106614,-0.356376,0.002507,0.000961,-0.00256
a,-0.105681,-0.353168,0.002517,0.00096,-0.00258
a,-0.10459,-0.349388,0.002526,0.00096,-0.00259
a,-0.103325,-0.344982,0.002534,0.000959,-0.0026
a,-0.101875,-0.339908,0.00254,0.000959,-0.0026
a,-0.100233,-0.334142,0.002545,0.000957,-0.0026
a,-0.098397,-0.327678,0.00255,0.000954,-0.00258
a,-0.096369,-0.320524,0.002554,0.000951,-0.00257
a,-0.094153,-0.312688,0.002556,0.000947,-0.00254
a,-0.091748,-0.304177,0.002559,0.000943,-0.00251
a,-0.089157,-0.294995,0.00256,0.000939,-0.00248
a,-0.08638,-0.285147,0.002561,0.000936,-0.00244
a,-0.083421,-0.274646,0.002561,0.000933,-0.00239
a,-0.080283,-0.263507,0.002561,0.000933,-0.00234
a,-0.07697,-0.251744,0.002559,0.000934,-0.00229
a,-0.073485,-0.23937,0.002557,0.000938,-0.00224
a,-0.069834,-0.226409,0.002554,0.000945,-0.00218
a,-0.066026,-0.212895,0.00255,0.000956,-0.00212
a,-0.062075,-0.198878,0.002545,0.00097,-0.00207
a,-0.058004,-0.184437,0.002539,0.000988,-0.00201
a,-0.053842,-0.169684,0.002532,0.00101,-0.00195
a,-0.049631,-0.154758,0.002524,0.001034,-0.00189
a,-0.045417,-0.139823,0.002515,0.001059,-0.00183
a,-0.041251,-0.12506,0.002505,0.001085,-0.00178
a,-0.037185,-0.110653,0.002495,0.00111,-0.00172
a,-0.033269,-0.096772,0.002485,0.001132,-0.00167
a,-0.029543,-0.08356,0.002475,0.001152,-0.00162
a,-0.026037,-0.071121,0.002466,0.001166,-0.00156
a,-0.022766,-0.059512,0.002457,0.001175,-0.00151
a,-0.019733,-0.048733,0.002449,0.001178,-0.00146
a,-0.01692,-0.038729,0.002443,0.001174,-0.00141
a,-0.014298,-0.02939,0.002438,0.001163,-0.00136
a,-0.01182,-0.020553,0.002435,0.001144,-0.00131
a,-0.009428,-0.012013,0.002434,0.001119,-0.00126
a,-0.007055,-0.003528,0.002435,0.001088,-0.00121
a,-0.004626,0.00516,0.002439,0.001051,-0.00115
a,-0.002069,0.014312,0.002444,0.001009,-0.00109
a,0.000688,0.024176,0.002452,0.000964,-0.00102
a,0.003707,0.034971,0.002461,0.000918,-0.000948
a,0.007038,0.046877,0.002472,0.000871,-0.000872
a,0.010719,0.06002,0.002484,0.000825,-0.000791
a,0.014768,0.074467,0.002496,0.000782,-0.000706
a,0.019187,0.090226,0.002509,0.000744,-0.000616
a,0.023965,0.107253,0.002522,0.000711,-0.000522
a,0.029075,0.125451,0.002533,0.000685,-0.000425
a,0.034479,0.144689,0.002544,0.000667,-0.000325
a,0.04013,0.164804,0.002553,0.000658,-0.000221
a,0.045978,0.185611,0.002559,0.000656,-0.000116
a,0.051965,0.206912,0.002563,0.000664,-8e-06
a,0.058034,0.228506,0.002564,0.000681,0.0001
a,0.064129,0.25019,0.002562,0.000708,0.000209
a,0.070193,0.271767,0.002556,0.000743,0.000318
a,0.076172,0.293045,0.002547,0.000787,0.000427
a,0.082015,0.313845,0.002535,0.000838,0.000536
a,0.087674,0.334002,0.002519,0.000896,0.000644
a,0.093107,0.353366,0.002502,0.000958,0.000752
a,0.098277,0.371811,0.002482,0.001023,0.000859
a,0.103158,0.389239,0.00246,0.001089,0.000966
a,0.107727,0.405578,0.002437,0.001154,0.00107
a,0.111974,0.420783,0.002414,0.001218,0.00118
a,0.11589,0.434832,0.00239,0.00128,0.00128
a,0.119476,0.447719,0.002367,0.001337,0.00139
a,0.122733,0.459455,0.002345,0.001389,0.00149
a,0.12567,0.470063,0.002324,0.001436,0.00159
a,0.128294,0.479573,0.002305,0.001477,0.0017
a,0.130617,0.488021,0.002287,0.001512,0.00179
a,0.13265,0.495451,0.002272,0.001541,0.00189
a,0.134408,0.50191,0.002259,0.001563,0.00199
a,0.135906,0.507453,0.002248,0.001579,0.00208
a,0.137162,0.512135,0.00224,0.001591,0.00217
a,0.138191,0.516016,0.002233,0.001597,0.00225
a,0.139012,0.519153,0.002229,0.001599,0.00234
a,0.139638,0.521597,0.002227,0.001597,0.00241
a,0.140082,0.52339,0.002227,0.001593,0.00249
a,0.140355,0.524565,0.002229,0.001586,0.00256
a,0.140463,0.525153,0.002232,0.001578,0.00262
a,0.140417,0.525179,0.002237,0.001569,0.00268
a,0.140222,0.524667,0.002244,0.001559,0.00273
a,0.139884,0.523636,0.002251,0.001549,0.00278
a,0.139409,0.522101,0.002259,0.00154,0.00282
a,0.138799,0.520074,0.002267,0.001532,0.00285
a,0.138059,0.517566,0.002276,0.001527,0.00288
a,0.137189,0.514582,0.002284,0.001524,0.00289
a,0.136193,0.51113,0.002292,0.001522,0.00291
a,0.135071,0.507216,0.0023,0.001522,0.00291
a,0.133828,0.502854,0.002307,0.001523,0.00291
a,0.132467,0.498059,0.002314,0.001524,0.0029
a,0.130992,0.492842,0.002321,0.001526,0.00288
a,0.129401,0.487203,0.002328,0.001526,0.00286
a,0.127688,0.481124,0.002334,0.001526,0.00283
a,0.125844,0.474564,0.00234,0.001524,0.0028
a,0.12385,0.467468,0.002347,0.00152,0.00276
a,0.121687,0.459767,0.002353,0.001514,0.00272
a,0.119332,0.451381,0.00236,0.001506,0.00268
a,0.11676,0.442221,0.002368,0.001496,0.00263
a,0.113944,0.432196,0.002377,0.001484,0.00258
a,0.110858,0.421214,0.002388,0.001471,0.00252
a,0.107477,0.40919,0.0024,0.001457,0.00246
a,0.103783,0.396056,0.002414,0.001442,0.0024
a,0.099759,0.38176,0.00243,0.001426,0.00233
a,0.0954,0.366277,0.002448,0.00141,0.00226
a,0.090706,0.34961,0.002468,0.001393,0.00219
a,0.085687,0.331793,0.00249,0.001376,0.00211
a,0.080362,0.312894,0.002513,0.001359,0.00203
a,0.074759,0.29301,0.002537,0.001343,0.00195
a,0.068913,0.272267,0.002562,0.001327,0.00186
a,0.06287,0.25082,0.002586,0.001312,0.00177
a,0.056681,0.228854,0.00261,0.001299,0.00167
a,0.050404,0.206573,0.002632,0.001287,0.00158
a,0.044103,0.184203,0.002653,0.001277,0.00148
a,0.037847,0.161988,0.002672,0.001267,0.00138
a,0.031707,0.140187,0.002689,0.001258,0.00128
a,0.025759,0.11906,0.002704,0.001249,0.00119
a,0.020072,0.098864,0.002716,0.001239,0.0011
a,0.014716,0.07984,0.002725,0.001228,0.00101
a,0.009752,0.062205,0.002732,0.001217,0.000932
a,0.005232,0.046147,0.002737,0.001205,0.000858
a,0.001198,0.031812,0.002739,0.001192,0.000791
a,-0.002322,0.019296,0.00274,0.00118,0.000731
a,-0.005318,0.008638,0.002738,0.001169,0.000677
a,-0.007795,-0.000181,0.002735,0.00116,0.000631
a,-0.009773,-0.007235,0.00273,0.001154,0.000591
a,-0.011285,-0.01264,0.002725,0.001151,0.000556
a,-0.012372,-0.016539,0.002719,0.001151,0.000526
a,-0.01308,-0.019099,0.002712,0.001155,0.0005
a,-0.01346,-0.0205,0.002704,0.001162,0.000479
a,-0.013568,-0.020936,0.002697,0.001172,0.000461
a,-0.013458,-0.0206,0.00269,0.001183,0.000446
a,-0.013183,-0.019679,0.002683,0.001195,0.000433
a,-0.012795,-0.018351,0.002677,0.001207,0.000423
a,-0.012337,-0.016778,0.002671,0.00122,0.000414
a,-0.011851,-0.0151,0.002667,0.001233,0.000407
a,-0.011372,-0.013442,0.002663,0.001246,0.000402
a,-0.010929,-0.011906,0.002661,0.001259,0.000397
a,-0.010544,-0.01057,0.00266,0.001271,0.000393
a,-0.010233,-0.009493,0.00266,0.001284,0.00039
a,-0.010007,-0.008711,0.002661,0.001297,0.000387
a,-0.009871,-0.008243,0.002664,0.00131,0.000385
a,-0.009825,-0.008089,0.002668,0.001323,0.000382
a,-0.009864,-0.008235,0.002673,0.001338,0.000379
a,-0.009982,-0.008657,0.002678,0.001353,0.000376
a,-0.010168,-0.009322,0.002685,0.001368,0.000373
a,-0.010411,-0.010187,0.002691,0.001384,0.000368
a,-0.010697,-0.011203,0.002698,0.001401,0.000364
a,-0.011011,-0.012319,0.002704,0.001417,0.000358
a,-0.011336,-0.013477,0.00271,0.001432,0.000352
a,-0.011657,-0.014622,0.002715,0.001447,0.000345
a,-0.011958,-0.015698,0.00272,0.00146,0.000338
a,-0.012224,-0.016651,0.002723,0.001471,0.000331
a,-0.012441,-0.017437,0.002726,0.001479,0.000324
a,-0.012601,-0.018018,0.002728,0.001485,0.000317
a,-0.012697,-0.018374,0.002729,0.001487,0.00031
a,-0.012727,-0.018497,0.002729,0.001486,0.000305
a,-0.012692,-0.018386,0.002729,0.001482,0.000301
a,-0.012591,-0.018047,0.002728,0.001475,0.000297
a,-0.01243,-0.017488,0.002726,0.001464,0.000295
a,-0.012212,-0.016729,0.002724,0.001451,0.000294
a,-0.011945,-0.015795,0.002722,0.001436,0.000294
a,-0.011638,-0.014716,0.002719,0.001418,0.000295
a,-0.011298,-0.013524,0.002716,0.0014,0.000295
a,-0.010934,-0.012249,0.002712,0.001381,0.000296
a,-0.010555,-0.01092,0.002708,0.001361,0.000297
a,-0.010169,-0.009566,0.002704,0.001341,0.000298
a,-0.009784,-0.00822,0.0027,0.001322,0.000298
a,-0.009411,-0.006914,0.002696,0.001303,0.000297
a,-0.009059,-0.005686,0.002691,0.001285,0.000296
a,-0.008738,-0.004569,0.002687,0.001268,0.000295
a,-0.008457,-0.003592,0.002683,0.001252,0.000292
a,-0.008223,-0.002782,0.002679,0.001238,0.00029
a,-0.008042,-0.002159,0.002675,0.001226,0.000287
a,-0.007918,-0.001737,0.002671,0.001217,0.000283
a,-0.00785,-0.001513,0.002668,0.001212,0.000279
a,-0.007835,-0.001474,0.002666,0.00121,0.000274
a,-0.007864,-0.001593,0.002664,0.001213,0.000268
a,-0.007928,-0.001836,0.002663,0.001219,0.000262
a,-0.008018,-0.002173,0.002662,0.001228,0.000256
a,-0.008127,-0.002576,0.002662,0.001241,0.00025
a,-0.008248,-0.003019,0.002663,0.001256,0.000243
a,-0.008372,-0.003475,0.002665,0.001274,0.000237
a,-0.008493,-0.003918,0.002667,0.001291,0.00023
a,-0.008602,-0.004317,0.002669,0.001309,0.000224
a,-0.008691,-0.004649,0.002671,0.001324,0.000219
a,-0.008759,-0.0049,0.002673,0.001337,0.000215
a,-0.008803,-0.005065,0.002675,0.001346,0.000211
a,-0.008826,-0.005151,0.002676,0.001351,0.000209
a,-0.008832,-0.005173,0.002678,0.001352,0.000209
a,-0.008827,-0.005154,0.002679,0.001349,0.00021
a,-0.00882,-0.005121,0.00268,0.001343,0.000212
a,-0.008818,-0.005103,0.002681,0.001334,0.000216
a,-0.008829,-0.005125,0.002683,0.001323,0.000221
a,-0.008857,-0.005207,0.002685,0.001312,0.000226
a,-0.008906,-0.005358,0.002687,0.001303,0.000232
a,-0.008972,-0.005576,0.002689,0.001296,0.000236
a,-0.009052,-0.005843,0.002691,0.001293,0.00024
a,-0.009138,-0.006136,0.002693,0.001295,0.000242
a,-0.00922,-0.006425,0.002694,0.001301,0.000243
a,-0.009292,-0.006682,0.002696,0.001312,0.000241
a,-0.009347,-0.006885,0.002696,0.001328,0.000237
a,-0.009381,-0.007021,0.002697,0.001346,0.000232
a,-0.009393,-0.007085,0.002697,0.001367,0.000226
a,-0.009386,-0.007081,0.002698,0.001389,0.000219
a,-0.009362,-0.007019,0.002699,0.00141,0.000212
a,-0.009325,-0.006909,0.0027,0.001429,0.000206
a,-0.009279,-0.006764,0.002701,0.001446,0.000201
a,-0.009229,-0.0066,0.002704,0.001461,0.000197
a,-0.009179,-0.006434,0.002707,0.001472,0.000195
a,-0.009136,-0.006287,0.00271,0.00148,0.000194
a,-0.009105,-0.006175,0.002715,0.001485,0.000195
b,-0.009105,-0.006175,0.002715,0.001485,0.000195
b,-0.009091,-0.006116,0.00272,0.001486,0.000198
b,-0.009098,-0.006126,0.002725,0.001485,0.000203
b,-0.009129,-0.006216,0.002731,0.001482,0.000208
b,-0.009185,-0.006391,0.002737,0.001477,0.000215
b,-0.009264,-0.006644,0.002743,0.001472,0.000222
b,-0.009362,-0.006964,0.002748,0.001465,0.000229
b,-0.009473,-0.007333,0.002754,0.001458,0.000235
b,-0.009592,-0.007732,0.002758,0.001452,0.000241
b,-0.009713,-0.008139,0.002761,0.001446,0.000246
b,-0.009829,-0.008536,0.002763,0.001442,0.000248
b,-0.009935,-0.008905,0.002764,0.001438,0.000249
b,-0.010027,-0.00923,0.002764,0.001436,0.000248
b,-0.0101,-0.009496,0.002762,0.001435,0.000245
b,-0.010153,-0.009694,0.002759,0.001435,0.000241
b,-0.010183,-0.009821,0.002755,0.001435,0.000234
b,-0.010192,-0.009876,0.00275,0.001436,0.000227
b,-0.01018,-0.009862,0.002744,0.001437,0.000218
b,-0.010148,-0.009782,0.002737,0.001439,0.000208
b,-0.010098,-0.009641,0.00273,0.001442,0.000198
b,-0.010032,-0.009446,0.002723,0.001444,0.000187
b,-0.009953,-0.009204,0.002716,0.001447,0.000176
b,-0.009864,-0.008926,0.00271,0.00145,0.000166
b,-0.00977,-0.008626,0.002703,0.001452,0.000156
b,-0.009674,-0.008319,0.002698,0.001453,0.000148
b,-0.009581,-0.008015,0.002693,0.001453,0.000141
b,-0.009492,-0.00772,0.002689,0.001451,0.000136
b,-0.009408,-0.007436,0.002686,0.001449,0.000133
b,-0.00933,-0.007167,0.002683,0.001445,0.000132
b,-0.00926,-0.006917,0.002681,0.00144,0.000133
b,-0.009197,-0.00669,0.00268,0.001433,0.000136
b,-0.009144,-0.006491,0.002679,0.001426,0.00014
b,-0.009098,-0.006312,0.002679,0.001418,0.000145
b,-0.009055,-0.006143,0.002678,0.001409,0.000151
b,-0.009011,-0.005969,0.002678,0.001401,0.000157
b,-0.00896,-0.005772,0.002678,0.001393,0.000162
b,-0.008898,-0.005536,0.002678,0.001385,0.000168
b,-0.008819,-0.005247,0.002678,0.001379,0.000173
b,-0.008723,-0.004895,0.002679,0.001374,0.000177
b,-0.008606,-0.004475,0.002679,0.00137,0.00018
b,-0.008469,-0.003988,0.00268,0.001368,0.000183
b,-0.008314,-0.003441,0.002681,0.001368,0.000184
b,-0.008145,-0.002848,0.002682,0.001369,0.000185
b,-0.007967,-0.002223,0.002683,0.001373,0.000185
b,-0.007782,-0.001579,0.002685,0.001378,0.000184
b,-0.007594,-0.000929,0.002688,0.001386,0.000182
b,-0.007408,-0.000284,0.00269,0.001395,0.00018
b,-0.007226,0.000341,0.002693,0.001407,0.000177
b,-0.007056,0.000928,0.002696,0.001421,0.000173
b,-0.006903,0.001453,0.0027,0.001435,0.00017
b,-0.006776,0.001888,0.002703,0.001451,0.000167
b,-0.006683,0.002208,0.002707,0.001466,0.000165
b,-0.006629,0.002392,0.00271,0.001482,0.000164
b,-0.006618,0.002427,0.002714,0.001497,0.000163
b,-0.006654,0.002302,0.002717,0.00151,0.000164
b,-0.006738,0.002013,0.002721,0.001523,0.000165
b,-0.006869,0.001562,0.002724,0.001534,0.000167
b,-0.007044,0.000958,0.002726,0.001544,0.00017
b,-0.007258,0.00022,0.002728,0.001552,0.000174
b,-0.007504,-0.000627,0.002729,0.001557,0.000178
b,-0.00777,-0.001548,0.00273,0.00156,0.000181
b,-0.008049,-0.00251,0.00273,0.001561,0.000185
b,-0.008329,-0.00348,0.002729,0.001558,0.000189
b,-0.008602,-0.004422,0.002727,0.001552,0.000192
b,-0.008858,-0.005307,0.002726,0.001543,0.000196
b,-0.00909,-0.006112,0.002723,0.00153,0.000199
b,-0.009295,-0.00682,0.002721,0.001514,0.000201
b,-0.00947,-0.007426,0.002718,0.001497,0.000203
b,-0.009615,-0.007929,0.002715,0.001478,0.000205
b,-0.009732,-0.008336,0.002712,0.001458,0.000205
b,-0.009823,-0.008654,0.002709,0.001438,0.000205
b,-0.009889,-0.008889,0.002706,0.001419,0.000204
b,-0.009932,-0.009043,0.002704,0.001402,0.000203
b,-0.009951,-0.009117,0.002701,0.001386,0.000201
b,-0.009947,-0.009112,0.002698,0.001373,0.000198
b,-0.009921,-0.009032,0.002695,0.001363,0.000195
b,-0.009877,-0.008887,0.002693,0.001355,0.000192
b,-0.009817,-0.008686,0.002691,0.00135,0.000189
b,-0.009741,-0.008431,0.00269,0.001348,0.000185
b,-0.009651,-0.008128,0.002688,0.001349,0.000181
b,-0.009548,-0.007782,0.002687,0.001354,0.000177
b,-0.009434,-0.007398,0.002687,0.001363,0.000173
b,-0.009312,-0.00699,0.002687,0.001375,0.000167
b,-0.009187,-0.006571,0.002687,0.00139,0.000161
b,-0.009063,-0.006158,0.002688,0.001408,0.000155
b,-0.008946,-0.005772,0.002689,0.001427,0.000148
b,-0.008842,-0.005432,0.00269,0.001448,0.00014
b,-0.008756,-0.005154,0.002691,0.00147,0.000132
b,-0.00869,-0.004947,0.002692,0.001492,0.000125
b,-0.008644,-0.004811,0.002693,0.001512,0.000118
b,-0.008619,-0.004742,0.002694,0.001531,0.000112
b,-0.008611,-0.004728,0.002695,0.001546,0.000108
b,-0.008614,-0.004747,0.002696,0.001557,0.000105
b,-0.008621,-0.004776,0.002698,0.001563,0.000104
b,-0.008626,-0.004792,0.002699,0.001564,0.000104
b,-0.008625,-0.00478,0.002701,0.00156,0.000107
b,-0.008614,-0.004729,0.002702,0.001552,0.000111
b,-0.008593,-0.004637,0.002704,0.001539,0.000116
b,-0.008561,-0.004504,0.002706,0.001523,0.000123
b,-0.008517,-0.004328,0.002708,0.001504,0.00013
b,-0.008462,-0.004108,0.00271,0.001484,0.000138
b,-0.008392,-0.003838,0.002712,0.001462,0.000146
b,-0.008307,-0.003512,0.002714,0.001439,0.000154
b,-0.008204,-0.003127,0.002715,0.001417,0.000162
b,-0.008083,-0.002678,0.002716,0.001395,0.00017
b,-0.007942,-0.002164,0.002717,0.001375,0.000177
b,-0.007781,-0.001583,0.002717,0.001357,0.000182
b,-0.007601,-0.000937,0.002717,0.001342,0.000187
b,-0.007404,-0.000234,0.002716,0.001329,0.000191
b,-0.007193,0.000514,0.002715,0.001318,0.000194
b,-0.006973,0.001289,0.002713,0.001311,0.000195
b,-0.00675,0.002072,0.002712,0.001306,0.000196
b,-0.006531,0.002837,0.00271,0.001302,0.000196
b,-0.006324,0.003561,0.002708,0.001299,0.000196
b,-0.006135,0.004221,0.002707,0.001297,0.000195
b,-0.005969,0.0048,0.002706,0.001296,0.000195
b,-0.00583,0.005286,0.002705,0.001293,0.000195
b,-0.005721,0.005669,0.002704,0.00129,0.000195
b,-0.005643,0.005944,0.002704,0.001286,0.000196
b,-0.0056,0.0061,0.002704,0.00128,0.000197
b,-0.005593,0.006129,0.002704,0.001274,0.000199
b,-0.005627,0.00602,0.002704,0.001267,0.000201
b,-0.005701,0.005764,0.002704,0.001261,0.000203
b,-0.005818,0.00536,0.002704,0.001257,0.000205
b,-0.005976,0.004812,0.002704,0.001255,0.000205
b,-0.00617,0.004132,0.002705,0.001256,0.000205
b,-0.006396,0.003336,0.002705,0.00126,0.000204
b,-0.00665,0.002438,0.002706,0.001268,0.000202
b,-0.006928,0.001454,0.002707,0.001279,0.000198
b,-0.007224,0.000401,0.002708,0.001294,0.000193
b,-0.007534,-0.000703,0.00271,0.001312,0.000187
b,-0.007852,-0.001839,0.002713,0.001333,0.000179
b,-0.00817,-0.00298,0.002716,0.001357,0.000171
b,-0.008481,-0.004097,0.002719,0.001382,0.000162
b,-0.008775,-0.005156,0.002723,0.001407,0.000153
b,-0.009041,-0.006118,0.002726,0.001431,0.000143
b,-0.009268,-0.006942,0.002729,0.001453,0.000134
b,-0.009445,-0.007588,0.002731,0.001472,0.000126
b,-0.009559,-0.008012,0.002733,0.001487,0.000118
b,-0.009598,-0.008169,0.002734,0.001498,0.000112
b,-0.009551,-0.008021,0.002733,0.001505,0.000107
b,-0.009409,-0.007533,0.002732,0.001507,0.000104
b,-0.009165,-0.006682,0.00273,0.001504,0.000103
b,-0.008817,-0.005456,0.002727,0.001497,0.000105
b,-0.008365,-0.00386,0.002723,0.001485,0.00011
b,-0.007819,-0.00192,0.002719,0.00147,0.000118
b,-0.007191,0.000316,0.002714,0.001452,0.00013
b,-0.006501,0.002779,0.002709,0.001432,0.000145
b,-0.005777,0.00537,0.002705,0.00141,0.000163
b,-0.005053,0.007969,0.002701,0.001387,0.000184
b,-0.004371,0.01043,0.002698,0.001364,0.000206
b,-0.003776,0.012587,0.002696,0.001342,0.000229
b,-0.00332,0.014259,0.002694,0.001322,0.000253
b,-0.003057,0.015249,0.002693,0.001304,0.000274
b,-0.003046,0.015347,0.002693,0.001289,0.000293
b,-0.00335,0.014326,0.002694,0.001278,0.000306
b,-0.004033,0.011956,0.002695,0.001273,0.000312
b,-0.005159,0.008003,0.002696,0.001272,0.000309
b,-0.006792,0.002242,0.002699,0.001278,0.000294
b,-0.00899,-0.005539,0.002701,0.001289,0.000267
b,-0.011804,-0.015526,0.002704,0.001307,0.000224
b,-0.015273,-0.02786,0.002708,0.00133,0.000165
b,-0.019421,-0.042626,0.002712,0.001357,8.8e-05
b,-0.02425,-0.059837,0.002718,0.001389,-8e-06
b,-0.029742,-0.079428,0.002724,0.001423,-0.000122
b,-0.035853,-0.101248,0.002731,0.001457,-0.000255
b,-0.042516,-0.125056,0.002739,0.001489,-0.000406
b,-0.04964,-0.150528,0.002748,0.001517,-0.000573
b,-0.057115,-0.177273,0.002758,0.001538,-0.000753
b,-0.064818,-0.204853,0.002769,0.00155,-0.000944
b,-0.072623,-0.232811,0.002782,0.00155,-0.00114
b,-0.0804,-0.260688,0.002797,0.001537,-0.00135
b,-0.088029,-0.288049,0.002813,0.001508,-0.00155
b,-0.095399,-0.3145,0.002831,0.001463,-0.00175
b,-0.102416,-0.339703,0.00285,0.001402,-0.00195
b,-0.109002,-0.36338,0.00287,0.001325,-0.00215
b,-0.1151,-0.385323,0.002891,0.001235,-0.00233
b,-0.120667,-0.405389,0.002913,0.001134,-0.00251
b,-0.125682,-0.423497,0.002935,0.001025,-0.00268
b,-0.130137,-0.439624,0.002958,0.000912,-0.00285
b,-0.134039,-0.453804,0.00298,0.000799,-0.00301
b,-0.137412,-0.466117,0.003002,0.000689,-0.00317
b,-0.140286,-0.476679,0.003024,0.000587,-0.00332
b,-0.142703,-0.485637,0.003045,0.000494,-0.00348
b,-0.144712,-0.493167,0.003066,0.000413,-0.00363
b,-0.146367,-0.499459,0.003086,0.000345,-0.00379
b,-0.147723,-0.504707,0.003106,0.000291,-0.00394
b,-0.148832,-0.509097,0.003126,0.000249,-0.0041
b,-0.149746,-0.512803,0.003146,0.00022,-0.00425
b,-0.150508,-0.515975,0.003166,0.000201,-0.00441
b,-0.151155,-0.51874,0.003185,0.000192,-0.00457
b,-0.151718,-0.5212,0.003205,0.00019,-0.00472
b,-0.152218,-0.523427,0.003225,0.000193,-0.00486
b,-0.15267,-0.525465,0.003244,0.000198,-0.00501
b,-0.153078,-0.527331,0.003263,0.000205,-0.00514
b,-0.153442,-0.529014,0.003282,0.000211,-0.00527
b,-0.153751,-0.530477,0.003301,0.000215,-0.00539
b,-0.153988,-0.531659,0.003318,0.000217,-0.00549
b,-0.154133,-0.532486,0.003334,0.000217,-0.00559
b,-0.154161,-0.532875,0.003349,0.000215,-0.00568
b,-0.154049,-0.532745,0.003363,0.000211,-0.00576
b,-0.153776,-0.532017,0.003375,0.000207,-0.00584
b,-0.153321,-0.530624,0.003386,0.000202,-0.0059
b,-0.152666,-0.528504,0.003396,0.000199,-0.00595
b,-0.151795,-0.525599,0.003404,0.000198,-0.00599
b,-0.150692,-0.521853,0.003412,0.000199,-0.00603
b,-0.149339,-0.517204,0.003419,0.000203,-0.00606
b,-0.147717,-0.511584,0.003425,0.000209,-0.00607
b,-0.145807,-0.504926,0.00343,0.000217,-0.00608
b,-0.143591,-0.497165,0.003436,0.000227,-0.00608
b,-0.141051,-0.488239,0.003441,0.000239,-0.00607
b,-0.138172,-0.478092,0.003447,0.000252,-0.00605
b,-0.134942,-0.46668,0.003452,0.000265,-0.00602
b,-0.131351,-0.453972,0.003458,0.000279,-0.00597
b,-0.127394,-0.439946,0.003464,0.000292,-0.00592
b,-0.123069,-0.424596,0.00347,0.000305,-0.00585
b,-0.118379,-0.407936,0.003477,0.000316,-0.00578
b,-0.113336,-0.390001,0.003483,0.000326,-0.00569
b,-0.107958,-0.370858,0.00349,0.000333,-0.00559
b,-0.10227,-0.350596,0.003497,0.000337,-0.00548
b,-0.096303,-0.329326,0.003505,0.000338,-0.00536
b,-0.090094,-0.307178,0.003513,0.000335,-0.00523
b,-0.083687,-0.28431,0.003521,0.000326,-0.00509
b,-0.077133,-0.2609,0.00353,0.000313,-0.00495
b,-0.070481,-0.237133,0.00354,0.000295,-0.0048
b,-0.063785,-0.21319,0.00355,0.000272,-0.00464
b,-0.057089,-0.18924,0.003561,0.000243,-0.00448
b,-0.050434,-0.16542,0.003572,0.00021,-0.00432
b,-0.043845,-0.141831,0.003584,0.000173,-0.00416
b,-0.037338,-0.11853,0.003597,0.000134,-0.00399
b,-0.030915,-0.095529,0.00361,9.3e-05,-0.00383
b,-0.024562,-0.072782,0.003623,5.3e-05,-0.00367
b,-0.018251,-0.050188,0.003637,1.6e-05,-0.00352
b,-0.011936,-0.027594,0.003651,-1.6e-05,-0.00337
b,-0.005563,-0.00481,0.003665,-4.1e-05,-0.00322
b,0.000928,0.018378,0.003679,-5.7e-05,-0.00307
b,0.007596,0.04218,0.003692,-6.4e-05,-0.00293
b,0.014494,0.06678,0.003704,-5.9e-05,-0.00279
b,0.021656,0.09231,0.003715,-4.4e-05,-0.00264
b,0.0291,0.118828,0.003725,-1.7e-05,-0.0025
b,0.036819,0.146317,0.003732,1.9e-05,-0.00235
b,0.044785,0.174684,0.003738,6.4e-05,-0.0022
b,0.052952,0.20377,0.00374,0.000115,-0.00205
b,0.061256,0.233357,0.003739,0.000171,-0.00189
b,0.06962,0.263179,0.003735,0.00023,-0.00172
b,0.077961,0.292941,0.003727,0.000288,-0.00154
b,0.086189,0.322335,0.003716,0.000344,-0.00136
b,0.094216,0.351051,0.0037,0.000395,-0.00117
b,0.101956,0.378787,0.003681,0.00044,-0.000966
b,0.109331,0.405269,0.003658,0.000478,-0.000759
b,0.116274,0.430257,0.003632,0.000508,-0.000545
b,0.122729,0.453558,0.003603,0.00053,-0.000327
b,0.128659,0.475023,0.003572,0.000547,-0.000107
b,0.134037,0.494563,0.003539,0.000559,0.000115
b,0.138854,0.512138,0.003505,0.000568,0.000336
b,0.143118,0.527767,0.00347,0.000576,0.000555
b,0.146848,0.541516,0.003435,0.000585,0.000769
b,0.150078,0.553499,0.003401,0.000596,0.000979
b,0.15285,0.563864,0.003367,0.000612,0.00118
b,0.155213,0.572779,0.003335,0.000631,0.00138
b,0.157219,0.58043,0.003305,0.000655,0.00158
b,0.158922,0.587007,0.003276,0.000684,0.00177
b,0.160377,0.592701,0.003249,0.000718,0.00195
b,0.161635,0.597695,0.003225,0.000756,0.00214
b,0.162742,0.60215,0.003203,0.0008,0.00232
b,0.163739,0.606213,0.003184,0.000847,0.0025
b,0.164661,0.61001,0.003167,0.0009,0.00267
b,0.16554,0.613647,0.003152,0.000956,0.00284
b,0.166397,0.617205,0.003139,0.001015,0.00302
b,0.167249,0.620737,0.003127,0.001077,0.00319
b,0.168102,0.624275,0.003116,0.00114,0.00336
b,0.168961,0.627827,0.003107,0.001204,0.00353
b,0.169822,0.631389,0.003097,0.001267,0.0037
b,0.170684,0.634948,0.003088,0.001327,0.00386
b,0.171539,0.638484,0.003078,0.001384,0.00403
b,0.17238,0.641973,0.003067,0.001437,0.0042
b,0.173202,0.645391,0.003056,0.001485,0.00437
b,0.173999,0.648717,0.003044,0.001527,0.00453
b,0.174765,0.65193,0.00303,0.001562,0.0047
b,0.175493,0.655008,0.003015,0.001592,0.00486
b,0.17618,0.657927,0.002999,0.001616,0.00502
b,0.176817,0.660665,0.002981,0.001636,0.00518
b,0.1774,0.663197,0.002962,0.00165,0.00533
b,0.177922,0.665499,0.002942,0.001662,0.00548
b,0.178377,0.667548,0.002922,0.001671,0.00562
b,0.178761,0.669323,0.002901,0.001679,0.00575
b,0.179069,0.670805,0.00288,0.001686,0.00588
b,0.179297,0.671979,0.00286,0.001694,0.00599
b,0.179442,0.672834,0.00284,0.001702,0.0061
b,0.179501,0.67336,0.002822,0.001712,0.0062
b,0.179473,0.673546,0.002806,0.001724,0.00629
b,0.179352,0.673378,0.002791,0.001736,0.00637
b,0.179135,0.672839,0.002779,0.00175,0.00644
b,0.178814,0.671908,0.002769,0.001764,0.0065
b,0.178384,0.670564,0.002762,0.001779,0.00654
b,0.177839,0.668786,0.002757,0.001794,0.00659
b,0.177171,0.666548,0.002755,0.001809,0.00662
b,0.176374,0.663828,0.002756,0.001824,0.00664
b,0.17544,0.660599,0.00276,0.001839,0.00665
b,0.174362,0.656832,0.002767,0.001855,0.00665
b,0.17313,0.652496,0.002777,0.001871,0.00664
b,0.171735,0.647559,0.002789,0.001888,0.00663
b,0.17017,0.64199,0.002803,0.001905,0.0066
b,0.168425,0.635759,0.00282,0.001924,0.00656
b,0.166494,0.628842,0.00284,0.001943,0.00651
b,0.164373,0.621224,0.002862,0.001963,0.00645
b,0.162058,0.612892,0.002887,0.001983,0.00638
b,0.159544,0.603833,0.002914,0.002004,0.0063
b,0.156828,0.594031,0.002944,0.002024,0.00621
b,0.153903,0.58347,0.002977,0.002045,0.00611
b,0.150765,0.57213,0.003013,0.002065,0.006
b,0.147404,0.559985,0.003051,0.002085,0.00588
b,0.143813,0.547006,0.003092,0.002102,0.00575
b,0.13998,0.533163,0.003135,0.002116,0.00562
b,0.135902,0.518439,0.003181,0.002126,0.00548
b,0.131572,0.502822,0.003228,0.002132,0.00534
b,0.126993,0.486316,0.003277,0.002133,0.00519
b,0.122167,0.468938,0.003327,0.002129,0.00504
b,0.117103,0.450715,0.003378,0.002118,0.00488
b,0.111813,0.431691,0.003429,0.002101,0.00473
b,0.106311,0.411922,0.00348,0.002077,0.00457
b,0.100617,0.391477,0.00353,0.002047,0.00441
b,0.094754,0.370432,0.003579,0.00201,0.00425
b,0.088742,0.348868,0.003626,0.001966,0.00409
b,0.08261,0.32688,0.003672,0.001915,0.00392
b,0.076386,0.304573,0.003715,0.001859,0.00376
b,0.070103,0.282064,0.003756,0.001798,0.0036
b,0.063797,0.259475,0.003794,0.001734,0.00344
b,0.057501,0.236922,0.00383,0.001668,0.00328
b,0.051244,0.214513,0.003863,0.001603,0.00312
b,0.045053,0.192337,0.003894,0.001541,0.00297
b,0.038948,0.170465,0.003922,0.001484,0.00281
b,0.032943,0.14894,0.003948,0.001434,0.00265
b,0.02704,0.12778,0.003972,0.001394,0.0025
b,0.021236,0.106964,0.003994,0.001365,0.00234
b,0.015516,0.08644,0.004016,0.001346,0.00219
b,0.009855,0.06612,0.004037,0.00134,0.00203
b,0.00422,0.045887,0.004058,0.001345,0.00187
b,-0.001429,0.025599,0.004079,0.00136,0.00171
b,-0.007136,0.005099,0.0041,0.001383,0.00155
b,-0.012946,-0.015776,0.004122,0.001413,0.00138
b,-0.018905,-0.037181,0.004144,0.001447,0.00121
b,-0.025047,-0.059241,0.004168,0.001482,0.00104
b,-0.031396,-0.082038,0.004192,0.001516,0.000861
b,-0.037959,-0.105602,0.004218,0.001546,0.000679
b,-0.044732,-0.129912,0.004243,0.001571,0.000491
b,-0.051694,-0.154899,0.004269,0.001588,0.000299
b,-0.058813,-0.180448,0.004294,0.001597,0.000103
b,-0.066044,-0.206402,0.004319,0.001597,-9.7e-05
b,-0.073333,-0.232573,0.004343,0.001588,-0.0003
b,-0.080621,-0.25875,0.004365,0.001569,-0.000507
b,-0.087844,-0.284709,0.004385,0.00154,-0.000717
b,-0.09494,-0.31023,0.004404,0.001503,-0.000929
b,-0.101849,-0.335103,0.004421,0.001458,-0.00114
b,-0.108517,-0.359138,0.004436,0.001406,-0.00136
b,-0.114895,-0.382163,0.00445,0.001348,-0.00158
b,-0.120942,-0.404029,0.004461,0.001286,-0.00179
b,-0.126625,-0.424624,0.004471,0.00122,-0.00201
b,-0.131922,-0.443865,0.004479,0.001154,-0.00223
b,-0.13682,-0.461706,0.004486,0.001087,-0.00244
b,-0.141313,-0.478128,0.004491,0.001023,-0.00266
b,-0.145403,-0.493133,0.004494,0.000963,-0.00287
b,-0.149099,-0.506747,0.004495,0.000907,-0.00308
b,-0.152412,-0.519012,0.004495,0.000856,-0.00329
b,-0.155361,-0.529985,0.004494,0.00081,-0.00349
b,-0.157966,-0.539736,0.004491,0.000769,-0.00369
b,-0.16025,-0.548344,0.004488,0.000732,-0.00388
b,-0.162237,-0.555889,0.004484,0.000699,-0.00406
b,-0.163952,-0.562457,0.004479,0.000669,-0.00423
b,-0.165421,-0.568136,0.004475,0.00064,-0.0044
b,-0.16667,-0.573015,0.004471,0.000612,-0.00456
b,-0.167726,-0.577189,0.004467,0.000585,-0.00471
b,-0.168613,-0.580743,0.004465,0.000557,-0.00484
b,-0.169353,-0.583751,0.004463,0.000529,-0.00497
b,-0.169962,-0.586269,0.004463,0.000499,-0.00509
b,-0.17045,-0.588338,0.004465,0.000467,-0.0052
b,-0.170825,-0.589981,0.004468,0.000434,-0.00531
b,-0.171089,-0.591208,0.004473,0.0004,-0.0054
b,-0.171241,-0.592017,0.00448,0.000364,-0.00549
b,-0.171278,-0.5924,0.004488,0.000327,-0.00557
b,-0.171198,-0.592347,0.004498,0.000291,-0.00564
b,-0.170996,-0.591847,0.004509,0.000255,-0.0057
b,-0.170668,-0.590881,0.004522,0.00022,-0.00576
b,-0.170206,-0.589425,0.004535,0.000187,-0.00581
b,-0.169602,-0.587447,0.004549,0.000156,-0.00585
b,-0.168845,-0.58491,0.004563,0.000127,-0.00588
b,-0.167922,-0.581767,0.004578,0.000101,-0.00591
b,-0.166817,-0.577966,0.004592,7.8e-05,-0.00593
b,-0.165516,-0.573449,0.004607,5.8e-05,-0.00594
b,-0.164,-0.568157,0.004621,4.3e-05,-0.00595
b,-0.162255,-0.562034,0.004635,3.1e-05,-0.00594
b,-0.160264,-0.555027,0.004649,2.3e-05,-0.00593
b,-0.158016,-0.547087,0.004662,2e-05,-0.00591
b,-0.155496,-0.538168,0.004675,2e-05,-0.00588
b,-0.152694,-0.528233,0.004687,2.4e-05,-0.00584
b,-0.1496,-0.517243,0.0047,3.2e-05,-0.00579
b,-0.146205,-0.505167,0.004712,4.3e-05,-0.00573
b,-0.142502,-0.491983,0.004725,5.6e-05,-0.00566
b,-0.138488,-0.477678,0.004739,7.1e-05,-0.00558
b,-0.13416,-0.462246,0.004752,8.7e-05,-0.00549
b,-0.129521,-0.445689,0.004767,0.000104,-0.00539
b,-0.124574,-0.428027,0.004783,0.000121,-0.00528
b,-0.119331,-0.409297,0.0048,0.000137,-0.00517
b,-0.113808,-0.389564,0.004818,0.000153,-0.00504
b,-0.108031,-0.368918,0.004838,0.000168,-0.00491
b,-0.102032,-0.347474,0.004859,0.000182,-0.00477
b,-0.095848,-0.325365,0.004882,0.000195,-0.00463
b,-0.089518,-0.302735,0.004906,0.000207,-0.00448
b,-0.083084,-0.27973,0.004931,0.000219,-0.00433
b,-0.076588,-0.256502,0.004957,0.00023,-0.00418
b,-0.07007,-0.233198,0.004983,0.00024,-0.00403
b,-0.06357,-0.209962,0.00501,0.000249,-0.00388
b,-0.057125,-0.186923,0.005035,0.000258,-0.00373
b,-0.050765,-0.164192,0.00506,0.000267,-0.00358
b,-0.044511,-0.141844,0.005082,0.000276,-0.00344
b,-0.038373,-0.119909,0.005103,0.000284,-0.0033
b,-0.032346,-0.098374,0.005122,0.000291,-0.00316
b,-0.026411,-0.077173,0.005138,0.000297,-0.00303
b,-0.020536,-0.056185,0.005151,0.000302,-0.0029
b,-0.014673,-0.035239,0.005162,0.000305,-0.00277
b,-0.008764,-0.014133,0.005171,0.000307,-0.00264
b,-0.00275,0.00735,0.005177,0.000308,-0.0025
b,0.003428,0.029418,0.005181,0.000309,-0.00236
b,0.009818,0.052248,0.005182,0.000309,-0.00222
b,0.016458,0.075972,0.005183,0.00031,-0.00207
b,0.023366,0.100659,0.005181,0.000314,-0.00191
b,0.030541,0.126305,0.005179,0.00032,-0.00175
b,0.037963,0.152843,0.005175,0.00033,-0.00157
b,0.045594,0.180144,0.005171,0.000343,-0.00139
b,0.053384,0.208029,0.005166,0.00036,-0.0012
b,0.061274,0.236289,0.00516,0.00038,-0.000999
b,0.069197,0.264697,0.005153,0.000403,-0.000791
b,0.077089,0.293019,0.005145,0.000429,-0.000574
b,0.084886,0.321032,0.005136,0.000456,-0.00035
b,0.092525,0.348518,0.005126,0.000483,-0.000119
b,0.099951,0.375277,0.005113,0.00051,0.000119
b,0.107113,0.401127,0.005097,0.000537,0.000362
b,0.113965,0.425909,0.005079,0.000563,0.000609
b,0.120469,0.449486,0.005056,0.000587,0.00086
b,0.126596,0.47175,0.00503,0.000611,0.00111
b,0.132324,0.492621,0.005001,0.000633,0.00137
b,0.13764,0.512048,0.004967,0.000656,0.00162
b,0.142538,0.530006,0.00493,0.00068,0.00188
b,0.14702,0.546498,0.004891,0.000707,0.00212
b,0.151095,0.561549,0.004848,0.000737,0.00237
b,0.154778,0.575211,0.004803,0.000772,0.00261
b,0.158094,0.587559,0.004757,0.000812,0.00284
b,0.161067,0.598683,0.00471,0.000858,0.00306
b,0.163726,0.608681,0.004663,0.00091,0.00327
b,0.166101,0.617656,0.004616,0.000965,0.00348
b,0.168222,0.625711,0.004569,0.001025,0.00367
b,0.170115,0.632942,0.004524,0.001087,0.00386
b,0.171806,0.639438,0.00448,0.001151,0.00404
b,0.173317,0.64528,0.004438,0.001216,0.00421
b,0.174669,0.650535,0.004399,0.001282,0.00437
b,0.175876,0.655259,0.004361,0.001349,0.00453
b,0.176952,0.659496,0.004325,0.001417,0.00467
b,0.177906,0.66328,0.004292,0.001485,0.00481
b,0.178746,0.66664,0.00426,0.001554,0.00494
b,0.179477,0.669593,0.004231,0.001623,0.00506
b,0.1801,0.67215,0.004204,0.001691,0.00518
b,0.180619,0.674321,0.004179,0.001757,0.00529
b,0.181036,0.676112,0.004155,0.00182,0.00539
b,0.18135,0.677529,0.004134,0.001881,0.00549
b,0.181563,0.678574,0.004114,0.001937,0.00558
b,0.181675,0.679251,0.004096,0.00199,0.00567
b,0.181688,0.679564,0.004081,0.002038,0.00575
b,0.181601,0.679515,0.004067,0.002081,0.00583
b,0.181416,0.679109,0.004055,0.002119,0.00591
b,0.181135,0.678349,0.004045,0.002152,0.00597
b,0.180759,0.677242,0.004038,0.002181,0.00604
b,0.180291,0.675794,0.004032,0.002205,0.0061
b,0.179732,0.674013,0.004029,0.002225,0.00615
b,0.179086,0.671908,0.004028,0.002241,0.0062
b,0.178356,0.669486,0.004029,0.002253,0.00624
b,0.177545,0.66676,0.004033,0.002262,0.00628
b,0.176657,0.663738,0.004039,0.002267,0.0063
b,0.175693,0.660429,0.004047,0.00227,0.00632
b,0.174654,0.656829,0.004058,0.002269,0.00633
b,0.173537,0.652925,0.004071,0.002266,0.00634
b,0.172333,0.648692,0.004086,0.00226,0.00633
b,0.171034,0.644096,0.004103,0.002251,0.00631
b,0.169628,0.639093,0.004123,0.002239,0.00629
b,0.168097,0.633628,0.004144,0.002223,0.00626
b,0.166426,0.62764,0.004168,0.002205,0.00621
b,0.164593,0.621058,0.004194,0.002183,0.00616
b,0.162578,0.613807,0.004223,0.002159,0.0061
b,0.160359,0.605814,0.004253,0.002131,0.00603
b,0.157914,0.597004,0.004285,0.002101,0.00595
b,0.155223,0.587303,0.00432,0.002067,0.00587
b,0.152264,0.576642,0.004358,0.002031,0.00577
b,0.149019,0.564956,0.004398,0.001991,0.00567
b,0.145473,0.552195,0.004442,0.001947,0.00556
b,0.141614,0.53832,0.004489,0.0019,0.00545
b,0.137435,0.523307,0.004539,0.00185,0.00533
b,0.132934,0.507148,0.004592,0.001796,0.0052
b,0.128113,0.48985,0.004649,0.001741,0.00507
b,0.122978,0.471435,0.004707,0.001684,0.00493
b,0.117541,0.451946,0.004768,0.001626,0.00479
b,0.111823,0.431449,0.00483,0.00157,0.00464
b,0.105845,0.410026,0.004893,0.001515,0.00449
b,0.099636,0.387771,0.004956,0.001463,0.00433
b,0.093226,0.364793,0.005018,0.001416,0.00416
b,0.086651,0.341216,0.005078,0.001374,0.00398
b,0.079948,0.317174,0.005136,0.001338,0.0038
b,0.073155,0.292798,0.005192,0.001309,0.00362
b,0.066309,0.268221,0.005244,0.001287,0.00343
b,0.059444,0.243571,0.005292,0.001272,0.00323
b,0.052594,0.218968,0.005336,0.001264,0.00304
b,0.045789,0.19452,0.005376,0.001262,0.00284
b,0.039053,0.170318,0.00541,0.001266,0.00265
b,0.032403,0.146426,0.00544,0.001274,0.00246
b,0.025847,0.122876,0.005465,0.001285,0.00227
b,0.019385,0.099669,0.005485,0.001298,0.00209
b,0.013005,0.076767,0.005501,0.001311,0.00191
b,0.006686,0.054097,0.005512,0.001323,0.00174
b,0.000396,0.031543,0.005521,0.001335,0.00158
b,-0.005905,0.008958,0.005526,0.001345,0.00141
b,-0.012268,-0.013833,0.005529,0.001354,0.00125
b,-0.018739,-0.037007,0.005531,0.001361,0.00109
b,-0.025365,-0.060728,0.005532,0.001367,0.000925
b,-0.032179,-0.085119,0.005533,0.001371,0.000757
b,-0.0392,-0.110252,0.005534,0.001374,0.000583
b,-0.046429,-0.136138,0.005535,0.001377,0.000402
b,-0.053851,-0.162727,0.005538,0.001378,0.000213
b,-0.061434,-0.189909,0.005543,0.001379,1.5e-05
b,-0.069134,-0.217525,0.005548,0.001378,-0.000192
b,-0.076893,-0.245377,0.005555,0.001374,-0.000406
b,-0.084651,-0.273242,0.005563,0.001368,-0.000627
b,-0.092339,-0.300881,0.005572,0.001358,-0.000853
b,-0.099887,-0.328042,0.005582,0.001342,-0.00108
b,-0.107228,-0.35448,0.005591,0.001321,-0.00131
b,-0.114296,-0.379964,0.0056,0.001294,-0.00154
b,-0.121034,-0.404288,0.005609,0.00126,-0.00177
b,-0.127395,-0.427281,0.005616,0.001221,-0.002
b,-0.133341,-0.448807,0.005622,0.001177,-0.00222
b,-0.138844,-0.468769,0.005626,0.00113,-0.00244
b,-0.143888,-0.487106,0.005628,0.001081,-0.00265
b,-0.148466,-0.503801,0.005628,0.001033,-0.00286
b,-0.152585,-0.518871,0.005627,0.000986,-0.00306
b,-0.156259,-0.532369,0.005623,0.000943,-0.00326
b,-0.159511,-0.54438,0.005617,0.000904,-0.00345
b,-0.162371,-0.555008,0.00561,0.000871,-0.00364
b,-0.164874,-0.564374,0.005601,0.000845,-0.00383
b,-0.167055,-0.572606,0.005591,0.000825,-0.00401
b,-0.168952,-0.579829,0.00558,0.000812,-0.0042
b,-0.170598,-0.586166,0.00557,0.000805,-0.00437
b,-0.17203,-0.591737,0.005559,0.000803,-0.00455
b,-0.173279,-0.59665,0.005549,0.000805,-0.00471
b,-0.174371,-0.600999,0.005539,0.000811,-0.00488
b,-0.175331,-0.604861,0.005531,0.000818,-0.00503
b,-0.176177,-0.608301,0.005525,0.000825,-0.00518
b,-0.176925,-0.611369,0.005519,0.000832,-0.00532
b,-0.177585,-0.614104,0.005516,0.000838,-0.00545
b,-0.178165,-0.616524,0.005514,0.000841,-0.00557
b,-0.178664,-0.618631,0.005513,0.000841,-0.00568
b,-0.179078,-0.620406,0.005514,0.000837,-0.00578
b,-0.179397,-0.621816,0.005517,0.000829,-0.00587
b,-0.179607,-0.62281,0.00552,0.000818,-0.00595
b,-0.179693,-0.623337,0.005525,0.000802,-0.00602
b,-0.179638,-0.623336,0.005532,0.000782,-0.00608
b,-0.179426,-0.622754,0.005539,0.000758,-0.00613
b,-0.179043,-0.621539,0.005548,0.000732,-0.00617
b,-0.178474,-0.619646,0.005558,0.000703,-0.0062
b,-0.177708,-0.617037,0.00557,0.000673,-0.00622
b,-0.176737,-0.613679,0.005582,0.000643,-0.00624
b,-0.175551,-0.609548,0.005596,0.000614,-0.00624
b,-0.174145,-0.604617,0.005611,0.000588,-0.00624
b,-0.172509,-0.598863,0.005626,0.000566,-0.00623
b,-0.170636,-0.592254,0.005642,0.000548,-0.00621
b,-0.168517,-0.584759,0.00566,0.000536,-0.00619
b,-0.166142,-0.576343,0.005678,0.000529,-0.00616
b,-0.163502,-0.566975,0.005698,0.000529,-0.00612
b,-0.160587,-0.556614,0.005718,0.000534,-0.00607
b,-0.157383,-0.545216,0.00574,0.000543,-0.00601
b,-0.153878,-0.532726,0.005762,0.000556,-0.00594
b,-0.150055,-0.51909,0.005785,0.000572,-0.00587
b,-0.145901,-0.504259,0.00581,0.000588,-0.00577
b,-0.141405,-0.48819,0.005835,0.000602,-0.00567
b,-0.136561,-0.470861,0.00586,0.000613,-0.00556
b,-0.131367,-0.452267,0.005886,0.000619,-0.00543
b,-0.125832,-0.432437,0.005913,0.000619,-0.00529
b,-0.119971,-0.411427,0.00594,0.00061,-0.00513
b,-0.11381,-0.389328,0.005966,0.000592,-0.00497
b,-0.107383,-0.366262,0.005993,0.000566,-0.00479
b,-0.100733,-0.342387,0.00602,0.000531,-0.0046
b,-0.093909,-0.317878,0.006046,0.000487,-0.00441
b,-0.086964,-0.292927,0.006072,0.000437,-0.00421
b,-0.079953,-0.267736,0.006097,0.000381,-0.00401
b,-0.07293,-0.242501,0.006122,0.000323,-0.00381
b,-0.065947,-0.21741,0.006145,0.000263,-0.00361
b,-0.05905,-0.192634,0.006167,0.000206,-0.00341
b,-0.052278,-0.16831,0.006188,0.000152,-0.00322
b,-0.045656,-0.14454,0.006208,0.000105,-0.00303
b,-0.0392,-0.121376,0.006225,6.6e-05,-0.00286
b,-0.03291,-0.098823,0.006242,3.6e-05,-0.00269
b,-0.02677,-0.076825,0.006256,1.6e-05,-0.00253
b,-0.020748,-0.055271,0.006269,7e-06,-0.00239
b,-0.014797,-0.033991,0.00628,8e-06,-0.00225
b,-0.008857,-0.012772,0.006289,2e-05,-0.00211
b,-0.002861,0.008629,0.006296,4.2e-05,-0.00199
b,0.003261,0.030461,0.006302,7.3e-05,-0.00186
b,0.009572,0.052953,0.006305,0.000111,-0.00174
b,0.016123,0.07629,0.006306,0.000156,-0.00161
b,0.022947,0.100597,0.006305,0.000206,-0.00148
b,0.030058,0.125925,0.006302,0.00026,-0.00134
b,0.037447,0.152251,0.006296,0.000315,-0.0012
b,0.045087,0.179485,0.006288,0.000371,-0.00105
b,0.052938,0.207486,0.006277,0.000426,-0.000884
b,0.060945,0.23607,0.006264,0.000479,-0.000712
b,0.069049,0.26502,0.006247,0.00053,-0.00053
b,0.077182,0.294104,0.006228,0.000578,-0.000339
b,0.085276,0.323078,0.006206,0.000625,-0.00014
b,0.093263,0.351696,0.00618,0.000669,6.5e-05
b,0.101076,0.37972,0.006151,0.000713,0.000276
b,0.108652,0.406927,0.006119,0.000756,0.00049
b,0.115935,0.433114,0.006085,0.000799,0.000705
b,0.122876,0.458108,0.006048,0.000842,0.000922
b,0.129436,0.481767,0.006009,0.000887,0.00114
b,0.135584,0.503982,0.005967,0.000931,0.00135
b,0.141297,0.524669,0.005924,0.000976,0.00157
b,0.146561,0.543781,0.00588,0.001019,0.00178
b,0.151371,0.5613,0.005835,0.001062,0.00199
b,0.155732,0.577242,0.00579,0.001102,0.0022
b,0.159656,0.591652,0.005745,0.00114,0.00241
b,0.163162,0.604599,0.005701,0.001176,0.00262
b,0.166278,0.616172,0.005658,0.001208,0.00283
b,0.16903,0.62647,0.005617,0.001237,0.00303
b,0.171448,0.635592,0.005578,0.001265,0.00324
b,0.17356,0.643637,0.005541,0.00129,0.00344
b,0.175395,0.650704,0.005507,0.001315,0.00364
b,0.176982,0.656894,0.005476,0.001338,0.00383
b,0.178349,0.662305,0.005447,0.001359,0.00403
b,0.179523,0.667027,0.005421,0.00138,0.00422
b,0.180527,0.671141,0.005398,0.001399,0.0044
b,0.181381,0.674714,0.005376,0.001418,0.00458
b,0.182101,0.677805,0.005356,0.001436,0.00476
b,0.182703,0.680462,0.005339,0.001454,0.00493
b,0.183199,0.68273,0.005322,0.001473,0.00509
b,0.183602,0.684645,0.005307,0.001492,0.00525
b,0.183921,0.686244,0.005293,0.001513,0.0054
b,0.184167,0.68756,0.00528,0.001534,0.00554
b,0.184349,0.688626,0.005268,0.001557,0.00567
b,0.184478,0.689475,0.005256,0.001581,0.0058
b,0.184561,0.690132,0.005246,0.001607,0.00591
b,0.184603,0.690616,0.005236,0.001633,0.00601
b,0.184608,0.690937,0.005227,0.00166,0.00611
b,0.184575,0.691095,0.005219,0.001688,0.00619
b,0.184503,0.691085,0.005212,0.001717,0.00627
b,0.184388,0.690894,0.005205,0.001746,0.00633
b,0.184225,0.690504,0.0052,0.001776,0.00639
b,0.184008,0.689898,0.005195,0.001806,0.00644
b,0.183731,0.689056,0.005192,0.001835,0.00648
b,0.183389,0.687962,0.005189,0.001863,0.00651
b,0.182977,0.686599,0.005187,0.001889,0.00653
b,0.18249,0.684952,0.005186,0.001913,0.00655
b,0.181923,0.683,0.005185,0.001936,0.00656
b,0.181268,0.680722,0.005186,0.001956,0.00657
b,0.180517,0.678089,0.005187,0.001973,0.00656
b,0.179662,0.67507,0.005188,0.001988,0.00656
b,0.17869,0.671625,0.005191,0.001999,0.00654
b,0.177593,0.667719,0.005194,0.002008,0.00652
b,0.176359,0.663314,0.005199,0.002013,0.00649
b,0.17498,0.65838,0.005205,0.002016,0.00646
b,0.173446,0.652879,0.005213,0.002015,0.00642
b,0.171744,0.646768,0.005223,0.002011,0.00637
b,0.16986,0.639993,0.005236,0.002004,0.00632
b,0.167776,0.63249,0.00525,0.001996,0.00625
b,0.165473,0.624192,0.005268,0.001985,0.00618
b,0.16293,0.615025,0.005288,0.001972,0.0061
b,0.160127,0.604917,0.005311,0.001957,0.006
b,0.157043,0.593794,0.005338,0.001941,0.0059
b,0.15366,0.581592,0.005368,0.001923,0.00579
b,0.149963,0.568263,0.005402,0.001905,0.00567
b,0.145945,0.553777,0.005439,0.001885,0.00554
b,0.141604,0.53813,0.00548,0.001864,0.0054
b,0.136945,0.521343,0.005524,0.001843,0.00525
b,0.131979,0.503456,0.005573,0.001821,0.00509
b,0.126723,0.484529,0.005625,0.0018,0.00493
b,0.121198,0.464638,0.00568,0.001781,0.00476
b,0.115431,0.443879,0.005739,0.001763,0.00458
b,0.109451,0.422362,0.005799,0.001747,0.0044
b,0.103292,0.400204,0.005862,0.001733,0.00421
b,0.096986,0.377529,0.005925,0.001721,0.00403
b,0.09057,0.354467,0.005989,0.00171,0.00384
b,0.08408,0.33115,0.006053,0.001699,0.00365
b,0.077549,0.307706,0.006114,0.001687,0.00347
b,0.07101,0.284248,0.006174,0.001672,0.0033
b,0.064487,0.260875,0.00623,0.001653,0.00313
b,0.058002,0.237659,0.006283,0.001631,0.00297
b,0.051565,0.214639,0.006331,0.001604,0.00281
b,0.045175,0.191813,0.006374,0.001572,0.00267
b,0.038822,0.169141,0.006412,0.001538,0.00254
b,0.032483,0.146538,0.006445,0.001501,0.00241
b,0.026125,0.123879,0.006473,0.001464,0.00228
b,0.019701,0.100991,0.006496,0.001427,0.00216
b,0.013153,0.077663,0.006515,0.001393,0.00203
b,0.006413,0.053641,0.006531,0.001361,0.0019
b,-0.000596,0.028643,0.006542,0.001334,0.00175
b,-0.007955,0.002377,0.00655,0.001312,0.0016
b,-0.015741,-0.025445,0.006555,0.001295,0.00142
b,-0.024022,-0.055072,0.006558,0.001284,0.00122
b,-0.032851,-0.086697,0.006557,0.001277,0.000995
b,-0.042252,-0.120417,0.006553,0.001275,0.000743
b,-0.052218,-0.156212,0.006547,0.001277,0.00046
b,-0.062703,-0.193926,0.006538,0.001281,0.000146
b,-0.073626,-0.23327,0.006526,0.001285,-0.000198
b,-0.084872,-0.273841,0.006511,0.001288,-0.000573
c,-0.090574,-0.294436,0.006502,0.001289,-0.00077
c,-0.102039,-0.335905,0.006483,0.001287,-0.00118
c,-0.113454,-0.377268,0.006461,0.001281,-0.00162
c,-0.124656,-0.417948,0.006436,0.001268,-0.00208
c,-0.135491,-0.457394,0.006409,0.001248,-0.00255
c,-0.14582,-0.495102,0.006379,0.00122,-0.00303
c,-0.155522,-0.530637,0.006348,0.001184,-0.00352
c,-0.1645,-0.563647,0.006314,0.001139,-0.00401
c,-0.172684,-0.593871,0.006279,0.001085,-0.0045
c,-0.180029,-0.621139,0.006243,0.001022,-0.00498
c,-0.186514,-0.645371,0.006207,0.000951,-0.00546
c,-0.192145,-0.666579,0.00617,0.000872,-0.00592
c,-0.196949,-0.68485,0.006134,0.000787,-0.00637
c,-0.20097,-0.700336,0.006099,0.000697,-0.00681
c,-0.204267,-0.713235,0.006064,0.000604,-0.00723
c,-0.206906,-0.72378,0.006031,0.000508,-0.00763
c,-0.20896,-0.73222,0.006,0.00041,-0.00802
c,-0.210503,-0.738815,0.00597,0.000311,-0.00839
c,-0.211607,-0.743822,0.005942,0.000213,-0.00874
c,-0.212346,-0.747491,0.005916,0.000114,-0.00908
c,-0.212786,-0.750058,0.005892,1.6e-05,-0.00939
c,-0.212989,-0.751738,0.005869,-8.2e-05,-0.00969
c,-0.21301,-0.752725,0.005849,-0.00018,-0.00998
c,-0.212899,-0.753192,0.00583,-0.000277,-0.010242
c,-0.212696,-0.753286,0.005813,-0.000374,-0.010491
c,-0.212435,-0.753123,0.005798,-0.00047,-0.010724
c,-0.212141,-0.752795,0.005784,-0.000564,-0.01094
c,-0.211831,-0.752364,0.005771,-0.000656,-0.011142
c,-0.211516,-0.751869,0.005758,-0.000747,-0.01133
c,-0.2112,-0.751326,0.005747,-0.000835,-0.011505
c,-0.210881,-0.750732,0.005735,-0.000919,-0.011666
c,-0.210553,-0.750069,0.005724,-0.000999,-0.011816
c,-0.210205,-0.749301,0.005712,-0.001074,-0.011956
c,-0.209823,-0.748379,0.005701,-0.001142,-0.012084
c,-0.209387,-0.74724,0.00569,-0.001205,-0.012203
c,-0.208878,-0.745813,0.00568,-0.00126,-0.012313
c,-0.208275,-0.744025,0.005671,-0.001308,-0.012413
c,-0.207556,-0.741804,0.005663,-0.001348,-0.012504
c,-0.206701,-0.739073,0.005656,-0.00138,-0.012585
c,-0.205691,-0.735763,0.005651,-0.001405,-0.012655
c,-0.204508,-0.731813,0.005647,-0.001423,-0.012714
c,-0.203139,-0.727174,0.005646,-0.001436,-0.012761
c,-0.201573,-0.721804,0.005647,-0.001443,-0.012795
c,-0.1998,-0.715663,0.005651,-0.001446,-0.012815
c,-0.197809,-0.708714,0.005657,-0.001445,-0.012821
c,-0.195594,-0.700928,0.005667,-0.001442,-0.012811
c,-0.193148,-0.692286,0.005679,-0.001437,-0.012786
c,-0.190469,-0.682775,0.005694,-0.001431,-0.012745
c,-0.187556,-0.672394,0.005713,-0.001422,-0.012687
c,-0.18441,-0.661144,0.005735,-0.001412,-0.012613
c,-0.181031,-0.649026,0.005761,-0.0014,-0.012523
c,-0.177419,-0.636039,0.005791,-0.001385,-0.012417
c,-0.173569,-0.622169,0.005825,-0.001368,-0.012294
c,-0.169475,-0.607394,0.005863,-0.001348,-0.012155
c,-0.165132,-0.59169,0.005907,-0.001326,-0.012
c,-0.160531,-0.575033,0.005955,-0.001301,-0.011829
c,-0.155664,-0.557394,0.006008,-0.001276,-0.011642
c,-0.150526,-0.538749,0.006067,-0.001249,-0.011438
c,-0.145109,-0.51908,0.006131,-0.001223,-0.011217
c,-0.139413,-0.498377,0.006199,-0.001198,-0.010981
c,-0.133436,-0.476643,0.006272,-0.001174,-0.010729
c,-0.127182,-0.453893,0.00635,-0.001153,-0.010462
c,-0.120659,-0.430155,0.006431,-0.001135,-0.010181
c,-0.113877,-0.405467,0.006515,-0.00112,-0.00989
c,-0.106846,-0.379877,0.006602,-0.001108,-0.00958
c,-0.099579,-0.353429,0.006689,-0.0011,-0.00927
c,-0.092084,-0.326166,0.006777,-0.001093,-0.00895
c,-0.084372,-0.298124,0.006863,-0.001089,-0.00863
c,-0.076449,-0.269336,0.006948,-0.001086,-0.0083
c,-0.068321,-0.239826,0.007029,-0.001083,-0.00797
c,-0.059991,-0.209607,0.007106,-0.001082,-0.00764
c,-0.051458,-0.178682,0.007178,-0.00108,-0.00731
c,-0.042719,-0.147041,0.007244,-0.001078,-0.00699
c,-0.033767,-0.114657,0.007304,-0.001075,-0.00666
c,-0.024588,-0.081485,0.007357,-0.001069,-0.00634
c,-0.015165,-0.047461,0.007402,-0.001061,-0.00602
c,-0.005478,-0.012513,0.007439,-0.001048,-0.00569
c,0.00449,0.023425,0.007467,-0.00103,-0.00537
c,0.014747,0.060389,0.007486,-0.001005,-0.00504
c,0.025288,0.098361,0.007495,-0.000973,-0.00471
c,0.036087,0.137261,0.007495,-0.000934,-0.00436
c,0.047099,0.176937,0.007485,-0.000887,-0.00401
c,0.058262,0.217173,0.007465,-0.000833,-0.00365
c,0.069498,0.257701,0.007435,-0.000772,-0.00328
c,0.080718,0.298206,0.007396,-0.000706,-0.0029
c,0.091821,0.338346,0.007347,-0.000633,-0.0025
c,0.102706,0.377759,0.00729,-0.000556,-0.0021
c,0.11327,0.416085,0.007224,-0.000474,-0.00168
c,0.123417,0.452987,0.007152,-0.00039,-0.00125
c,0.133061,0.488156,0.007074,-0.000304,-0.00081
c,0.142126,0.521332,0.006992,-0.000218,-0.000363
c,0.150554,0.552303,0.006907,-0.000132,9.3e-05
c,0.1583,0.580907,0.00682,-4.7e-05,0.000555
c,0.165334,0.607037,0.006733,3.5e-05,0.00102
c,0.171642,0.63064,0.006645,0.000116,0.00149
c,0.177224,0.651708,0.006559,0.000195,0.00197
c,0.182094,0.670285,0.006473,0.000271,0.00244
c,0.186277,0.686459,0.00639,0.000346,0.00292
c,0.189813,0.700359,0.006308,0.000419,0.00339
c,0.192747,0.712143,0.006229,0.000489,0.00386
c,0.195132,0.721989,0.006151,0.000558,0.00432
c,0.197024,0.730092,0.006075,0.000626,0.00478
c,0.198481,0.73665,0.006,0.000693,0.00523
c,0.199563,0.741867,0.005927,0.000761,0.00567
c,0.200327,0.745943,0.005855,0.000828,0.00611
c,0.200828,0.749069,0.005784,0.000898,0.00653
c,0.201119,0.751427,0.005713,0.000969,0.00694
c,0.201249,0.753184,0.005642,0.001043,0.00735
c,0.20126,0.75449,0.005571,0.00112,0.00774
c,0.20119,0.755473,0.005499,0.001202,0.00812
c,0.20107,0.756245,0.005426,0.001288,0.00849
c,0.200928,0.756896,0.005352,0.001379,0.00884
c,0.200785,0.757503,0.005278,0.001476,0.00919
c,0.200661,0.758131,0.005202,0.001578,0.00951
c,0.200569,0.758833,0.005126,0.001686,0.00983
c,0.200522,0.759647,0.005049,0.001798,0.010134
c,0.200523,0.760593,0.004972,0.001912,0.010425
c,0.200574,0.761673,0.004896,0.002027,0.010704
c,0.200666,0.762864,0.004822,0.002141,0.010973
c,0.200789,0.764132,0.004749,0.00225,0.011232
c,0.200929,0.76543,0.004678,0.002353,0.011482
c,0.201073,0.766713,0.004611,0.002448,0.011723
c,0.201209,0.767938,0.004546,0.002532,0.011955
c,0.201325,0.769069,0.004485,0.002603,0.012179
c,0.201411,0.770066,0.004429,0.002661,0.012395
c,0.201455,0.770886,0.004377,0.002704,0.0126
c,0.201444,0.771479,0.00433,0.002734,0.012796
c,0.201363,0.771792,0.004288,0.002751,0.01298
c,0.201201,0.771778,0.004253,0.002757,0.013151
c,0.200947,0.771399,0.004223,0.002753,0.013309
c,0.200592,0.770621,0.004199,0.00274,0.013453
c,0.20013,0.769419,0.004182,0.002721,0.013581
c,0.199555,0.76777,0.004171,0.002698,0.013693
c,0.198862,0.765654,0.004167,0.002671,0.013789
c,0.198047,0.763058,0.00417,0.002643,0.013868
c,0.197108,0.759968,0.004179,0.002615,0.01393
c,0.19604,0.756373,0.004194,0.002589,0.013974
c,0.194842,0.752262,0.004217,0.002567,0.014
c,0.193509,0.747624,0.004245,0.002549,0.014007
c,0.192041,0.74245,0.004281,0.002537,0.013996
c,0.190436,0.736736,0.004322,0.002531,0.013967
c,0.188693,0.730478,0.004371,0.002533,0.013918
c,0.186811,0.723677,0.004425,0.002541,0.013851
c,0.184794,0.716338,0.004487,0.002556,0.013766
c,0.182642,0.708471,0.004554,0.002576,0.013662
c,0.18036,0.700091,0.004628,0.002602,0.01354
c,0.177952,0.691215,0.004707,0.002631,0.013401
c,0.175422,0.681855,0.004792,0.002661,0.013245
c,0.172771,0.672019,0.004881,0.002691,0.013073
c,0.169996,0.661702,0.004974,0.002719,0.012886
c,0.167092,0.650886,0.005071,0.002742,0.012684
c,0.164051,0.639541,0.005172,0.002759,0.012467
c,0.160861,0.627629,0.005274,0.00277,0.012236
c,0.15751,0.615104,0.00538,0.002774,0.01199
c,0.153982,0.601918,0.005487,0.002771,0.01173
c,0.150265,0.588019,0.005595,0.002762,0.011455
c,0.146341,0.573352,0.005705,0.002746,0.011166
c,0.142196,0.557864,0.005817,0.002726,0.010863
c,0.137814,0.541505,0.00593,0.002701,0.010547
c,0.133183,0.524238,0.006044,0.002673,0.010219
c,0.128297,0.506039,0.006159,0.002643,0.00988
c,0.12315,0.486894,0.006275,0.00261,0.00953
c,0.117739,0.466799,0.006391,0.002576,0.00917
c,0.112066,0.445761,0.006507,0.002542,0.00881
c,0.106134,0.423799,0.006622,0.002509,0.00843
c,0.099952,0.400944,0.006737,0.002477,0.00806
c,0.093532,0.377242,0.00685,0.002448,0.00768
c,0.086889,0.352751,0.006961,0.002423,0.00729
c,0.080041,0.327537,0.007071,0.002402,0.00691
c,0.073007,0.301673,0.007177,0.002385,0.00652
c,0.065809,0.275237,0.007281,0.002372,0.00614
c,0.058468,0.248306,0.007381,0.002365,0.00576
c,0.051004,0.220952,0.007476,0.002363,0.00537
c,0.043435,0.193233,0.007566,0.002367,0.005
c,0.035771,0.165194,0.007649,0.002378,0.00462
c,0.028022,0.136859,0.007726,0.002395,0.00424
c,0.020188,0.108232,0.007794,0.00242,0.00387
c,0.012268,0.0793,0.007855,0.002451,0.0035
c,0.004252,0.05003,0.007907,0.002487,0.00312
c,-0.003873,0.020368,0.00795,0.002527,0.00274
c,-0.012126,-0.009752,0.007986,0.002569,0.00236
c,-0.020527,-0.040406,0.008013,0.00261,0.00197
c,-0.029094,-0.071662,0.008033,0.002649,0.00158
c,-0.037838,-0.10356,0.008046,0.002684,0.00118
c,-0.046757,-0.136098,0.008052,0.002713,0.00077
c,-0.055837,-0.169226,0.008052,0.002735,0.000353
c,-0.065049,-0.202847,0.008046,0.002749,-7.3e-05
c,-0.074354,-0.236817,0.008035,0.002754,-0.000507
c,-0.083702,-0.270959,0.008019,0.00275,-0.000948
c,-0.093035,-0.305069,0.007999,0.002735,-0.0014
c,-0.102291,-0.338924,0.007975,0.002709,-0.00185
c,-0.111407,-0.372295,0.007948,0.002673,-0.0023
c,-0.120317,-0.404951,0.007917,0.002627,-0.00275
c,-0.12896,-0.43667,0.007884,0.002572,-0.00321
c,-0.137277,-0.467245,0.007848,0.00251,-0.00366
c,-0.145215,-0.496485,0.00781,0.002441,-0.00411
c,-0.152727,-0.52422,0.00777,0.002368,-0.00456
c,-0.159774,-0.550309,0.007729,0.00229,-0.005
c,-0.166323,-0.57464,0.007687,0.00221,-0.00544
c,-0.172356,-0.597137,0.007645,0.002128,-0.00586
c,-0.17786,-0.617759,0.007602,0.002044,-0.00628
c,-0.182836,-0.636506,0.007559,0.00196,-0.0067
c,-0.187295,-0.65341,0.007517,0.001876,-0.0071
c,-0.191257,-0.668544,0.007476,0.001793,-0.00749
c,-0.194751,-0.682009,0.007436,0.001711,-0.00787
c,-0.197813,-0.693928,0.007398,0.001632,-0.00824
c,-0.200483,-0.704441,0.007362,0.001556,-0.0086
c,-0.202802,-0.713694,0.007328,0.001482,-0.00896
c,-0.204814,-0.721837,0.007295,0.001411,-0.0093
c,-0.20656,-0.729019,0.007266,0.001343,-0.00963
c,-0.20808,-0.735376,0.007238,0.001278,-0.00995
c,-0.209409,-0.741031,0.007213,0.001217,-0.010259
c,-0.210577,-0.74609,0.00719,0.001159,-0.01056
c,-0.211608,-0.750639,0.00717,0.001104,-0.01085
c,-0.212523,-0.754746,0.007151,0.001051,-0.011129
c,-0.213339,-0.758465,0.007135,0.001,-0.011397
c,-0.214066,-0.761833,0.00712,0.00095,-0.011652
c,-0.214709,-0.764864,0.007107,0.0009,-0.011893
c,-0.215267,-0.767551,0.007096,0.00085,-0.01212
c,-0.215734,-0.769869,0.007086,0.000799,-0.012332
c,-0.2161,-0.771784,0.007077,0.000748,-0.012527
c,-0.216357,-0.773261,0.00707,0.000695,-0.012707
c,-0.216494,-0.77427,0.007063,0.000642,-0.01287
c,-0.216504,-0.774781,0.007057,0.00059,-0.013018
c,-0.216377,-0.774766,0.007051,0.000539,-0.01315
c,-0.216107,-0.774196,0.007046,0.000491,-0.013267
c,-0.215682,-0.773042,0.007042,0.000445,-0.01337
c,-0.215095,-0.771275,0.007039,0.000404,-0.013459
c,-0.214337,-0.768868,0.007037,0.000369,-0.013535
c,-0.213402,-0.765801,0.007035,0.00034,-0.013598
c,-0.212286,-0.762063,0.007035,0.000318,-0.013651
c,-0.210986,-0.757648,0.007037,0.000305,-0.013692
c,-0.209504,-0.752559,0.007039,0.000301,-0.013723
c,-0.207842,-0.746809,0.007043,0.000307,-0.013743
c,-0.206006,-0.740415,0.007049,0.000322,-0.013753
c,-0.204,-0.733389,0.007056,0.000346,-0.013752
c,-0.201825,-0.72574,0.007065,0.000378,-0.01374
c,-0.199485,-0.717474,0.007076,0.000418,-0.013716
c,-0.196982,-0.708596,0.007088,0.000464,-0.01368
c,-0.194317,-0.699106,0.007103,0.000516,-0.013631
c,-0.191486,-0.688989,0.007121,0.00057,-0.013566
c,-0.188482,-0.678217,0.007141,0.000626,-0.013486
c,-0.185296,-0.666748,0.007164,0.000682,-0.013388
c,-0.181911,-0.654527,0.00719,0.000735,-0.013272
c,-0.178311,-0.641486,0.00722,0.000783,-0.013135
c,-0.174475,-0.627552,0.007253,0.000826,-0.012978
c,-0.170383,-0.61265,0.007291,0.000861,-0.012799
c,-0.166015,-0.59671,0.007333,0.000887,-0.012598
c,-0.161353,-0.579669,0.00738,0.000902,-0.012373
c,-0.156384,-0.561477,0.007433,0.000907,-0.012126
c,-0.151095,-0.542095,0.00749,0.0009,-0.011856
c,-0.14548,-0.5215,0.007553,0.000882,-0.011564
c,-0.139536,-0.499686,0.007622,0.000854,-0.011252
c,-0.133262,-0.47666,0.007697,0.000816,-0.010922
c,-0.126664,-0.452444,0.007778,0.00077,-0.010575
c,-0.119747,-0.427068,0.007863,0.000717,-0.010214
c,-0.112522,-0.400581,0.007953,0.00066,-0.00984
c,-0.105006,-0.373047,0.008048,0.000601,-0.00946
c,-0.097218,-0.344546,0.008145,0.00054,-0.00908
c,-0.089181,-0.315168,0.008244,0.000481,-0.00869
c,-0.08092,-0.285003,0.008344,0.000424,-0.0083
c,-0.072458,-0.254144,0.008443,0.000372,-0.00792
c,-0.06382,-0.222681,0.00854,0.000325,-0.00754
c,-0.055026,-0.190694,0.008633,0.000286,-0.00717
c,-0.046096,-0.158246,0.008722,0.000254,-0.0068
c,-0.037039,-0.125378,0.008804,0.000231,-0.00644
c,-0.027861,-0.092107,0.00888,0.000216,-0.00608
c,-0.018559,-0.058421,0.008946,0.00021,-0.00573
c,-0.009127,-0.024293,0.009004,0.000214,-0.00539
c,0.000443,0.010312,0.009051,0.000225,-0.00504
c,0.010157,0.045417,0.009087,0.000246,-0.0047
c,0.02001,0.081015,0.009113,0.000274,-0.00436
c,0.029989,0.117064,0.009127,0.000311,-0.00401
c,0.040068,0.153476,0.009129,0.000356,-0.00366
c,0.050208,0.190124,0.009119,0.000409,-0.0033
c,0.06036,0.226839,0.009098,0.00047,-0.00293
c,0.070469,0.263427,0.009067,0.000537,-0.00256
c,0.08047,0.299668,0.009025,0.00061,-0.00218
c,0.090297,0.335328,0.008974,0.000686,-0.00179
c,0.099881,0.370168,0.008916,0.000766,-0.00138
c,0.109155,0.403961,0.008851,0.000846,-0.000973
c,0.118062,0.436497,0.00878,0.000925,-0.000551
c,0.126546,0.467587,0.008705,0.001001,-0.00012
c,0.134563,0.49707,0.008628,0.001075,0.000321
c,0.142076,0.524815,0.008548,0.001146,0.000769
c,0.149061,0.550729,0.008468,0.001214,0.00122
c,0.155502,0.574758,0.008386,0.00128,0.00168
c,0.161396,0.596878,0.008304,0.001345,0.00214
c,0.166746,0.617098,0.008222,0.00141,0.00261
c,0.171564,0.635452,0.00814,0.001475,0.00307
c,0.175868,0.651996,0.008057,0.001541,0.00353
c,0.179682,0.666812,0.007974,0.00161,0.00398
c,0.183035,0.679994,0.007891,0.001682,0.00443
c,0.185958,0.691648,0.007806,0.001755,0.00487
c,0.188485,0.701887,0.007721,0.001831,0.0053
c,0.190649,0.710835,0.007636,0.001907,0.00572
c,0.192489,0.71862,0.00755,0.001984,0.00614
c,0.194043,0.725375,0.007465,0.00206,0.00655
c,0.195349,0.731233,0.007379,0.002135,0.00694
c,0.196444,0.736327,0.007295,0.002209,0.00733
c,0.197365,0.740781,0.007211,0.002281,0.00772
c,0.198146,0.744714,0.007129,0.00235,0.00809
c,0.198815,0.748226,0.007049,0.002417,0.00845
c,0.199398,0.751403,0.006971,0.002482,0.0088
c,0.199913,0.754314,0.006895,0.002544,0.00914
c,0.200376,0.757008,0.006821,0.002603,0.00948
c,0.200796,0.75952,0.00675,0.00266,0.0098
c,0.201181,0.761873,0.006681,0.002713,0.010109
c,0.201534,0.764082,0.006616,0.002762,0.01041
c,0.201858,0.766153,0.006555,0.002808,0.010699
c,0.202154,0.768086,0.006497,0.002851,0.010977
c,0.202421,0.76988,0.006443,0.00289,0.011243
c,0.202658,0.771525,0.006393,0.002926,0.011496
c,0.202859,0.773004,0.006347,0.002959,0.011735
c,0.203018,0.774291,0.006305,0.002988,0.011961
c,0.203127,0.775355,0.006268,0.003014,0.012173
c,0.203173,0.776154,0.006235,0.003037,0.01237
c,0.203145,0.77665,0.006206,0.003057,0.012553
c,0.203035,0.776803,0.006181,0.003076,0.012721
c,0.202831,0.776582,0.006161,0.003093,0.012872
c,0.202527,0.775959,0.006143,0.003109,0.013009
c,0.202117,0.774912,0.00613,0.003125,0.013129
c,0.201596,0.773426,0.00612,0.003141,0.013234
c,0.20096,0.771493,0.006114,0.003156,0.013324
c,0.20021,0.769111,0.006112,0.00317,0.013399
c,0.199347,0.766288,0.006114,0.003183,0.01346
c,0.198375,0.763042,0.00612,0.003193,0.013508
c,0.197302,0.759401,0.00613,0.0032,0.013544
c,0.196136,0.755396,0.006144,0.003202,0.013567
c,0.194887,0.751063,0.006164,0.0032,0.013579
c,0.193564,0.746434,0.006187,0.003193,0.01358
c,0.192178,0.741544,0.006216,0.003181,0.013568
c,0.190737,0.736425,0.006249,0.003166,0.013545
c,0.189251,0.731106,0.006287,0.003146,0.013508
c,0.187726,0.725611,0.00633,0.003124,0.013459
c,0.186167,0.719947,0.006377,0.003101,0.013396
c,0.184567,0.714094,0.006428,0.003077,0.013317
c,0.182915,0.708009,0.006484,0.003053,0.013223
c,0.181194,0.701625,0.006544,0.003032,0.013112
c,0.17938,0.694862,0.006608,0.003013,0.012984
c,0.177448,0.687625,0.006675,0.002998,0.012837
c,0.17537,0.679814,0.006745,0.002986,0.012671
c,0.173116,0.671328,0.006819,0.002979,0.012485
c,0.17066,0.662069,0.006895,0.002977,0.01228
c,0.167975,0.651945,0.006973,0.002978,0.012056
c,0.165036,0.640873,0.007054,0.002982,0.011813
c,0.161822,0.628777,0.007137,0.002989,0.011551
c,0.158312,0.615594,0.007222,0.002996,0.011272
c,0.154492,0.60127,0.00731,0.003003,0.010977
c,0.150349,0.585768,0.007399,0.00301,0.010667
c,0.145878,0.569071,0.007491,0.003015,0.010343
c,0.141077,0.551176,0.007584,0.00302,0.010006
c,0.135948,0.532094,0.007679,0.003024,0.00966
c,0.130497,0.51185,0.007776,0.003028,0.0093
c,0.124734,0.490478,0.007875,0.003032,0.00892
c,0.118671,0.468028,0.007975,0.003037,0.00854
c,0.112324,0.444561,0.008077,0.003043,0.00816
c,0.105712,0.42015,0.00818,0.00305,0.00776
c,0.098859,0.394883,0.008285,0.003056,0.00737
c,0.091789,0.368857,0.008392,0.00306,0.00697
c,0.084532,0.342182,0.008501,0.003062,0.00658
c,0.077117,0.314972,0.008612,0.003058,0.00619
c,0.069575,0.287343,0.008725,0.003049,0.00581
c,0.061936,0.259408,0.00884,0.003033,0.00543
c,0.05423,0.23127,0.008955,0.003011,0.00507
c,0.046481,0.203022,0.009071,0.002982,0.00473
c,0.038709,0.174729,0.009186,0.002946,0.00439
c,0.030926,0.146431,0.009298,0.002905,0.00406
c,0.023133,0.118134,0.009407,0.002859,0.00375
c,0.015323,0.089804,0.009511,0.00281,0.00344
c,0.007479,0.061371,0.009609,0.002759,0.00313
c,-0.000426,0.032729,0.0097,0.002707,0.00283
c,-0.008428,0.003748,0.009782,0.002656,0.00253
c,-0.016563,-0.025714,0.009855,0.002605,0.00223
c,-0.024867,-0.055789,0.009918,0.002556,0.00191
c,-0.033365,-0.086577,0.009972,0.002508,0.00159
c,-0.042069,-0.11813,0.010015,0.002462,0.00125
c,-0.050978,-0.150443,0.010048,0.002418,0.000902
c,-0.060072,-0.183454,0.010071,0.002374,0.000536
c,-0.069316,-0.217043,0.010084,0.002331,0.000155
c,-0.078665,-0.251044,0.010088,0.002288,-0.000241
c,-0.088059,-0.28525,0.010084,0.002245,-0.000651
c,-0.097434,-0.319429,0.010073,0.002201,-0.00107
c,-0.106721,-0.353335,0.010055,0.002156,-0.00151
c,-0.115851,-0.386717,0.010031,0.002109,-0.00195
c,-0.124754,-0.419327,0.010002,0.00206,-0.0024
c,-0.133364,-0.450925,0.009969,0.002009,-0.00285
c,-0.141621,-0.48129,0.009932,0.001956,-0.0033
c,-0.149468,-0.510225,0.009892,0.0019,-0.00376
c,-0.156861,-0.537563,0.00985,0.001843,-0.00421
c,-0.163764,-0.563173,0.009806,0.001785,-0.00466
c,-0.170151,-0.586964,0.00976,0.001727,-0.0051
c,-0.176007,-0.608882,0.009712,0.001669,-0.00554
c,-0.181331,-0.628914,0.009663,0.001612,-0.00598
c,-0.186128,-0.647081,0.009612,0.001557,-0.0064
c,-0.190416,-0.663441,0.00956,0.001504,-0.00682
c,-0.19422,-0.678078,0.009507,0.001455,-0.00723
c,-0.19757,-0.691096,0.009452,0.001409,-0.00763
c,-0.200503,-0.702621,0.009396,0.001367,-0.00802
c,-0.203057,-0.712785,0.009339,0.001327,-0.0084
c,-0.205271,-0.721723,0.00928,0.001291,-0.00877
c,-0.207184,-0.729563,0.00922,0.001257,-0.00912
c,-0.20883,-0.736427,0.009158,0.001226,-0.00946
c,-0.210241,-0.742423,0.009095,0.001197,-0.00979
c,-0.211445,-0.747652,0.009032,0.00117,-0.010103
c,-0.212469,-0.752212,0.008967,0.001146,-0.010404
c,-0.213341,-0.756195,0.008901,0.001123,-0.010692
c,-0.214085,-0.75969,0.008835,0.001102,-0.010968
c,-0.214725,-0.762777,0.00877,0.001083,-0.011231
c,-0.215279,-0.765527,0.008705,0.001064,-0.011482
c,-0.215764,-0.767998,0.008641,0.001045,-0.01172
c,-0.216191,-0.770225,0.00858,0.001026,-0.011947
c,-0.216565,-0.77223,0.008521,0.001007,-0.012163
c,-0.216888,-0.77402,0.008467,0.000986,-0.012366
c,-0.21716,-0.775591,0.008416,0.000964,-0.012559
c,-0.217376,-0.77693,0.00837,0.000939,-0.012739
c,-0.217531,-0.778015,0.00833,0.000911,-0.012907
c,-0.217618,-0.77882,0.008295,0.00088,-0.013062
c,-0.217629,-0.779316,0.008266,0.000845,-0.013203
c,-0.217555,-0.77947,0.008244,0.000806,-0.01333
c,-0.217388,-0.779248,0.008227,0.000763,-0.013443
c,-0.217119,-0.778618,0.008217,0.000715,-0.013539
c,-0.216739,-0.77755,0.008213,0.000664,-0.01362
c,-0.216243,-0.776019,0.008216,0.00061,-0.013684
c,-0.215624,-0.774004,0.008225,0.000554,-0.013731
c,-0.214876,-0.771482,0.00824,0.000495,-0.01376
c,-0.213992,-0.768429,0.008262,0.000435,-0.013773
c,-0.212964,-0.764817,0.008289,0.000375,-0.013768
c,-0.211784,-0.760619,0.008322,0.000316,-0.013747
c,-0.210444,-0.755809,0.00836,0.000258,-0.01371
c,-0.208939,-0.750368,0.008403,0.000203,-0.013657
c,-0.207261,-0.74428,0.00845,0.000152,-0.013589
c,-0.205408,-0.737533,0.008501,0.000107,-0.013508
c,-0.203378,-0.730124,0.008555,6.8e-05,-0.013415
c,-0.201169,-0.722054,0.008611,3.7e-05,-0.01331
c,-0.198784,-0.713329,0.008669,1.6e-05,-0.013194
c,-0.196222,-0.703956,0.008728,3e-06,-0.013068
c,-0.193482,-0.69393,0.008789,0,-0.012932
c,-0.19056,-0.683234,0.008851,6e-06,-0.012788
c,-0.187445,-0.671835,0.008913,2.1e-05,-0.012634
c,-0.184124,-0.659684,0.008976,4.3e-05,-0.012471
c,-0.18058,-0.646724,0.009039,7.1e-05,-0.012299
c,-0.176796,-0.632895,0.009102,0.000105,-0.012118
c,-0.172756,-0.61814,0.009166,0.000143,-0.011927
c,-0.168447,-0.602411,0.009229,0.000186,-0.011728
c,-0.163857,-0.585671,0.009291,0.000232,-0.011519
c,-0.158977,-0.567885,0.009352,0.000281,-0.0113
c,-0.1538,-0.549032,0.009413,0.000332,-0.011073
c,-0.148324,-0.529098,0.009471,0.000384,-0.010836
c,-0.142547,-0.508084,0.009528,0.000437,-0.01059
c,-0.136473,-0.486001,0.009583,0.000491,-0.010335
c,-0.130108,-0.462872,0.009636,0.000544,-0.010071
c,-0.123462,-0.438733,0.009686,0.000596,-0.0098
c,-0.116551,-0.41364,0.009734,0.000645,-0.00952
c,-0.109394,-0.387664,0.009779,0.000692,-0.00923
c,-0.102014,-0.360884,0.00982,0.000734,-0.00894
c,-0.094435,-0.333392,0.009859,0.000771,-0.00864
c,-0.086683,-0.305281,0.009894,0.000804,-0.00834
c,-0.078785,-0.276652,0.009927,0.000832,-0.00803
c,-0.070772,-0.247611,0.009956,0.000855,-0.00773
c,-0.062669,-0.218259,0.009983,0.000876,-0.00742
c,-0.054503,-0.188686,0.010007,0.000894,-0.00711
c,-0.046291,-0.158958,0.010028,0.00091,-0.00681
c,-0.038042,-0.129112,0.010048,0.000927,-0.0065
c,-0.029759,-0.099149,0.010067,0.000942,-0.0062
c,-0.02143,-0.069031,0.010085,0.000958,-0.00591
c,-0.013037,-0.038687,0.010102,0.000974,-0.00561
c,-0.004552,-0.008015,0.01012,0.00099,-0.0053
c,0.004053,0.023089,0.010137,0.001006,-0.005
c,0.012801,0.054719,0.010154,0.001021,-0.00469
c,0.021706,0.086929,0.010172,0.001034,-0.00436
c,0.030768,0.119725,0.01019,0.001047,-0.00403
c,0.039971,0.153054,0.010207,0.001058,-0.00368
c,0.049283,0.186811,0.010224,0.001068,-0.00332
c,0.058659,0.220839,0.010239,0.001077,-0.00295
c,0.068045,0.254946,0.010253,0.001086,-0.00256
c,0.077378,0.288915,0.010264,0.001095,-0.00216
c,0.086594,0.322513,0.010271,0.001104,-0.00174
c,0.095627,0.355505,0.010275,0.001115,-0.00132
c,0.104413,0.387665,0.010273,0.001128,-0.00088
c,0.112895,0.418782,0.010265,0.001144,-0.000437
c,0.12102,0.44867,0.01025,0.001165,1.1e-05
c,0.128748,0.477174,0.010228,0.001192,0.000462
c,0.136045,0.504175,0.010196,0.001224,0.000914
c,0.14289,0.529585,0.010155,0.001264,0.00136
c,0.149267,0.553345,0.010104,0.001311,0.00181
c,0.155168,0.575426,0.010042,0.001366,0.00225
c,0.160595,0.595821,0.009971,0.001429,0.00268
c,0.165555,0.614555,0.009891,0.0015,0.00311
c,0.170062,0.631671,0.009801,0.001578,0.00352
c,0.174134,0.647232,0.009704,0.001663,0.00393
c,0.177793,0.661313,0.009601,0.001753,0.00432
c,0.181063,0.674002,0.009492,0.001848,0.00471
c,0.183972,0.685392,0.00938,0.001946,0.00508
c,0.186548,0.695581,0.009267,0.002046,0.00545
c,0.188818,0.704676,0.009155,0.002146,0.0058
c,0.190813,0.712779,0.009045,0.002244,0.00615
c,0.19256,0.719995,0.008938,0.002337,0.00649
c,0.194086,0.72642,0.008837,0.002425,0.00682
c,0.195417,0.732146,0.008741,0.002507,0.00715
c,0.196577,0.737256,0.008652,0.002582,0.00748
c,0.197588,0.741827,0.008569,0.002651,0.0078
c,0.198467,0.745919,0.008492,0.002715,0.00811
c,0.19923,0.749585,0.008421,0.002776,0.00842
c,0.19989,0.752866,0.008354,0.002833,0.00872
c,0.200458,0.755802,0.008293,0.002888,0.00901
c,0.200946,0.758432,0.008234,0.002942,0.0093
c,0.201367,0.760798,0.008178,0.002995,0.00957
c,0.201735,0.762951,0.008124,0.003048,0.00984
c,0.202063,0.764936,0.008071,0.003101,0.010101
c,0.202363,0.766791,0.008019,0.003153,0.01035
c,0.20264,0.768539,0.007966,0.003205,0.010591
c,0.202898,0.770191,0.007913,0.003255,0.010823
c,0.203136,0.771748,0.00786,0.003303,0.011047
c,0.203353,0.773209,0.007806,0.003347,0.011263
c,0.203548,0.774564,0.007753,0.003386,0.011473
c,0.203714,0.7758,0.0077,0.00342,0.011675
c,0.203845,0.77689,0.007649,0.003448,0.01187
c,0.203933,0.777803,0.007599,0.003471,0.012057
c,0.203969,0.778506,0.007552,0.003488,0.012236
c,0.203943,0.778964,0.007508,0.0035,0.012405
c,0.203848,0.779142,0.007467,0.003509,0.012563
c,0.203673,0.779002,0.007432,0.003515,0.012709
c,0.20341,0.778511,0.007401,0.003519,0.012842
c,0.203051,0.777636,0.007376,0.003524,0.01296
c,0.202589,0.776349,0.007357,0.003529,0.013063
c,0.202018,0.774632,0.007346,0.003534,0.01315
c,0.201335,0.77247,0.007341,0.00354,0.013221
c,0.200539,0.769865,0.007343,0.003547,0.013276
c,0.199636,0.76683,0.007353,0.003553,0.013315
c,0.19863,0.763389,0.007371,0.003558,0.01334
c,0.197531,0.759569,0.007396,0.003561,0.013348
c,0.196345,0.755399,0.007429,0.003563,0.013343
c,0.195079,0.750902,0.007468,0.003562,0.013322
c,0.193739,0.746101,0.007514,0.003559,0.013287
c,0.192332,0.741017,0.007566,0.003555,0.013238
c,0.190863,0.735666,0.007623,0.00355,0.013173
c,0.189335,0.730061,0.007685,0.003546,0.013094
c,0.187748,0.724203,0.007749,0.003543,0.013
c,0.186098,0.718075,0.007816,0.003543,0.01289
c,0.184378,0.71165,0.007884,0.003547,0.012766
c,0.182575,0.70489,0.007953,0.003554,0.012626
c,0.180677,0.697748,0.00802,0.003565,0.012472
c,0.178668,0.690173,0.008086,0.00358,0.012304
c,0.176533,0.682111,0.008151,0.003598,0.012121
c,0.174254,0.673502,0.008214,0.003618,0.011926
c,0.171813,0.664284,0.008275,0.003639,0.011717
c,0.169192,0.654397,0.008335,0.00366,0.011496
c,0.166374,0.643782,0.008396,0.003679,0.011264
c,0.163341,0.632383,0.008457,0.003694,0.011022
c,0.160078,0.620148,0.00852,0.003705,0.010769
c,0.156572,0.607032,0.008587,0.003711,0.010508
c,0.152812,0.593003,0.008658,0.00371,0.01024
c,0.148792,0.578043,0.008736,0.003701,0.00996
c,0.144511,0.562146,0.00882,0.003685,0.00968
c,0.13997,0.545324,0.008911,0.003661,0.00939
c,0.135176,0.527599,0.00901,0.00363,0.0091
c,0.130139,0.509007,0.009116,0.003593,0.0088
c,0.12487,0.489593,0.009229,0.003549,0.0085
c,0.119385,0.469414,0.009347,0.003501,0.0082
c,0.113704,0.448535,0.009469,0.00345,0.00789
c,0.107844,0.427025,0.009594,0.003399,0.00758
c,0.10183,0.404964,0.009718,0.00335,0.00727
c,0.095685,0.382438,0.009841,0.003304,0.00695
c,0.089434,0.359534,0.009961,0.003263,0.00664
c,0.083101,0.336336,0.010076,0.00323,0.00632
c,0.076707,0.312919,0.010185,0.003205,0.006
c,0.070266,0.289343,0.010288,0.003188,0.00568
c,0.06379,0.265645,0.010382,0.00318,0.00536
c,0.057281,0.24184,0.010469,0.003181,0.00504
c,0.050734,0.217911,0.010547,0.003189,0.00473
c,0.044137,0.193814,0.010618,0.003205,0.00442
c,0.037467,0.169475,0.01068,0.003228,0.00411
c,0.030696,0.144789,0.010735,0.003256,0.0038
c,0.023785,0.119616,0.010782,0.003287,0.0035
c,0.016689,0.093789,0.010823,0.003321,0.00319
c,0.009352,0.067106,0.010857,0.003355,0.00288
c,0.001712,0.039337,0.010884,0.003386,0.00256
c,-0.006298,0.010233,0.010905,0.003414,0.00223
c,-0.014744,-0.020455,0.01092,0.003435,0.00188
c,-0.023687,-0.052953,0.010929,0.003449,0.00151
c,-0.033171,-0.087436,0.010931,0.003455,0.00111
c,-0.043221,-0.124002,0.010927,0.003451,0.000683
c,-0.053834,-0.162656,0.010916,0.003439,0.000217
c,-0.064978,-0.203293,0.010898,0.003416,-0.000289
c,-0.076589,-0.245695,0.010874,0.003384,-0.000834
c,-0.088573,-0.289533,0.010842,0.00334,-0.00142
d,-0.097734,-0.323102,0.010813,0.0033,-0.00189
d,-0.110071,-0.368388,0.010767,0.003237,-0.00254
d,-0.122411,-0.413794,0.010714,0.003162,-0.00322
d,-0.134602,-0.458771,0.010654,0.003075,-0.00394
d,-0.146492,-0.502776,0.010586,0.002977,-0.00468
d,-0.157939,-0.545294,0.010512,0.002867,-0.00544
d,-0.168814,-0.585859,0.010431,0.002745,-0.00621
d,-0.179008,-0.62407,0.010344,0.002612,-0.00699
d,-0.188434,-0.659604,0.010253,0.002468,-0.00778
d,-0.197026,-0.69222,0.010158,0.002314,-0.00857
d,-0.204744,-0.721765,0.010059,0.002151,-0.00935
d,-0.21157,-0.748165,0.009957,0.00198,-0.010126
d,-0.217508,-0.771423,0.009853,0.001803,-0.010892
d,-0.222581,-0.791613,0.009748,0.001622,-0.011645
d,-0.226828,-0.808868,0.009641,0.001438,-0.012384
d,-0.230304,-0.823376,0.009532,0.001253,-0.013109
d,-0.233073,-0.835365,0.009422,0.001071,-0.013819
d,-0.235212,-0.845097,0.00931,0.000892,-0.014515
d,-0.236799,-0.852853,0.009196,0.000719,-0.015195
d,-0.237916,-0.858921,0.00908,0.000554,-0.015863
d,-0.238644,-0.863582,0.008962,0.000399,-0.016517
d,-0.239059,-0.867108,0.008841,0.000254,-0.017159
d,-0.239232,-0.869752,0.008719,0.000119,-0.017789
d,-0.239229,-0.871737,0.008594,-6e-06,-0.018407
d,-0.239105,-0.873259,0.008468,-0.000121,-0.019012
d,-0.238906,-0.874479,0.00834,-0.000227,-0.019605
d,-0.238673,-0.87553,0.008213,-0.000327,-0.020183
d,-0.238434,-0.876515,0.008086,-0.000421,-0.020746
d,-0.238214,-0.877515,0.00796,-0.000511,-0.021294
d,-0.23803,-0.878587,0.007837,-0.000598,-0.021825
d,-0.237893,-0.879766,0.007717,-0.000683,-0.022338
d,-0.237809,-0.881071,0.007602,-0.000768,-0.022832
d,-0.237779,-0.882498,0.007492,-0.000852,-0.023307
d,-0.237796,-0.884029,0.007388,-0.000937,-0.023762
d,-0.237854,-0.88563,0.007291,-0.001022,-0.024195
d,-0.237938,-0.887258,0.007201,-0.001106,-0.024607
d,-0.238035,-0.888859,0.007119,-0.00119,-0.024997
d,-0.238128,-0.890373,0.007045,-0.001272,-0.025366
d,-0.238195,-0.891729,0.006979,-0.001351,-0.025712
d,-0.238217,-0.892851,0.00692,-0.001426,-0.026036
d,-0.238168,-0.893658,0.006869,-0.001497,-0.026339
d,-0.238025,-0.894065,0.006826,-0.001561,-0.02662
d,-0.237765,-0.893996,0.006789,-0.001619,-0.02688
d,-0.237368,-0.893378,0.006758,-0.001671,-0.027118
d,-0.236816,-0.892146,0.006733,-0.001717,-0.027335
d,-0.236091,-0.890242,0.006713,-0.001756,-0.027531
d,-0.235181,-0.88762,0.006698,-0.00179,-0.027705
d,-0.234077,-0.884245,0.006688,-0.001818,-0.027857
d,-0.232773,-0.880098,0.006683,-0.001843,-0.027986
d,-0.231268,-0.87517,0.006683,-0.001865,-0.028091
d,-0.229564,-0.86947,0.006688,-0.001886,-0.028172
d,-0.227671,-0.863024,0.006698,-0.001907,-0.028228
d,-0.225603,-0.855878,0.006716,-0.00193,-0.028257
d,-0.223378,-0.848097,0.00674,-0.001955,-0.028258
d,-0.22102,-0.839757,0.006772,-0.001984,-0.028232
d,-0.218554,-0.830945,0.006812,-0.002017,-0.028176
d,-0.216005,-0.82175,0.006862,-0.002055,-0.028091
d,-0.213399,-0.812257,0.006921,-0.002098,-0.027976
d,-0.210755,-0.802532,0.006991,-0.002147,-0.02783
d,-0.208084,-0.79262,0.007071,-0.002201,-0.027655
d,-0.205394,-0.782541,0.00716,-0.002258,-0.027451
d,-0.202679,-0.772289,0.00726,-0.002319,-0.027218
d,-0.199931,-0.761831,0.007368,-0.002381,-0.026958
d,-0.197135,-0.751119,0.007485,-0.002443,-0.026672
d,-0.194271,-0.740089,0.007608,-0.002504,-0.026361
d,-0.191315,-0.728662,0.007738,-0.002561,-0.026027
d,-0.188239,-0.716748,0.007872,-0.002612,-0.025671
d,-0.185016,-0.704253,0.008009,-0.002655,-0.025295
d,-0.181618,-0.691085,0.008149,-0.002689,-0.024901
d,-0.178018,-0.677156,0.00829,-0.002713,-0.02449
d,-0.174193,-0.662391,0.00843,-0.002724,-0.024063
d,-0.170122,-0.646719,0.00857,-0.002723,-0.023622
d,-0.16579,-0.630083,0.00871,-0.002709,-0.023167
d,-0.161181,-0.612435,0.008848,-0.002684,-0.022697
d,-0.156284,-0.593735,0.008985,-0.002649,-0.022214
d,-0.15109,-0.573948,0.009123,-0.002606,-0.021717
d,-0.145591,-0.553049,0.00926,-0.002556,-0.021205
d,-0.139783,-0.531018,0.009399,-0.002502,-0.020679
d,-0.133662,-0.507842,0.00954,-0.002447,-0.020137
d,-0.127225,-0.483513,0.009683,-0.00239,-0.019579
d,-0.120473,-0.458028,0.009829,-0.002336,-0.019006
d,-0.113404,-0.431388,0.009979,-0.002284,-0.018418
d,-0.10602,-0.403594,0.010132,-0.002237,-0.017815
d,-0.098321,-0.374654,0.010288,-0.002195,-0.017198
d,-0.09031,-0.344579,0.010447,-0.002158,-0.016568
d,-0.081991,-0.313389,0.010606,-0.002127,-0.015927
d,-0.07337,-0.281108,0.010766,-0.002101,-0.015275
d,-0.064451,-0.247759,0.010923,-0.002078,-0.014615
d,-0.055237,-0.213353,0.011076,-0.002058,-0.013947
d,-0.045728,-0.177896,0.011224,-0.00204,-0.013275
d,-0.035922,-0.141382,0.011364,-0.002022,-0.012597
d,-0.025814,-0.1038,0.011493,-0.002003,-0.011914
d,-0.015401,-0.065133,0.011612,-0.001982,-0.011227
d,-0.00468,-0.025371,0.011716,-0.001959,-0.010535
d,0.006347,0.015483,0.011806,-0.001933,-0.00984
d,0.017667,0.057389,0.011879,-0.001903,-0.00913
d,0.029253,0.100257,0.011934,-0.001869,-0.00841
d,0.041064,0.143945,0.011971,-0.001831,-0.00768
d,0.053044,0.188262,0.011989,-0.001787,-0.00695
d,0.065124,0.232966,0.011987,-0.001738,-0.0062
d,0.077222,0.27777,0.011966,-0.001683,-0.00543
d,0.089244,0.322351,0.011925,-0.001623,-0.00466
d,0.101094,0.366366,0.011865,-0.001558,-0.00388
d,0.112672,0.409464,0.011787,-0.001487,-0.00308
d,0.123878,0.451296,0.011692,-0.001411,-0.00227
d,0.134618,0.491528,0.011581,-0.001329,-0.00145
d,0.144807,0.529856,0.011455,-0.001243,-0.000628
d,0.154368,0.56601,0.011315,-0.001151,0.000204
d,0.16324,0.599767,0.011164,-0.001054,0.00104
d,0.171375,0.630954,0.011001,-0.000952,0.00188
d,0.178741,0.659455,0.010828,-0.000845,0.00272
d,0.185322,0.685205,0.010647,-0.000732,0.00356
d,0.191117,0.708201,0.010459,-0.000613,0.0044
d,0.196144,0.728495,0.010265,-0.000489,0.00524
d,0.200433,0.746189,0.010065,-0.00036,0.00607
d,0.204026,0.761429,0.009862,-0.000225,0.00689
d,0.206974,0.77439,0.009656,-8.7e-05,0.00771
d,0.209335,0.785274,0.009449,5.4e-05,0.00852
d,0.211171,0.794291,0.009243,0.000197,0.00932
d,0.212544,0.801661,0.009038,0.000342,0.010115
d,0.213516,0.8076,0.008836,0.000489,0.0109
d,0.214147,0.812317,0.008638,0.000636,0.011675
d,0.214496,0.816006,0.008444,0.000785,0.012439
d,0.214611,0.818844,0.008255,0.000935,0.013192
d,0.21454,0.820986,0.008071,0.001086,0.013932
d,0.214319,0.822563,0.007892,0.00124,0.014659
d,0.213982,0.823687,0.007719,0.001395,0.015371
d,0.213555,0.824447,0.007552,0.001553,0.016069
d,0.213058,0.824911,0.007391,0.001713,0.01675
d,0.212508,0.825133,0.007235,0.001876,0.017415
d,0.211916,0.825153,0.007085,0.002043,0.018063
d,0.211291,0.825,0.00694,0.002213,0.018692
d,0.210641,0.824696,0.006799,0.002387,0.019301
d,0.20997,0.824255,0.006664,0.002563,0.019892
d,0.209282,0.82369,0.006532,0.002742,0.020461
d,0.208582,0.82301,0.006404,0.002924,0.02101
d,0.207872,0.822227,0.00628,0.003107,0.021537
d,0.207156,0.821355,0.006159,0.003291,0.022042
d,0.20644,0.820408,0.006042,0.003475,0.022524
d,0.205727,0.819401,0.005929,0.003658,0.022985
d,0.20502,0.818347,0.00582,0.003838,0.023424
d,0.204324,0.817262,0.005716,0.004013,0.023843
d,0.203643,0.816165,0.005618,0.004182,0.024241
d,0.202983,0.815081,0.005525,0.004342,0.024619
d,0.20235,0.814028,0.005439,0.004492,0.02498
d,0.201745,0.813022,0.005359,0.004631,0.025324
d,0.20117,0.812064,0.005287,0.004756,0.02565
d,0.200618,0.811136,0.005222,0.004869,0.025961
d,0.200079,0.810201,0.005164,0.004968,0.026255
d,0.19954,0.809209,0.005113,0.005056,0.026532
d,0.198984,0.8081,0.005069,0.005133,0.026791
d,0.198394,0.806817,0.005033,0.0052,0.027032
d,0.197757,0.805302,0.005003,0.005259,0.027254
d,0.197058,0.803508,0.004979,0.005311,0.027455
d,0.196288,0.801393,0.004962,0.005356,0.027635
d,0.195437,0.798924,0.004951,0.005396,0.027793
d,0.194499,0.796072,0.004946,0.005431,0.027927
d,0.193468,0.792818,0.004948,0.005462,0.028036
d,0.192343,0.789156,0.004956,0.005488,0.028121
d,0.191127,0.785093,0.004971,0.005511,0.028181
d,0.189827,0.780651,0.004992,0.00553,0.028215
d,0.188453,0.775868,0.005021,0.005546,0.028223
d,0.187018,0.770788,0.005056,0.005559,0.028205
d,0.185535,0.76546,0.005099,0.005568,0.028162
d,0.184016,0.759925,0.00515,0.005574,0.028094
d,0.182472,0.754219,0.005208,0.005576,0.028002
d,0.180908,0.748369,0.005275,0.005574,0.027885
d,0.17933,0.742391,0.00535,0.005568,0.027744
d,0.177738,0.736291,0.005434,0.005559,0.02758
d,0.176128,0.730054,0.005526,0.005547,0.027394
d,0.174493,0.723653,0.005627,0.005531,0.027185
d,0.172818,0.717045,0.005736,0.005511,0.026954
d,0.17109,0.710181,0.005853,0.005488,0.026701
d,0.169292,0.702999,0.005979,0.005463,0.026426
d,0.167405,0.695436,0.006112,0.005434,0.02613
d,0.165412,0.687431,0.006254,0.005403,0.025811
d,0.163295,0.678921,0.006402,0.005369,0.025471
d,0.161038,0.669849,0.006558,0.005333,0.025108
d,0.158627,0.660163,0.00672,0.005296,0.024722
d,0.156046,0.649808,0.006889,0.005258,0.024313
d,0.153282,0.638736,0.007065,0.005218,0.02388
d,0.150321,0.626895,0.007246,0.005179,0.023423
d,0.147149,0.614237,0.007433,0.005139,0.022942
d,0.143752,0.600714,0.007625,0.005101,0.022436
d,0.140119,0.586282,0.007824,0.005065,0.021905
d,0.136238,0.570901,0.008028,0.005032,0.021349
d,0.132099,0.554539,0.008237,0.005001,0.020769
d,0.127694,0.537172,0.008451,0.004973,0.020165
d,0.123021,0.518791,0.00867,0.004948,0.019538
d,0.118079,0.499402,0.008894,0.004926,0.01889
d,0.112875,0.47903,0.009121,0.004907,0.018223
d,0.107418,0.457715,0.009352,0.004891,0.017537
d,0.101722,0.43551,0.009585,0.004875,0.016836
d,0.095804,0.412484,0.009819,0.004862,0.01612
d,0.089684,0.388713,0.010054,0.004849,0.015393
d,0.083383,0.364277,0.010286,0.004837,0.014655
d,0.076922,0.339253,0.010516,0.004827,0.01391
d,0.070317,0.313708,0.010741,0.004817,0.013159
d,0.063583,0.287703,0.01096,0.004808,0.012405
d,0.056735,0.261293,0.011173,0.0048,0.01165
d,0.049784,0.234527,0.011377,0.004791,0.010895
d,0.042741,0.207447,0.011573,0.004781,0.010144
d,0.03561,0.180072,0.01176,0.00477,0.0094
d,0.028388,0.1524,0.011936,0.004757,0.00866
d,0.021068,0.124404,0.012101,0.004742,0.00792
d,0.013638,0.096039,0.012254,0.004726,0.00719
d,0.006081,0.06724,0.012394,0.004708,0.00646
d,-0.001627,0.037923,0.01252,0.00469,0.00574
d,-0.009512,0.007989,0.012633,0.004672,0.00502
d,-0.017601,-0.022671,0.012731,0.004653,0.00429
d,-0.025921,-0.054152,0.012815,0.004634,0.00356
d,-0.034488,-0.086527,0.012885,0.004613,0.00282
d,-0.043312,-0.119828,0.012942,0.004591,0.00207
d,-0.052385,-0.15404,0.012985,0.004567,0.00131
d,-0.061692,-0.189104,0.013015,0.004539,0.000543
d,-0.071201,-0.224914,0.013034,0.004508,-0.000239
d,-0.080871,-0.261318,0.01304,0.004471,-0.00103
d,-0.090647,-0.298128,0.013036,0.004428,-0.00183
d,-0.10047,-0.335124,0.01302,0.004377,-0.00264
d,-0.110271,-0.372065,0.012994,0.004318,-0.00346
d,-0.119981,-0.4087,0.012958,0.004251,-0.00428
d,-0.129529,-0.444774,0.012913,0.004175,-0.0051
d,-0.138846,-0.48004,0.012858,0.004092,-0.00592
d,-0.147868,-0.514265,0.012795,0.004,-0.00674
d,-0.156535,-0.547237,0.012724,0.003902,-0.00756
d,-0.164795,-0.578764,0.012645,0.003796,-0.00837
d,-0.1726,-0.608677,0.01256,0.003685,-0.00917
d,-0.179913,-0.636837,0.012468,0.003568,-0.00996
d,-0.186705,-0.663136,0.012371,0.003446,-0.010744
d,-0.192958,-0.687508,0.012268,0.003321,-0.011514
d,-0.198664,-0.709926,0.01216,0.003192,-0.012271
d,-0.203829,-0.730402,0.012049,0.003061,-0.013013
d,-0.208467,-0.748988,0.011933,0.002928,-0.013741
d,-0.212601,-0.765762,0.011815,0.002796,-0.014453
d,-0.21626,-0.78082,0.011693,0.002664,-0.015151
d,-0.219474,-0.794273,0.011569,0.002534,-0.015832
d,-0.222278,-0.806243,0.011443,0.002407,-0.016499
d,-0.22471,-0.816858,0.011315,0.002283,-0.01715
d,-0.226807,-0.826254,0.011187,0.002162,-0.017786
d,-0.228608,-0.834566,0.011059,0.002046,-0.018408
d,-0.230151,-0.841931,0.010931,0.001934,-0.019015
d,-0.231474,-0.848477,0.010803,0.001827,-0.019609
d,-0.232609,-0.854326,0.010677,0.001725,-0.020189
d,-0.233587,-0.859584,0.010553,0.001629,-0.020756
d,-0.234436,-0.864348,0.010431,0.001538,-0.02131
d,-0.235181,-0.868701,0.010312,0.001452,-0.021851
d,-0.23584,-0.872715,0.010197,0.001371,-0.022379
d,-0.236432,-0.876447,0.010085,0.001295,-0.022893
d,-0.23697,-0.879945,0.009978,0.001224,-0.023393
d,-0.237465,-0.883246,0.009875,0.001158,-0.023878
d,-0.237928,-0.886378,0.009778,0.001096,-0.024346
d,-0.238363,-0.889363,0.009686,0.001038,-0.024798
d,-0.238776,-0.89221,0.009599,0.000984,-0.025232
d,-0.239167,-0.894915,0.009519,0.000932,-0.025646
d,-0.239532,-0.897463,0.009444,0.000883,-0.026039
d,-0.239865,-0.899829,0.009375,0.000834,-0.02641
d,-0.24016,-0.901981,0.009311,0.000786,-0.026757
d,-0.240404,-0.903879,0.009253,0.000736,-0.02708
d,-0.240587,-0.905476,0.0092,0.000684,-0.027376
d,-0.240691,-0.906717,0.009152,0.000629,-0.027647
d,-0.240701,-0.907543,0.00911,0.000572,-0.027892
d,-0.240599,-0.907891,0.009071,0.000512,-0.028111
d,-0.240366,-0.907701,0.009038,0.000451,-0.028304
d,-0.239985,-0.906913,0.009009,0.000389,-0.028472
d,-0.23944,-0.90547,0.008985,0.000326,-0.028616
d,-0.238717,-0.903327,0.008966,0.000265,-0.028737
d,-0.237803,-0.900446,0.008952,0.000205,-0.028835
d,-0.236692,-0.896802,0.008943,0.000148,-0.028911
d,-0.235379,-0.892386,0.008939,9.4e-05,-0.028966
d,-0.233868,-0.887208,0.008941,4.5e-05,-0.029001
d,-0.232164,-0.881294,0.008948,0,-0.029016
d,-0.230281,-0.874692,0.008961,-3.9e-05,-0.029012
d,-0.228237,-0.867468,0.008981,-7.2e-05,-0.02899
d,-0.226055,-0.859698,0.009007,-9.9e-05,-0.028949
d,-0.223758,-0.851468,0.009039,-0.00012,-0.02889
d,-0.22137,-0.842862,0.009079,-0.000133,-0.028813
d,-0.218914,-0.833957,0.009126,-0.000139,-0.028718
d,-0.216407,-0.824817,0.00918,-0.000138,-0.028605
d,-0.213862,-0.815485,0.009241,-0.000129,-0.028473
d,-0.211285,-0.805978,0.00931,-0.000113,-0.028322
d,-0.208675,-0.796288,0.009386,-9.2e-05,-0.028151
d,-0.206023,-0.786385,0.00947,-6.6e-05,-0.027959
d,-0.203317,-0.776221,0.009562,-3.8e-05,-0.027745
d,-0.200541,-0.765738,0.00966,-8e-06,-0.027507
d,-0.197677,-0.75487,0.009765,2e-05,-0.027245
d,-0.194706,-0.743544,0.009877,4.6e-05,-0.026959
d,-0.191605,-0.731684,0.009995,6.9e-05,-0.026647
d,-0.188351,-0.719207,0.010118,8.8e-05,-0.02631
d,-0.18492,-0.706031,0.010246,0.000103,-0.025949
d,-0.181286,-0.692066,0.010378,0.000114,-0.025563
d,-0.177424,-0.677227,0.010513,0.00012,-0.025155
d,-0.173309,-0.661434,0.010651,0.000124,-0.024724
d,-0.16892,-0.644614,0.010791,0.000124,-0.024273
d,-0.164238,-0.626707,0.010933,0.000122,-0.023803
d,-0.159249,-0.607669,0.011076,0.000119,-0.023315
d,-0.153943,-0.58747,0.011221,0.000115,-0.02281
d,-0.148318,-0.566105,0.011366,0.00011,-0.022291
d,-0.142377,-0.543589,0.011512,0.000107,-0.021759
d,-0.136129,-0.519961,0.011659,0.000104,-0.021214
d,-0.129592,-0.495284,0.011806,0.000102,-0.020658
d,-0.122788,-0.469637,0.011953,0.000101,-0.020091
d,-0.115743,-0.443117,0.0121,0.000101,-0.019515
d,-0.108487,-0.415831,0.012247,0.000103,-0.01893
d,-0.101053,-0.387896,0.012394,0.000107,-0.018338
d,-0.093473,-0.359434,0.012541,0.000112,-0.017739
d,-0.085784,-0.330572,0.012686,0.00012,-0.017136
d,-0.078019,-0.301435,0.01283,0.00013,-0.01653
d,-0.070212,-0.272146,0.012971,0.000142,-0.015921
d,-0.062395,-0.242818,0.01311,0.000156,-0.015313
d,-0.054594,-0.213549,0.013244,0.000174,-0.014705
d,-0.04683,-0.184413,0.013373,0.000195,-0.014098
d,-0.039114,-0.155453,0.013497,0.000219,-0.013493
d,-0.031449,-0.126676,0.013615,0.000246,-0.01289
d,-0.023826,-0.09805,0.013725,0.000277,-0.012288
d,-0.016226,-0.069503,0.013828,0.000312,-0.011686
d,-0.008621,-0.040931,0.013922,0.00035,-0.011081
d,-0.000976,-0.012206,0.014008,0.000392,-0.010472
d,0.006745,0.016806,0.014084,0.000437,-0.00986
d,0.014575,0.046232,0.014151,0.000486,-0.00923
d,0.022543,0.076178,0.014207,0.000539,-0.0086
d,0.030669,0.106722,0.014252,0.000595,-0.00795
d,0.038965,0.137903,0.014286,0.000656,-0.00728
d,0.047428,0.16972,0.014308,0.00072,-0.0066
d,0.056046,0.202125,0.014318,0.000788,-0.00591
d,0.06479,0.235022,0.014316,0.000859,-0.0052
d,0.073623,0.268278,0.014301,0.000934,-0.00448
d,0.082499,0.301725,0.014274,0.001012,-0.00374
d,0.091364,0.335173,0.014234,0.001092,-0.00299
d,0.100159,0.368408,0.014181,0.001175,-0.00223
d,0.10882,0.401206,0.014116,0.001258,-0.00146
d,0.117286,0.433339,0.014039,0.001343,-0.000688
d,0.125494,0.46459,0.013951,0.001428,9.3e-05
d,0.133387,0.494751,0.013853,0.001515,0.000876
d,0.140916,0.523637,0.013745,0.001602,0.00166
d,0.148035,0.551088,0.013627,0.001691,0.00244
d,0.154709,0.576972,0.013502,0.001782,0.00323
d,0.16091,0.601188,0.013369,0.001873,0.004
d,0.166623,0.623676,0.013229,0.001966,0.00477
d,0.17184,0.644411,0.013083,0.002059,0.00554
d,0.176566,0.6634,0.012932,0.002153,0.0063
d,0.18081,0.680676,0.012777,0.002247,0.00705
d,0.184588,0.696298,0.012617,0.002341,0.00779
d,0.187925,0.710346,0.012455,0.002436,0.00852
d,0.190847,0.722914,0.012291,0.002531,0.00925
d,0.193383,0.734105,0.012126,0.002627,0.00996
d,0.195564,0.744024,0.01196,0.002724,0.010669
d,0.197419,0.752778,0.011794,0.002822,0.011369
d,0.198981,0.760478,0.011629,0.00292,0.012059
d,0.200284,0.767243,0.011465,0.00302,0.012741
d,0.20136,0.773184,0.011302,0.003121,0.013414
d,0.202241,0.778408,0.01114,0.003225,0.014076
d,0.202954,0.783008,0.010979,0.00333,0.014727
d,0.203525,0.787072,0.010819,0.003439,0.015366
d,0.203978,0.790679,0.01066,0.00355,0.015992
d,0.204334,0.793903,0.010503,0.003664,0.016604
d,0.204613,0.796811,0.010347,0.00378,0.017202
d,0.204833,0.799463,0.010195,0.003897,0.017784
d,0.205008,0.801909,0.010045,0.004016,0.018351
d,0.20515,0.804188,0.009899,0.004135,0.018902
d,0.205267,0.806326,0.009758,0.004252,0.019438
d,0.205361,0.808335,0.009622,0.004369,0.019957
d,0.205435,0.810217,0.009491,0.004485,0.020459
d,0.205487,0.811968,0.009366,0.0046,0.020945
d,0.205514,0.813578,0.009246,0.004715,0.021413
d,0.205515,0.815035,0.009132,0.00483,0.021864
d,0.205484,0.816325,0.009023,0.004944,0.022296
d,0.205418,0.817434,0.008919,0.005059,0.022711
d,0.205312,0.81835,0.008821,0.005173,0.023109
d,0.205164,0.81906,0.008729,0.005285,0.023489
d,0.20497,0.819557,0.008643,0.005395,0.023852
d,0.20473,0.819836,0.008564,0.005503,0.024199
d,0.204444,0.8199,0.008491,0.005607,0.024529
d,0.204114,0.819759,0.008424,0.005707,0.024842
d,0.203744,0.819426,0.008363,0.005802,0.02514
d,0.203338,0.818913,0.008309,0.005892,0.025421
d,0.202899,0.818231,0.00826,0.005977,0.025686
d,0.202426,0.817381,0.008217,0.006056,0.025935
d,0.201919,0.816359,0.008178,0.006129,0.026168
d,0.201374,0.815154,0.008145,0.006196,0.026385
d,0.200787,0.813749,0.008117,0.006258,0.026586
d,0.200153,0.812125,0.008093,0.006314,0.02677
d,0.199467,0.810258,0.008073,0.006365,0.026936
d,0.19872,0.808122,0.008058,0.006412,0.027084
d,0.197906,0.805689,0.008047,0.006456,0.027212
d,0.197017,0.802926,0.00804,0.006496,0.02732
d,0.196043,0.799801,0.008037,0.006535,0.027407
d,0.194977,0.79628,0.008039,0.006571,0.027473
d,0.193812,0.792342,0.008046,0.006606,0.027516
d,0.192545,0.787972,0.008056,0.00664,0.027536
d,0.191176,0.783172,0.008072,0.006672,0.027533
d,0.189712,0.777962,0.008093,0.006703,0.027507
d,0.188162,0.772378,0.00812,0.006734,0.027457
d,0.186542,0.766472,0.008152,0.006763,0.027385
d,0.184866,0.7603,0.008191,0.00679,0.02729
d,0.183151,0.753921,0.008235,0.006815,0.027174
d,0.181414,0.7474,0.008287,0.006837,0.027037
d,0.179672,0.740796,0.008345,0.006854,0.02688
d,0.177937,0.734157,0.00841,0.006864,0.026704
d,0.176216,0.72751,0.008483,0.006868,0.026512
d,0.174508,0.720858,0.008564,0.006864,0.026303
d,0.172809,0.714186,0.008651,0.006851,0.026079
d,0.17111,0.707465,0.008747,0.00683,0.025839
d,0.169397,0.70065,0.00885,0.006801,0.025585
d,0.167655,0.693684,0.008961,0.006765,0.025317
d,0.165864,0.6865,0.009079,0.006722,0.025033
d,0.164003,0.67902,0.009204,0.006673,0.024734
d,0.162049,0.671162,0.009337,0.00662,0.024418
d,0.159978,0.662842,0.009476,0.006564,0.024087
d,0.157765,0.653969,0.009622,0.006505,0.023739
d,0.155383,0.644454,0.009775,0.006445,0.023373
d,0.15281,0.634211,0.009935,0.006384,0.022991
d,0.150025,0.623166,0.010101,0.006323,0.02259
d,0.14701,0.611258,0.010273,0.006264,0.02217
d,0.143752,0.598437,0.010452,0.006208,0.021732
d,0.14024,0.584666,0.010634,0.006157,0.021273
d,0.136468,0.569917,0.010821,0.00611,0.020795
d,0.13243,0.554173,0.01101,0.006069,0.020297
d,0.128124,0.537428,0.0112,0.006035,0.019779
d,0.123553,0.519695,0.011392,0.006006,0.019242
d,0.118724,0.501,0.011585,0.005983,0.018686
d,0.113648,0.481383,0.011777,0.005965,0.018114
d,0.108339,0.4609,0.011969,0.005951,0.017526
d,0.102814,0.439617,0.012161,0.005939,0.016924
d,0.097094,0.41761,0.012351,0.005931,0.01631
d,0.0912,0.394963,0.01254,0.005924,0.015685
d,0.085159,0.37177,0.012727,0.005918,0.015051
d,0.078995,0.348127,0.012911,0.005914,0.014411
d,0.072734,0.324129,0.013091,0.00591,0.013765
d,0.0664,0.299865,0.013268,0.005907,0.013117
d,0.060015,0.275423,0.013441,0.005904,0.012469
d,0.053602,0.250882,0.013609,0.0059,0.011822
d,0.047178,0.22632,0.013772,0.005896,0.011178
d,0.040763,0.201804,0.013931,0.005891,0.01054
d,0.034372,0.177394,0.014085,0.005883,0.00991
d,0.028017,0.153132,0.014234,0.005872,0.00928
d,0.021701,0.129036,0.014377,0.005857,0.00867
d,0.015422,0.105092,0.014514,0.00584,0.00806
d,0.009168,0.081255,0.014644,0.005819,0.00746
d,0.002918,0.057446,0.014766,0.005795,0.00686
d,-0.003356,0.033561,0.014881,0.005768,0.00626
d,-0.009688,0.009471,0.014988,0.00574,0.00567
d,-0.016112,-0.014958,0.015086,0.005711,0.00506
d,-0.022665,-0.039858,0.015176,0.00568,0.00446
d,-0.029375,-0.065342,0.015256,0.005647,0.00384
d,-0.036268,-0.091501,0.015328,0.005611,0.00321
d,-0.04336,-0.118398,0.015391,0.005572,0.00257
d,-0.050662,-0.146071,0.015445,0.005528,0.00191
d,-0.058174,-0.174528,0.015489,0.005479,0.00124
d,-0.065892,-0.203744,0.015523,0.005424,0.000562
d,-0.0738,-0.233666,0.015548,0.005364,-0.000133
d,-0.081874,-0.264211,0.015562,0.005299,-0.00084
d,-0.090084,-0.29527,0.015565,0.00523,-0.00156
d,-0.098394,-0.326712,0.015557,0.005157,-0.00229
d,-0.106763,-0.358392,0.015538,0.005083,-0.00303
d,-0.115147,-0.39015,0.015507,0.005008,-0.00377
d,-0.123498,-0.421819,0.015466,0.004934,-0.00453
d,-0.13177,-0.453226,0.015413,0.00486,-0.00529
d,-0.139915,-0.484201,0.015351,0.004789,-0.00605
d,-0.147886,-0.514574,0.015278,0.00472,-0.00682
d,-0.15564,-0.544186,0.015197,0.004653,-0.00758
d,-0.163135,-0.57289,0.015107,0.004589,-0.00835
d,-0.170337,-0.600554,0.01501,0.004526,-0.00911
d,-0.177212,-0.627056,0.014908,0.004464,-0.00986
d,-0.183732,-0.652293,0.014799,0.004402,-0.010609
d,-0.189873,-0.676175,0.014687,0.00434,-0.011348
d,-0.195616,-0.698633,0.014571,0.004276,-0.012077
d,-0.200947,-0.719614,0.014451,0.004212,-0.012796
d,-0.205857,-0.739086,0.014329,0.004146,-0.013503
d,-0.210342,-0.757035,0.014204,0.00408,-0.014199
d,-0.214407,-0.773476,0.014077,0.004012,-0.014884
d,-0.218061,-0.788442,0.013948,0.003944,-0.015558
d,-0.22132,-0.801991,0.013817,0.003876,-0.016221
d,-0.224205,-0.814193,0.013685,0.003808,-0.016872
d,-0.226739,-0.825135,0.01355,0.003741,-0.017513
d,-0.228952,-0.834911,0.013414,0.003675,-0.018142
d,-0.23087,-0.843622,0.013278,0.00361,-0.01876
d,-0.232522,-0.85136,0.013141,0.003545,-0.019365
d,-0.233935,-0.858221,0.013004,0.003479,-0.019958
d,-0.235137,-0.864295,0.012869,0.003412,-0.020535
d,-0.236153,-0.869667,0.012735,0.003342,-0.021098
d,-0.237006,-0.874416,0.012605,0.003266,-0.021643
d,-0.23772,-0.878618,0.012477,0.003185,-0.02217
d,-0.238316,-0.882346,0.012354,0.003097,-0.022679
d,-0.238813,-0.885667,0.012236,0.003001,-0.023167
d,-0.239229,-0.888636,0.012123,0.002897,-0.023636
d,-0.239575,-0.891295,0.012016,0.002787,-0.024084
d,-0.239862,-0.893679,0.011917,0.002669,-0.024511
d,-0.240096,-0.895813,0.011824,0.002546,-0.024918
d,-0.240283,-0.897717,0.011738,0.002417,-0.025304
d,-0.240428,-0.899405,0.011661,0.002285,-0.025669
d,-0.240531,-0.900883,0.01159,0.002151,-0.026015
d,-0.240592,-0.902152,0.011527,0.002016,-0.026342
d,-0.240608,-0.903203,0.011471,0.001884,-0.02665
d,-0.240574,-0.904024,0.011422,0.001756,-0.026941
d,-0.240483,-0.904594,0.01138,0.001635,-0.027216
d,-0.240329,-0.904892,0.011344,0.001522,-0.027475
d,-0.240104,-0.904897,0.011314,0.001421,-0.02772
d,-0.239802,-0.904584,0.011289,0.001332,-0.02795
d,-0.239416,-0.903932,0.01127,0.001256,-0.028167
d,-0.238939,-0.902918,0.011256,0.001194,-0.02837
d,-0.238366,-0.901524,0.011246,0.001145,-0.028559
d,-0.237691,-0.899727,0.01124,0.001109,-0.028733
d,-0.236909,-0.897505,0.011237,0.001084,-0.028893
d,-0.236015,-0.89484,0.011237,0.00107,-0.029036
d,-0.235005,-0.891716,0.011239,0.001064,-0.029164
d,-0.233877,-0.888126,0.011243,0.001065,-0.029274
d,-0.232634,-0.884077,0.011249,0.001071,-0.029367
d,-0.231284,-0.879591,0.011255,0.00108,-0.029442
d,-0.229837,-0.874709,0.011263,0.001093,-0.029498
d,-0.22831,-0.869484,0.011273,0.001107,-0.029536
d,-0.226721,-0.863982,0.011283,0.001122,-0.029554
d,-0.225092,-0.858276,0.011296,0.001139,-0.029552
d,-0.223443,-0.852434,0.01131,0.001156,-0.029531
d,-0.221789,-0.846514,0.011327,0.001174,-0.02949
d,-0.220143,-0.840555,0.011347,0.001192,-0.029429
d,-0.218508,-0.834572,0.01137,0.001211,-0.029348
d,-0.216882,-0.828554,0.011397,0.001229,-0.029247
d,-0.215256,-0.822467,0.011429,0.001247,-0.029124
d,-0.213612,-0.816247,0.011467,0.001263,-0.02898
d,-0.211927,-0.809807,0.011512,0.001277,-0.028813
d,-0.210169,-0.803041,0.011565,0.001287,-0.028622
d,-0.208308,-0.795832,0.011627,0.001292,-0.028407
d,-0.20631,-0.788061,0.011697,0.001292,-0.028167
d,-0.204141,-0.779614,0.011778,0.001287,-0.027902
d,-0.20177,-0.770374,0.01187,0.001276,-0.027611
d,-0.199163,-0.760229,0.011971,0.001259,-0.027295
d,-0.196287,-0.749062,0.012084,0.001239,-0.026954
d,-0.19311,-0.736765,0.012206,0.001216,-0.026589
d,-0.189604,-0.723237,0.012338,0.001191,-0.0262
d,-0.185743,-0.708395,0.012479,0.001165,-0.025789
d,-0.18151,-0.692177,0.012627,0.001139,-0.025355
d,-0.176895,-0.674551,0.012782,0.001113,-0.0249
d,-0.171894,-0.655512,0.012943,0.001089,-0.024424
d,-0.166513,-0.635078,0.013107,0.001068,-0.023929
d,-0.16076,-0.613286,0.013275,0.001049,-0.023416
d,-0.154652,-0.590193,0.013444,0.001035,-0.022886
d,-0.148209,-0.565877,0.013615,0.001025,-0.02234
d,-0.141456,-0.540433,0.013785,0.00102,-0.02178
d,-0.134426,-0.513977,0.013955,0.00102,-0.021207
d,-0.127155,-0.486642,0.014123,0.001025,-0.020623
d,-0.119684,-0.458574,0.014288,0.001035,-0.02003
d,-0.112057,-0.429936,0.01445,0.001049,-0.019428
d,-0.104321,-0.400898,0.014608,0.001068,-0.018821
d,-0.096524,-0.371631,0.014762,0.001092,-0.018209
d,-0.08871,-0.3423,0.014909,0.001121,-0.017596
d,-0.080923,-0.313061,0.01505,0.001155,-0.016982
d,-0.073201,-0.284052,0.015185,0.001194,-0.016369
d,-0.065575,-0.25539,0.015313,0.001238,-0.015759
d,-0.058068,-0.227157,0.015434,0.001287,-0.015153
d,-0.050693,-0.199401,0.015547,0.001339,-0.014552
d,-0.043453,-0.172131,0.015654,0.001394,-0.013954
d,-0.03634,-0.145315,0.015753,0.001452,-0.01336
d,-0.029336,-0.118885,0.015845,0.001511,-0.012768
d,-0.022412,-0.092737,0.01593,0.00157,-0.012176
d,-0.01553,-0.066732,0.016009,0.00163,-0.011582
d,-0.008645,-0.040698,0.016081,0.001688,-0.010983
d,-0.001703,-0.014444,0.016146,0.001746,-0.010377
d,0.005347,0.012226,0.016205,0.001803,-0.00976
d,0.012554,0.03948,0.016258,0.001858,-0.00913
d,0.019951,0.067453,0.016304,0.001913,-0.00849
d,0.027565,0.09623,0.016344,0.001967,-0.00783
d,0.035405,0.125853,0.016377,0.00202,-0.00715
d,0.043468,0.156311,0.016401,0.002073,-0.00646
d,0.051739,0.18754,0.016418,0.002126,-0.00576
d,0.060186,0.219434,0.016426,0.002181,-0.00504
d,0.06877,0.251846,0.016425,0.002237,-0.0043
d,0.077443,0.284599,0.016414,0.002295,-0.00356
d,0.086149,0.317494,0.016393,0.002357,-0.00281
d,0.094828,0.350317,0.016361,0.002421,-0.00206
d,0.10342,0.382845,0.016318,0.002489,-0.0013
d,0.111862,0.414854,0.016264,0.002561,-0.000534
d,0.120094,0.446128,0.016198,0.002637,0.000228
d,0.12806,0.476465,0.01612,0.002716,0.000988
d,0.135709,0.505685,0.016031,0.0028,0.00175
d,0.142997,0.53363,0.01593,0.002887,0.0025
d,0.149887,0.560169,0.015818,0.002977,0.00325
d,0.156349,0.585197,0.015696,0.003069,0.00399
d,0.16236,0.608634,0.015565,0.003163,0.00474
d,0.167906,0.630428,0.015424,0.003257,0.00547
d,0.172978,0.650548,0.015276,0.003352,0.00621
d,0.177575,0.66899,0.015121,0.003446,0.00693
d,0.181704,0.685777,0.01496,0.003541,0.00766
d,0.18538,0.700958,0.014793,0.003636,0.00837
d,0.188622,0.714601,0.014622,0.003732,0.00908
d,0.191454,0.726789,0.014448,0.003828,0.00979
d,0.193906,0.73762,0.014271,0.003926,0.010483
d,0.196007,0.747202,0.014094,0.004025,0.011172
d,0.197794,0.755651,0.013916,0.004125,0.011852
d,0.1993,0.76309,0.013738,0.004229,0.012522
d,0.200562,0.769643,0.013563,0.004334,0.013183
d,0.201615,0.775433,0.01339,0.004442,0.013834
d,0.202496,0.780585,0.013221,0.004551,0.014474
d,0.20324,0.785224,0.013056,0.004661,0.015104
d,0.203879,0.789462,0.012896,0.00477,0.015723
d,0.204442,0.7934,0.012743,0.004876,0.016332
d,0.204955,0.797129,0.012596,0.00498,0.01693
d,0.205439,0.80072,0.012457,0.005079,0.017517
d,0.205908,0.804226,0.012326,0.005172,0.018093
d,0.206373,0.807676,0.012202,0.00526,0.018657
d,0.206834,0.811074,0.012086,0.005343,0.019209
d,0.207289,0.814403,0.011978,0.005421,0.019747
d,0.207729,0.817635,0.011875,0.005495,0.02027
d,0.208147,0.820731,0.011778,0.005568,0.020775
d,0.208532,0.823652,0.011685,0.005641,0.021262
d,0.208875,0.82636,0.011596,0.005716,0.021729
d,0.209167,0.828823,0.011508,0.005794,0.022175
d,0.209402,0.831012,0.011422,0.005877,0.022597
d,0.209574,0.832901,0.011335,0.005966,0.022996
d,0.209675,0.834467,0.011248,0.006061,0.023371
d,0.2097,0.835685,0.011161,0.006163,0.023721
d,0.209642,0.836535,0.011072,0.006272,0.024047
d,0.209495,0.836998,0.010983,0.006386,0.024349
d,0.209254,0.837059,0.010893,0.006504,0.024629
d,0.208914,0.836707,0.010804,0.006625,0.024889
d,0.208473,0.835936,0.010717,0.006746,0.025128
d,0.207928,0.834745,0.010632,0.006865,0.025349
d,0.207278,0.833127,0.010551,0.00698,0.025553
d,0.206518,0.831074,0.010475,0.00709,0.02574
d,0.205646,0.828579,0.010406,0.007192,0.025912
d,0.204661,0.825634,0.010343,0.007285,0.026068
d,0.20356,0.822236,0.010289,0.007369,0.026209
d,0.202343,0.81838,0.010244,0.007445,0.026334
d,0.201012,0.814067,0.010209,0.00751,0.026441
d,0.199568,0.809306,0.010184,0.007567,0.026531
d,0.198019,0.804117,0.01017,0.007615,0.026603
d,0.196377,0.798541,0.010168,0.007655,0.026656
d,0.194657,0.792628,0.010177,0.007686,0.026689
d,0.192877,0.786439,0.010199,0.007709,0.026702
d,0.191056,0.780043,0.010232,0.007724,0.026695
d,0.189214,0.773507,0.010278,0.00773,0.026668
d,0.18737,0.766902,0.010335,0.007727,0.026621
d,0.185543,0.76029,0.010405,0.007716,0.026553
d,0.183746,0.753722,0.010486,0.007695,0.026467
d,0.181988,0.747225,0.010577,0.007666,0.026361
d,0.18027,0.740806,0.010679,0.007628,0.026236
d,0.178588,0.73445,0.010789,0.007583,0.02609
d,0.176932,0.72812,0.010907,0.007532,0.025925
d,0.175287,0.721757,0.011032,0.007477,0.025737
d,0.17363,0.715278,0.011162,0.007419,0.025528
d,0.171933,0.708584,0.011296,0.00736,0.025294
d,0.170165,0.701557,0.011433,0.007302,0.025034
d,0.168291,0.694074,0.011574,0.007247,0.024748
d,0.166276,0.686005,0.011717,0.007196,0.024434
d,0.164084,0.677223,0.011863,0.007151,0.02409
d,0.16168,0.667602,0.012011,0.007112,0.023717
d,0.15903,0.657026,0.012164,0.007079,0.023315
d,0.156104,0.645392,0.01232,0.007052,0.022883
d,0.152878,0.632613,0.012481,0.007029,0.022423
d,0.149329,0.618615,0.012646,0.007011,0.021935
d,0.145442,0.603348,0.012817,0.006997,0.02142
d,0.141207,0.586779,0.012992,0.006986,0.02088
d,0.13662,0.5689,0.013173,0.006978,0.020316
d,0.131685,0.549732,0.013359,0.006973,0.019729
d,0.126414,0.529318,0.013549,0.006971,0.019121
d,0.120824,0.507725,0.013743,0.00697,0.018494
d,0.114938,0.485046,0.013941,0.006971,0.01785
d,0.10879,0.461401,0.014141,0.006973,0.017192
d,0.102419,0.436937,0.014343,0.006977,0.016523
d,0.095871,0.411826,0.014545,0.006981,0.015844
d,0.089195,0.386248,0.014748,0.006986,0.01516
d,0.082441,0.36039,0.014948,0.006991,0.014474
d,0.075657,0.33443,0.015147,0.006997,0.013787
d,0.068889,0.308535,0.015341,0.007005,0.013105
d,0.062178,0.282859,0.015531,0.007014,0.012428
d,0.055558,0.257533,0.015715,0.007024,0.011761
d,0.049058,0.23266,0.015892,0.007037,0.011104
d,0.042695,0.208304,0.016062,0.00705,0.010459
d,0.036472,0.184487,0.016224,0.007065,0.00983
d,0.030383,0.16118,0.016377,0.007079,0.00921
d,0.024404,0.138299,0.016522,0.007092,0.00861
d,0.018497,0.115705,0.016658,0.007103,0.00801
d,0.012606,0.093192,0.016784,0.007111,0.00743
d,0.006662,0.0705,0.016901,0.007114,0.00684
d,0.00058,0.047317,0.017009,0.007112,0.00626
d,-0.005731,0.023295,0.017108,0.007103,0.00566
d,-0.012369,-0.00193,0.017196,0.007086,0.00504
d,-0.019428,-0.028714,0.017275,0.00706,0.0044
d,-0.02699,-0.057374,0.017342,0.007023,0.00372
d,-0.035121,-0.088165,0.017398,0.006974,0.003
d,-0.043867,-0.121275,0.017441,0.006913,0.00223
d,-0.053253,-0.156809,0.01747,0.006839,0.0014
d,-0.063278,-0.194786,0.017483,0.006751,0.000503
d,-0.073918,-0.235129,0.017478,0.006651,-0.000457
d,-0.08512,-0.277665,0.017454,0.006537,-0.00149
d,-0.096804,-0.322117,0.01741,0.006413,-0.00259
d,-0.108865,-0.368116,0.017343,0.006277,-0.00376
e,-0.114998,-0.391554,0.017301,0.006205,-0.00437
e,-0.127378,-0.438986,0.017199,0.006055,-0.00564
e,-0.139781,-0.48669,0.017072,0.005897,-0.00697
e,-0.152047,-0.534081,0.016921,0.00573,-0.00835
e,-0.164015,-0.580575,0.016747,0.005557,-0.00977
e,-0.175533,-0.625612,0.01655,0.005375,-0.011232
e,-0.186462,-0.668677,0.016332,0.005188,-0.012721
e,-0.196682,-0.709321,0.016094,0.004994,-0.014229
e,-0.206092,-0.747165,0.015839,0.004794,-0.015749
e,-0.214613,-0.781913,0.015568,0.004589,-0.017272
e,-0.222193,-0.813356,0.015283,0.00438,-0.018792
e,-0.228804,-0.841377,0.014987,0.004166,-0.020302
e,-0.234444,-0.865952,0.014683,0.003948,-0.021799
e,-0.239132,-0.887139,0.014371,0.003726,-0.023277
e,-0.24291,-0.905067,0.014055,0.0035,-0.024733
e,-0.245832,-0.919918,0.013737,0.003269,-0.026164
e,-0.247967,-0.931924,0.013419,0.003032,-0.027568
e,-0.24939,-0.941349,0.013102,0.00279,-0.028943
e,-0.250184,-0.948478,0.012788,0.002541,-0.030288
e,-0.250435,-0.953606,0.012479,0.002286,-0.031604
e,-0.250226,-0.957031,0.012176,0.002025,-0.032891
e,-0.249639,-0.959041,0.01188,0.001757,-0.034149
e,-0.248752,-0.959908,0.011592,0.001483,-0.035377
e,-0.247636,-0.959881,0.011314,0.001203,-0.036578
e,-0.246356,-0.959189,0.011045,0.000918,-0.037752
e,-0.244967,-0.958034,0.010787,0.000628,-0.038898
e,-0.243521,-0.956588,0.01054,0.000333,-0.040018
e,-0.242055,-0.95499,0.010304,3.5e-05,-0.041111
e,-0.240602,-0.953346,0.01008,-0.000267,-0.042178
e,-0.239183,-0.951734,0.009869,-0.000572,-0.043216
e,-0.237814,-0.950207,0.00967,-0.000878,-0.044227
e,-0.236506,-0.948795,0.009485,-0.001186,-0.045207
e,-0.235262,-0.947507,0.009314,-0.001495,-0.046157
e,-0.23408,-0.946329,0.009157,-0.001804,-0.047073
e,-0.232955,-0.945237,0.009014,-0.002113,-0.047954
e,-0.231879,-0.944199,0.008886,-0.002421,-0.048799
e,-0.230846,-0.943185,0.008772,-0.002727,-0.049605
e,-0.22985,-0.942171,0.008672,-0.00303,-0.050371
e,-0.228886,-0.941141,0.008585,-0.003328,-0.051096
e,-0.227952,-0.940076,0.008513,-0.003619,-0.051779
e,-0.227041,-0.93896,0.008453,-0.003902,-0.052421
e,-0.226146,-0.937764,0.008405,-0.004176,-0.053021
e,-0.225255,-0.93645,0.008367,-0.004437,-0.05358
e,-0.224354,-0.934967,0.008339,-0.004687,-0.054098
e,-0.223425,-0.933261,0.008319,-0.004922,-0.054576
e,-0.222453,-0.931276,0.008306,-0.005144,-0.055015
e,-0.221421,-0.92896,0.008298,-0.00535,-0.055417
e,-0.220314,-0.92626,0.008295,-0.00554,-0.055781
e,-0.219117,-0.923131,0.008294,-0.005714,-0.056109
e,-0.217818,-0.91953,0.008295,-0.005871,-0.056403
e,-0.216407,-0.915428,0.008297,-0.006011,-0.056662
e,-0.214878,-0.910803,0.008299,-0.006133,-0.056887
e,-0.213227,-0.905648,0.008302,-0.006237,-0.05708
e,-0.211455,-0.899964,0.008305,-0.006322,-0.057241
e,-0.209565,-0.893768,0.008309,-0.006388,-0.05737
e,-0.207568,-0.887094,0.008313,-0.006436,-0.057468
e,-0.205476,-0.879983,0.00832,-0.006465,-0.057533
e,-0.203304,-0.87249,0.008329,-0.006477,-0.057567
e,-0.201071,-0.864674,0.008342,-0.006473,-0.057568
e,-0.198795,-0.856601,0.00836,-0.006454,-0.057534
e,-0.196494,-0.848329,0.008385,-0.006424,-0.057466
e,-0.194182,-0.839902,0.008417,-0.006383,-0.057362
e,-0.191866,-0.831338,0.008458,-0.006333,-0.057221
e,-0.189544,-0.82263,0.008511,-0.006277,-0.05704
e,-0.187212,-0.813751,0.008575,-0.006217,-0.056819
e,-0.184856,-0.804654,0.008653,-0.006155,-0.056555
e,-0.18246,-0.795275,0.008747,-0.006092,-0.056247
e,-0.180003,-0.785531,0.008856,-0.00603,-0.055892
e,-0.177457,-0.77532,0.008983,-0.005971,-0.05549
e,-0.174792,-0.764536,0.009128,-0.005915,-0.055038
e,-0.171979,-0.753067,0.009292,-0.005864,-0.054535
e,-0.168985,-0.740797,0.009475,-0.005818,-0.053981
e,-0.165779,-0.72762,0.009677,-0.005777,-0.053375
e,-0.162334,-0.713436,0.009898,-0.00574,-0.052716
e,-0.158625,-0.698163,0.010136,-0.005707,-0.052006
e,-0.154633,-0.681734,0.010392,-0.005677,-0.051245
e,-0.150343,-0.664104,0.010664,-0.005649,-0.050435
e,-0.145748,-0.645251,0.010952,-0.005623,-0.049576
e,-0.140848,-0.62518,0.011253,-0.005597,-0.048672
e,-0.135649,-0.603921,0.011566,-0.005571,-0.047723
e,-0.130165,-0.581528,0.011891,-0.005544,-0.046732
e,-0.124415,-0.558073,0.012226,-0.005517,-0.045701
e,-0.118423,-0.533646,0.012569,-0.005489,-0.044632
e,-0.112219,-0.508362,0.012918,-0.00546,-0.043526
e,-0.105837,-0.482344,0.013273,-0.005432,-0.042386
e,-0.099313,-0.455726,0.013632,-0.005402,-0.041215
e,-0.092681,-0.428638,0.013992,-0.005372,-0.040015
e,-0.085974,-0.401207,0.014352,-0.005341,-0.03879
e,-0.079223,-0.37354,0.014711,-0.005309,-0.03754
e,-0.072451,-0.345733,0.015067,-0.005276,-0.036269
e,-0.065676,-0.317856,0.015419,-0.005244,-0.03498
e,-0.05891,-0.289951,0.015764,-0.005213,-0.033672
e,-0.052152,-0.262022,0.016101,-0.005184,-0.032349
e,-0.04539,-0.234037,0.016429,-0.005157,-0.031012
e,-0.038606,-0.20593,0.016745,-0.005133,-0.029662
e,-0.031771,-0.177606,0.017048,-0.00511,-0.0283
e,-0.02485,-0.148942,0.017336,-0.005089,-0.026926
e,-0.017801,-0.119794,0.017607,-0.005067,-0.025541
e,-0.010578,-0.09,0.01786,-0.005045,-0.024144
e,-0.003134,-0.059388,0.018092,-0.005021,-0.022733
e,0.004579,-0.027785,0.018303,-0.004993,-0.021308
e,0.012606,0.004966,0.018491,-0.00496,-0.019867
e,0.020983,0.038994,0.018654,-0.004921,-0.01841
e,0.029734,0.074387,0.01879,-0.004874,-0.016936
e,0.038869,0.111181,0.018898,-0.004817,-0.015444
e,0.048385,0.149362,0.018976,-0.004751,-0.013936
e,0.05826,0.188856,0.019023,-0.004673,-0.012411
e,0.068458,0.229527,0.019037,-0.004585,-0.01087
e,0.078921,0.271175,0.019017,-0.004485,-0.00931
e,0.089578,0.313543,0.018964,-0.004374,-0.00775
e,0.100342,0.356325,0.018876,-0.004251,-0.00617
e,0.111116,0.399176,0.018754,-0.004118,-0.00458
e,0.121795,0.441721,0.018598,-0.003974,-0.00298
e,0.132272,0.483578,0.01841,-0.00382,-0.00137
e,0.142438,0.524363,0.01819,-0.003655,0.000237
e,0.152192,0.563712,0.01794,-0.00348,0.00185
e,0.16144,0.601288,0.017663,-0.003295,0.00346
e,0.170098,0.636796,0.017361,-0.003101,0.00507
e,0.178099,0.669991,0.017038,-0.002899,0.00668
e,0.185391,0.700683,0.016695,-0.002688,0.00828
e,0.19194,0.728744,0.016336,-0.002469,0.00987
e,0.197726,0.754098,0.015965,-0.002241,0.011445
e,0.202742,0.776715,0.015585,-0.002003,0.01301
e,0.206996,0.796611,0.015198,-0.001754,0.014559
e,0.210505,0.813841,0.014808,-0.001494,0.01609
e,0.213299,0.828501,0.014417,-0.001222,0.0176
e,0.215418,0.840723,0.014029,-0.000936,0.019088
e,0.21691,0.850673,0.013646,-0.000638,0.02055
e,0.217831,0.85854,0.013269,-0.000328,0.021987
e,0.218242,0.86453,0.012901,-4e-06,0.023395
e,0.218205,0.868857,0.012544,0.000331,0.024775
e,0.217783,0.871742,0.012198,0.000677,0.026124
e,0.21704,0.8734,0.011865,0.001033,0.027442
e,0.216034,0.874038,0.011546,0.001399,0.028729
e,0.214822,0.87385,0.011241,0.001773,0.029984
e,0.213453,0.87301,0.010951,0.002155,0.031207
e,0.211969,0.871668,0.010676,0.002543,0.032399
e,0.210407,0.869949,0.010417,0.002936,0.033559
e,0.208795,0.867958,0.010174,0.003332,0.034689
e,0.20716,0.865788,0.009948,0.003729,0.035788
e,0.205524,0.863514,0.009737,0.004126,0.036857
e,0.203903,0.8612,0.009543,0.004522,0.037897
e,0.202313,0.858893,0.009364,0.004917,0.038906
e,0.200759,0.856619,0.0092,0.00531,0.039886
e,0.199244,0.854383,0.00905,0.005701,0.040835
e,0.197767,0.85218,0.008914,0.00609,0.041754
e,0.196324,0.849999,0.00879,0.006479,0.042642
e,0.194914,0.847833,0.008678,0.006865,0.0435
e,0.193533,0.845674,0.008576,0.00725,0.044327
e,0.192182,0.843518,0.008483,0.007633,0.045124
e,0.190858,0.841359,0.008398,0.008012,0.045891
e,0.189558,0.839188,0.008321,0.008388,0.046627
e,0.188278,0.836991,0.008251,0.008759,0.047334
e,0.187014,0.834756,0.008188,0.009125,0.048012
e,0.185763,0.832472,0.008129,0.009484,0.048661
e,0.184521,0.83013,0.008076,0.009835,0.049281
e,0.183286,0.82772,0.008028,0.010176,0.049874
e,0.182055,0.825233,0.007984,0.010507,0.050439
e,0.180821,0.82265,0.007945,0.010825,0.050976
e,0.179579,0.819949,0.007908,0.01113,0.051486
e,0.17832,0.817102,0.007876,0.011421,0.051969
e,0.177037,0.814078,0.007846,0.011696,0.052424
e,0.175718,0.810841,0.007819,0.011955,0.052851
e,0.174354,0.807352,0.007795,0.012197,0.053249
e,0.172931,0.803567,0.007774,0.012422,0.053619
e,0.17144,0.799444,0.007756,0.012629,0.053959
e,0.169868,0.794941,0.007741,0.012818,0.054268
e,0.168209,0.790029,0.00773,0.012989,0.054545
e,0.166456,0.784683,0.007724,0.01314,0.05479
e,0.164607,0.778891,0.007723,0.013273,0.055
e,0.162662,0.772648,0.007729,0.013388,0.055175
e,0.160624,0.76596,0.007742,0.013486,0.055313
e,0.158499,0.758844,0.007762,0.013567,0.055413
e,0.156297,0.75133,0.007792,0.013633,0.055473
e,0.15403,0.743459,0.007831,0.013684,0.055492
e,0.151717,0.735288,0.007881,0.013724,0.055469
e,0.149373,0.726873,0.007942,0.013753,0.055403
e,0.147016,0.718273,0.008016,0.013772,0.055294
e,0.144661,0.709534,0.008102,0.013783,0.055141
e,0.142316,0.700692,0.008202,0.013786,0.054944
e,0.139987,0.691764,0.008315,0.013783,0.054704
e,0.137674,0.682748,0.008443,0.013773,0.054419
e,0.135368,0.673618,0.008584,0.013759,0.054091
e,0.133058,0.664332,0.00874,0.01374,0.053719
e,0.130728,0.654839,0.008911,0.013717,0.053304
e,0.128364,0.645085,0.009097,0.01369,0.052846
e,0.125949,0.635015,0.009297,0.013661,0.052345
e,0.123468,0.624573,0.009512,0.013629,0.0518
e,0.120904,0.613703,0.009741,0.013596,0.051212
e,0.118243,0.602353,0.009985,0.013562,0.050581
e,0.11547,0.59047,0.010243,0.013526,0.049907
e,0.112571,0.578006,0.010515,0.013491,0.049189
e,0.109533,0.564919,0.010801,0.013456,0.048429
e,0.106347,0.551177,0.011101,0.013422,0.047627
e,0.103006,0.536757,0.011413,0.013387,0.046783
e,0.099505,0.521646,0.011738,0.013354,0.045898
e,0.09584,0.505838,0.012075,0.013321,0.044974
e,0.09201,0.489327,0.012423,0.01329,0.044013
e,0.088012,0.472112,0.01278,0.013258,0.043015
e,0.083847,0.454199,0.013145,0.013228,0.041983
e,0.079516,0.435605,0.013518,0.013199,0.040919
e,0.075026,0.416357,0.013896,0.01317,0.039825
e,0.070387,0.396497,0.014277,0.013142,0.038703
e,0.06561,0.376077,0.014661,0.013115,0.037557
e,0.060712,0.35516,0.015045,0.013087,0.036389
e,0.055711,0.333818,0.015428,0.01306,0.035201
e,0.050627,0.312129,0.015808,0.013034,0.033995
e,0.045481,0.290171,0.016184,0.013007,0.032773
e,0.040294,0.26802,0.016554,0.012981,0.031537
e,0.035084,0.245746,0.016917,0.012955,0.030287
e,0.02987,0.223415,0.01727,0.012929,0.029023
e,0.024668,0.201082,0.017613,0.012904,0.027747
e,0.019488,0.178788,0.017945,0.012879,0.026458
e,0.014337,0.156555,0.018264,0.012853,0.025157
e,0.009217,0.134386,0.01857,0.012825,0.023842
e,0.004121,0.112258,0.018862,0.012795,0.022513
e,-0.000962,0.090123,0.01914,0.012762,0.021169
e,-0.006051,0.06791,0.019403,0.012725,0.019808
e,-0.011172,0.045523,0.019651,0.012684,0.018426
e,-0.016355,0.022848,0.019883,0.012637,0.017024
e,-0.021632,-0.000233,0.020099,0.012585,0.015597
e,-0.027039,-0.023846,0.020299,0.012527,0.014146
e,-0.032609,-0.048111,0.020482,0.012462,0.01267
e,-0.038376,-0.073148,0.020648,0.01239,0.011169
e,-0.044372,-0.099069,0.020795,0.012311,0.00964
e,-0.050629,-0.125975,0.020923,0.012225,0.00809
e,-0.05717,-0.153948,0.021032,0.012133,0.00652
e,-0.064013,-0.183046,0.021121,0.012035,0.00493
e,-0.071169,-0.213295,0.021188,0.011932,0.00332
e,-0.078638,-0.244692,0.021235,0.011822,0.00169
e,-0.08641,-0.277194,0.02126,0.011707,5.5e-05
e,-0.094465,-0.31072,0.021262,0.011587,-0.0016
e,-0.102769,-0.345145,0.021243,0.01146,-0.00325
e,-0.111281,-0.380309,0.021201,0.011328,-0.00492
e,-0.119944,-0.416009,0.021137,0.01119,-0.00658
e,-0.128695,-0.452009,0.021051,0.011046,-0.00824
e,-0.137461,-0.488047,0.020944,0.010896,-0.0099
e,-0.146166,-0.523848,0.020815,0.010741,-0.011548
e,-0.154734,-0.559133,0.020667,0.010579,-0.013188
e,-0.163084,-0.593618,0.020499,0.010411,-0.014814
e,-0.171139,-0.627019,0.020313,0.010237,-0.016426
e,-0.178823,-0.659065,0.02011,0.010056,-0.018019
e,-0.186069,-0.689514,0.019891,0.009869,-0.019594
e,-0.192818,-0.718155,0.019658,0.009676,-0.021147
e,-0.199022,-0.744819,0.019412,0.009478,-0.022679
e,-0.204647,-0.769384,0.019155,0.009275,-0.024188
e,-0.209673,-0.791778,0.018888,0.009068,-0.025674
e,-0.214093,-0.811979,0.018612,0.008859,-0.027138
e,-0.217916,-0.830014,0.01833,0.008647,-0.028579
e,-0.221159,-0.845948,0.018043,0.008432,-0.029997
e,-0.22385,-0.859879,0.017752,0.008215,-0.031394
e,-0.226026,-0.871931,0.017461,0.007994,-0.032767
e,-0.227728,-0.882257,0.017169,0.007771,-0.034119
e,-0.229007,-0.891028,0.01688,0.007543,-0.035448
e,-0.229913,-0.898419,0.016594,0.007311,-0.036754
e,-0.230496,-0.904603,0.016313,0.007075,-0.038038
e,-0.230801,-0.909738,0.016039,0.006834,-0.039297
e,-0.230869,-0.913966,0.015771,0.006588,-0.040532
e,-0.230738,-0.917415,0.015512,0.006339,-0.041741
e,-0.230441,-0.920193,0.015262,0.006085,-0.042924
e,-0.230004,-0.922391,0.015022,0.005828,-0.044078
e,-0.22945,-0.924089,0.014793,0.005566,-0.045204
e,-0.228802,-0.925354,0.014575,0.005302,-0.046298
e,-0.228078,-0.92625,0.014368,0.005035,-0.04736
e,-0.227296,-0.926836,0.014172,0.004768,-0.048389
e,-0.226474,-0.927168,0.013988,0.0045,-0.049383
e,-0.225627,-0.927296,0.013815,0.004234,-0.050341
e,-0.22477,-0.927266,0.013653,0.00397,-0.051261
e,-0.223915,-0.927118,0.013502,0.003709,-0.052143
e,-0.223072,-0.926882,0.013363,0.003453,-0.052984
e,-0.222248,-0.926581,0.013234,0.003203,-0.053783
e,-0.221447,-0.926223,0.013116,0.002959,-0.054541
e,-0.22067,-0.925806,0.013009,0.002722,-0.055255
e,-0.219912,-0.925318,0.012913,0.002492,-0.055925
e,-0.219167,-0.924734,0.012826,0.00227,-0.056552
e,-0.218424,-0.924018,0.012749,0.002057,-0.057136
e,-0.217669,-0.923124,0.012681,0.001854,-0.057678
e,-0.216888,-0.922,0.012622,0.001659,-0.058177
e,-0.216062,-0.920589,0.012572,0.001475,-0.058635
e,-0.215175,-0.918834,0.012529,0.001301,-0.059053
e,-0.214211,-0.916681,0.012493,0.001136,-0.059432
e,-0.213153,-0.914076,0.012464,0.000981,-0.059772
e,-0.211987,-0.910967,0.012442,0.000836,-0.060074
e,-0.210696,-0.907306,0.012425,0.0007,-0.060338
e,-0.209269,-0.903048,0.012415,0.000574,-0.060567
e,-0.207695,-0.898159,0.012411,0.000457,-0.060759
e,-0.205968,-0.892621,0.012412,0.000351,-0.060917
e,-0.204086,-0.886431,0.012419,0.000255,-0.06104
e,-0.202053,-0.879604,0.012433,0.00017,-0.061129
e,-0.199878,-0.872168,0.012452,9.6e-05,-0.061184
e,-0.197571,-0.864164,0.012479,3.5e-05,-0.061206
e,-0.195147,-0.855643,0.012512,-1.3e-05,-0.061194
e,-0.192623,-0.846662,0.012553,-5e-05,-0.061148
e,-0.190015,-0.837273,0.012602,-7.5e-05,-0.061068
e,-0.187335,-0.82752,0.012661,-8.8e-05,-0.060952
e,-0.184595,-0.817437,0.012729,-9.2e-05,-0.060799
e,-0.181802,-0.807048,0.012807,-8.7e-05,-0.060609
e,-0.178964,-0.796374,0.012896,-7.4e-05,-0.060379
e,-0.176085,-0.785422,0.012997,-5.4e-05,-0.060108
e,-0.173163,-0.774186,0.013109,-2.9e-05,-0.059795
e,-0.170194,-0.76264,0.013234,1e-06,-0.059437
e,-0.167165,-0.750737,0.013372,3.3e-05,-0.059034
e,-0.164057,-0.73841,0.013523,6.7e-05,-0.058585
e,-0.160849,-0.725577,0.013688,0.000104,-0.058088
e,-0.157515,-0.712152,0.013866,0.000141,-0.057543
e,-0.154032,-0.698045,0.014058,0.000181,-0.05695
e,-0.150373,-0.683171,0.014264,0.000222,-0.056309
e,-0.146516,-0.667446,0.014484,0.000265,-0.05562
e,-0.142438,-0.650799,0.014717,0.00031,-0.054884
e,-0.138124,-0.633175,0.014965,0.000358,-0.054102
e,-0.133562,-0.614538,0.015226,0.000409,-0.053275
e,-0.128746,-0.594876,0.015499,0.000461,-0.052405
e,-0.123678,-0.574196,0.015784,0.000516,-0.051494
e,-0.118362,-0.552518,0.016079,0.000573,-0.050543
e,-0.112805,-0.529879,0.016384,0.00063,-0.049554
e,-0.107023,-0.506333,0.016697,0.000688,-0.04853
e,-0.101033,-0.481955,0.017017,0.000745,-0.047473
e,-0.094861,-0.456839,0.017342,0.000801,-0.046384
e,-0.088538,-0.4311,0.017671,0.000855,-0.045267
e,-0.082098,-0.404868,0.018003,0.000907,-0.044123
e,-0.07558,-0.378281,0.018335,0.000956,-0.042955
e,-0.069023,-0.35148,0.018667,0.001002,-0.041763
e,-0.062463,-0.324603,0.018997,0.001045,-0.04055
e,-0.055935,-0.297775,0.019324,0.001085,-0.039318
e,-0.049471,-0.271107,0.019646,0.001122,-0.038066
e,-0.043094,-0.244689,0.019962,0.001155,-0.036797
e,-0.036825,-0.218591,0.020271,0.001187,-0.03551
e,-0.030676,-0.19286,0.020571,0.001216,-0.034207
e,-0.024653,-0.167515,0.020861,0.001244,-0.032888
e,-0.018754,-0.14255,0.021141,0.001272,-0.031551
e,-0.012969,-0.117932,0.021408,0.001301,-0.030198
e,-0.007281,-0.093592,0.021662,0.001332,-0.028826
e,-0.001664,-0.069437,0.021902,0.001365,-0.027435
e,0.003912,-0.045359,0.022127,0.001402,-0.026023
e,0.009479,-0.021241,0.022336,0.001444,-0.02459
e,0.015071,0.003033,0.022529,0.001489,-0.023134
e,0.020716,0.027571,0.022703,0.00154,-0.021655
e,0.026446,0.052476,0.022858,0.001596,-0.020155
e,0.032288,0.077841,0.022994,0.001656,-0.018633
e,0.038267,0.103746,0.023109,0.001721,-0.017092
e,0.044402,0.130254,0.023203,0.00179,-0.015534
e,0.050707,0.157409,0.023274,0.001863,-0.013961
e,0.057193,0.185231,0.023323,0.001939,-0.012376
e,0.063858,0.213715,0.023349,0.002019,-0.010781
e,0.070696,0.242826,0.023351,0.002101,-0.00918
e,0.077692,0.272503,0.02333,0.002186,-0.00757
e,0.084823,0.302657,0.023286,0.002275,-0.00597
e,0.092059,0.333179,0.023218,0.002367,-0.00436
e,0.099363,0.363938,0.023127,0.002463,-0.00275
e,0.106696,0.394786,0.023014,0.002563,-0.00115
e,0.114012,0.425564,0.022878,0.002668,0.000452
e,0.121263,0.456103,0.022722,0.002779,0.00205
e,0.128401,0.486226,0.022545,0.002896,0.00364
e,0.135373,0.515755,0.022349,0.003022,0.00522
e,0.142131,0.544507,0.022134,0.003157,0.0068
e,0.148621,0.572299,0.021901,0.003302,0.00837
e,0.154795,0.598957,0.021652,0.00346,0.00993
e,0.160609,0.624321,0.021388,0.00363,0.011485
e,0.166023,0.648247,0.021111,0.003814,0.013026
e,0.171002,0.670611,0.020823,0.004012,0.014553
e,0.175518,0.69131,0.020526,0.004225,0.016066
e,0.179552,0.710268,0.020221,0.004452,0.017563
e,0.183093,0.727438,0.019912,0.004695,0.019042
e,0.186138,0.742808,0.019599,0.004953,0.0205
e,0.188694,0.756392,0.019287,0.005225,0.021934
e,0.190776,0.76823,0.018976,0.005513,0.023343
e,0.192403,0.778382,0.018669,0.005816,0.024723
e,0.193599,0.786929,0.018368,0.006133,0.026071
e,0.194397,0.793972,0.018075,0.006464,0.027386
e,0.194831,0.799628,0.017791,0.006808,0.028667
e,0.19494,0.804028,0.017518,0.007163,0.029911
e,0.194762,0.807312,0.017256,0.007528,0.03112
e,0.194341,0.809624,0.017007,0.007899,0.032292
e,0.193714,0.811105,0.016772,0.008276,0.033429
e,0.192919,0.811887,0.016549,0.008657,0.034532
e,0.191989,0.812089,0.016341,0.009038,0.035602
e,0.190954,0.811818,0.016146,0.009419,0.036641
e,0.18984,0.811175,0.015965,0.009797,0.037648
e,0.188673,0.81025,0.015797,0.010171,0.038626
e,0.187477,0.809131,0.015642,0.010539,0.039576
e,0.186274,0.807898,0.015499,0.010899,0.040497
e,0.185084,0.806622,0.015368,0.01125,0.041392
e,0.183924,0.805368,0.015247,0.011591,0.042261
e,0.182808,0.804184,0.015136,0.01192,0.043103
e,0.181746,0.803107,0.015035,0.012236,0.043921
e,0.180743,0.802151,0.014941,0.01254,0.044712
e,0.179799,0.801315,0.014855,0.01283,0.045476
e,0.178911,0.800586,0.014776,0.013108,0.046213
e,0.178074,0.799938,0.014701,0.013374,0.04692
e,0.17728,0.799343,0.01463,0.013628,0.047596
e,0.176521,0.798766,0.014561,0.013873,0.04824
e,0.175789,0.798172,0.014493,0.014109,0.048849
e,0.175075,0.797522,0.014427,0.014337,0.049423
e,0.174366,0.796774,0.01436,0.014558,0.049959
e,0.17365,0.795877,0.014292,0.014774,0.050457
e,0.17291,0.794769,0.014225,0.014983,0.050916
e,0.172127,0.793386,0.014158,0.015186,0.051337
e,0.171283,0.791663,0.014093,0.015382,0.051719
e,0.170358,0.789541,0.014031,0.015568,0.052063
e,0.169337,0.78696,0.013973,0.015743,0.052371
e,0.168203,0.783869,0.013921,0.015905,0.052643
e,0.166941,0.780219,0.013876,0.016052,0.052881
e,0.165539,0.775973,0.013841,0.016183,0.053085
e,0.16399,0.771104,0.013816,0.016296,0.053257
e,0.16229,0.765603,0.013804,0.01639,0.053396
e,0.16044,0.759471,0.013805,0.016464,0.053502
e,0.158444,0.75272,0.013819,0.016521,0.053575
e,0.156306,0.745366,0.013848,0.01656,0.053615
e,0.154037,0.737442,0.013891,0.016583,0.05362
e,0.151651,0.728988,0.013948,0.016592,0.053589
e,0.149163,0.720056,0.014018,0.01659,0.053519
e,0.146592,0.710707,0.014101,0.016578,0.053411
e,0.143956,0.700996,0.014196,0.016559,0.053261
e,0.14127,0.690977,0.014303,0.016534,0.053068
e,0.138549,0.680688,0.01442,0.016504,0.052832
e,0.135798,0.670155,0.014547,0.016472,0.052552
e,0.13302,0.659382,0.014686,0.016437,0.052226
e,0.130212,0.648356,0.014835,0.016401,0.051855
e,0.127366,0.637051,0.014996,0.016364,0.051438
e,0.124473,0.62543,0.015168,0.016326,0.050976
e,0.121518,0.613449,0.015353,0.016288,0.050468
e,0.118489,0.601059,0.015552,0.016249,0.049915
e,0.115369,0.58821,0.015764,0.016211,0.049317
e,0.112143,0.574848,0.015991,0.016172,0.048675
e,0.108795,0.56092,0.016231,0.016133,0.047991
e,0.105308,0.546376,0.016486,0.016095,0.047266
e,0.10167,0.531172,0.016753,0.016056,0.0465
e,0.097871,0.515279,0.017033,0.016017,0.045697
e,0.093904,0.49868,0.017325,0.015979,0.044856
e,0.089768,0.481375,0.017626,0.01594,0.04398
e,0.085465,0.463378,0.017937,0.015901,0.043071
e,0.081001,0.444717,0.018255,0.015864,0.04213
e,0.076387,0.425433,0.018579,0.015827,0.04116
e,0.071636,0.405578,0.018907,0.015791,0.040161
e,0.066765,0.385215,0.019239,0.015757,0.039135
e,0.061791,0.364416,0.019571,0.015724,0.038085
e,0.056737,0.343264,0.019904,0.015693,0.037013
e,0.051627,0.321844,0.020236,0.015663,0.035919
e,0.046481,0.30024,0.020564,0.015636,0.034806
e,0.041323,0.278533,0.020889,0.015609,0.033676
e,0.036171,0.256796,0.021209,0.015584,0.032529
e,0.031042,0.235091,0.021523,0.01556,0.031367
e,0.025952,0.21347,0.021828,0.015537,0.03019
e,0.020909,0.191971,0.022126,0.015515,0.028999
e,0.015922,0.17062,0.022414,0.015492,0.027793
e,0.010995,0.14943,0.022692,0.015468,0.026572
e,0.006126,0.128395,0.022959,0.015442,0.025336
e,0.001312,0.107499,0.023216,0.015413,0.024083
e,-0.003456,0.08671,0.023463,0.01538,0.022814
e,-0.008189,0.065981,0.023698,0.015342,0.021526
e,-0.012905,0.045251,0.023923,0.015299,0.020219
e,-0.017621,0.024451,0.024137,0.01525,0.01889
e,-0.022358,0.003505,0.024341,0.015193,0.01754
e,-0.027139,-0.017663,0.024535,0.015129,0.016167
e,-0.031986,-0.039135,0.024718,0.015057,0.014773
e,-0.036922,-0.060988,0.02489,0.014976,0.013357
e,-0.041972,-0.083303,0.025051,0.014886,0.011921
e,-0.047158,-0.106152,0.0252,0.014787,0.010468
e,-0.052499,-0.129602,0.025337,0.01468,0.009
e,-0.058015,-0.153709,0.02546,0.014565,0.00751
e,-0.063719,-0.178516,0.02557,0.014443,0.00601
e,-0.06962,-0.204054,0.025664,0.014315,0.0045
e,-0.075726,-0.23034,0.025742,0.014183,0.00298
e,-0.082035,-0.257369,0.025802,0.014047,0.00145
e,-0.088542,-0.285116,0.025843,0.013909,-8.7e-05
e,-0.095235,-0.313533,0.025865,0.013771,-0.00163
e,-0.102094,-0.34255,0.025865,0.013634,-0.00318
e,-0.109096,-0.372076,0.025844,0.013497,-0.00473
e,-0.11621,-0.402006,0.0258,0.013362,-0.00629
e,-0.123405,-0.432222,0.025735,0.01323,-0.00785
e,-0.130645,-0.462594,0.025647,0.013099,-0.0094
e,-0.137891,-0.492986,0.025537,0.012971,-0.010961
e,-0.145102,-0.52325,0.025404,0.012846,-0.012515
e,-0.152236,-0.553231,0.025251,0.012723,-0.014066
e,-0.159248,-0.582771,0.025077,0.012603,-0.015612
e,-0.166092,-0.611708,0.024885,0.012485,-0.017154
e,-0.172723,-0.639877,0.024674,0.012368,-0.018689
e,-0.179094,-0.667112,0.024448,0.012252,-0.020217
e,-0.185162,-0.693262,0.024207,0.012135,-0.021736
e,-0.19089,-0.718188,0.023955,0.012014,-0.023245
e,-0.196246,-0.741772,0.023692,0.011889,-0.024743
e,-0.201199,-0.763908,0.02342,0.011758,-0.026228
e,-0.205729,-0.784516,0.023143,0.011618,-0.027699
e,-0.209819,-0.803533,0.022861,0.01147,-0.029154
e,-0.213457,-0.820909,0.022577,0.011312,-0.030591
e,-0.216635,-0.836613,0.022291,0.011144,-0.032009
e,-0.219351,-0.85063,0.022007,0.010965,-0.033405
e,-0.221608,-0.862969,0.021725,0.010774,-0.034779
e,-0.223417,-0.873656,0.021446,0.010572,-0.036127
e,-0.224793,-0.882741,0.021173,0.010359,-0.037449
e,-0.225757,-0.890296,0.020906,0.010135,-0.038744
e,-0.226335,-0.896411,0.020646,0.009902,-0.04001
e,-0.226561,-0.901193,0.020395,0.009659,-0.041246
e,-0.226469,-0.904765,0.020152,0.009408,-0.042451
e,-0.226097,-0.907256,0.019918,0.009151,-0.043626
e,-0.225485,-0.908807,0.019694,0.008888,-0.044769
e,-0.224675,-0.909559,0.019479,0.00862,-0.04588
e,-0.223707,-0.909654,0.019274,0.008349,-0.046959
e,-0.22262,-0.909229,0.01908,0.008075,-0.048005
e,-0.221453,-0.908412,0.018895,0.0078,-0.049017
e,-0.22024,-0.907327,0.01872,0.007524,-0.049996
e,-0.219016,-0.906092,0.018555,0.007248,-0.050941
e,-0.217809,-0.904811,0.018399,0.006975,-0.051852
e,-0.216645,-0.903571,0.018252,0.006705,-0.05273
e,-0.215542,-0.902435,0.018113,0.006439,-0.053574
e,-0.214512,-0.901447,0.017981,0.00618,-0.054386
e,-0.213561,-0.900632,0.017855,0.005928,-0.055163
e,-0.212693,-0.899996,0.017736,0.005684,-0.055908
e,-0.211903,-0.899524,0.017623,0.00545,-0.056619
e,-0.21118,-0.899181,0.017514,0.005226,-0.057296
e,-0.21051,-0.898911,0.017411,0.005014,-0.057939
e,-0.209872,-0.898636,0.017313,0.004814,-0.058546
e,-0.20924,-0.898268,0.01722,0.004625,-0.059118
e,-0.208588,-0.897711,0.017133,0.004447,-0.059652
e,-0.20789,-0.896867,0.017051,0.00428,-0.060148
e,-0.207118,-0.895643,0.016976,0.004124,-0.060605
e,-0.206251,-0.893952,0.016909,0.003979,-0.061022
e,-0.205267,-0.891723,0.01685,0.003842,-0.061399
e,-0.204151,-0.8889,0.0168,0.003714,-0.061734
e,-0.202894,-0.885445,0.01676,0.003594,-0.062026
e,-0.201491,-0.881339,0.01673,0.00348,-0.062276
e,-0.199937,-0.876568,0.016712,0.003372,-0.062484
e,-0.198231,-0.871129,0.016704,0.00327,-0.062648
e,-0.196374,-0.865026,0.016708,0.003174,-0.062771
e,-0.194371,-0.858274,0.016724,0.003083,-0.062851
e,-0.192227,-0.850898,0.016751,0.002999,-0.062891
e,-0.189954,-0.84294,0.01679,0.002923,-0.062891
e,-0.187566,-0.834457,0.016839,0.002854,-0.062851
e,-0.185084,-0.825517,0.0169,0.002795,-0.062773
e,-0.182526,-0.816191,0.01697,0.002745,-0.062657
e,-0.179912,-0.806545,0.01705,0.002706,-0.062503
e,-0.177255,-0.796629,0.017139,0.002679,-0.062312
e,-0.174563,-0.786469,0.017237,0.002662,-0.062084
e,-0.171835,-0.776062,0.017345,0.002657,-0.061818
e,-0.169063,-0.765378,0.017461,0.002662,-0.061513
e,-0.166233,-0.754365,0.017587,0.002676,-0.061169
e,-0.163326,-0.742951,0.017722,0.002698,-0.060785
e,-0.160319,-0.731049,0.017868,0.002726,-0.060359
e,-0.157185,-0.718568,0.018024,0.00276,-0.05989
e,-0.153902,-0.705419,0.018192,0.002799,-0.059376
e,-0.150445,-0.691519,0.018372,0.00284,-0.058818
e,-0.146795,-0.676791,0.018564,0.002885,-0.058213
e,-0.142932,-0.661169,0.01877,0.00293,-0.057561
e,-0.138842,-0.644598,0.018989,0.002977,-0.056863
e,-0.134511,-0.627034,0.019221,0.003024,-0.056117
e,-0.129932,-0.608447,0.019467,0.00307,-0.055323
e,-0.1251,-0.588822,0.019726,0.003117,-0.054484
e,-0.120013,-0.568162,0.019997,0.003162,-0.053598
e,-0.11468,-0.54649,0.020281,0.003206,-0.052668
e,-0.10911,-0.523856,0.020575,0.003249,-0.051694
e,-0.103326,-0.500336,0.02088,0.003291,-0.05068
e,-0.097352,-0.476029,0.021194,0.003333,-0.049627
e,-0.091221,-0.451054,0.021515,0.003374,-0.048538
e,-0.084969,-0.425544,0.021841,0.003415,-0.047415
e,-0.07863,-0.399634,0.022171,0.003457,-0.046262
e,-0.072241,-0.373457,0.022503,0.003499,-0.04508
e,-0.065834,-0.347136,0.022835,0.003543,-0.043873
e,-0.059441,-0.320791,0.023164,0.003588,-0.042644
e,-0.053094,-0.294542,0.02349,0.003635,-0.041395
e,-0.046824,-0.268504,0.02381,0.003685,-0.040128
e,-0.040658,-0.242787,0.024121,0.003737,-0.038847
e,-0.034624,-0.217489,0.024422,0.003793,-0.037554
e,-0.028741,-0.192687,0.024712,0.003852,-0.036251
e,-0.02302,-0.168431,0.024988,0.003915,-0.034939
e,-0.017469,-0.144742,0.025249,0.003981,-0.033622
e,-0.012082,-0.121612,0.025495,0.004052,-0.032298
e,-0.006849,-0.099,0.025725,0.004125,-0.030968
e,-0.001752,-0.076838,0.025939,0.004202,-0.029631
e,0.003234,-0.05504,0.026137,0.004281,-0.028285
e,0.008133,-0.033506,0.02632,0.004361,-0.026928
e,0.012975,-0.012134,0.026488,0.004442,-0.025558
e,0.017787,0.009185,0.026643,0.004523,-0.024172
e,0.022597,0.030555,0.026783,0.004603,-0.022769
e,0.027435,0.052082,0.026911,0.00468,-0.021348
e,0.03233,0.073872,0.027025,0.004755,-0.019906
e,0.037309,0.096026,0.027126,0.004827,-0.018444
e,0.042401,0.118641,0.027215,0.004896,-0.016961
e,0.047627,0.141795,0.02729,0.00496,-0.015457
e,0.053006,0.165548,0.027351,0.00502,-0.013932
e,0.058548,0.189934,0.027399,0.005075,-0.012388
e,0.064257,0.214962,0.027432,0.005125,-0.010828
e,0.070132,0.240617,0.027449,0.005171,-0.00925
e,0.076165,0.266862,0.02745,0.005214,-0.00767
e,0.082343,0.293641,0.027434,0.005253,-0.00607
e,0.088646,0.320878,0.0274,0.005292,-0.00447
e,0.095051,0.348475,0.027347,0.005331,-0.00287
e,0.101528,0.376316,0.027274,0.005371,-0.00127
e,0.108039,0.404263,0.027181,0.005416,0.000329
e,0.114542,0.43216,0.027067,0.005467,0.00192
e,0.120994,0.459844,0.026932,0.005525,0.0035
e,0.127348,0.487149,0.026777,0.005592,0.00506
e,0.133559,0.513909,0.026601,0.00567,0.00662
e,0.139584,0.539966,0.026407,0.00576,0.00815
e,0.145379,0.565169,0.026194,0.005862,0.00968
e,0.150907,0.589374,0.025965,0.005977,0.01118
e,0.156131,0.612459,0.025721,0.006105,0.012665
e,0.161022,0.634314,0.025464,0.006247,0.01413
e,0.165554,0.654844,0.025195,0.006403,0.015574
e,0.169706,0.673972,0.024916,0.006574,0.016996
e,0.173461,0.69164,0.02463,0.006759,0.018396
e,0.176813,0.707818,0.024337,0.006959,0.019772
e,0.179761,0.7225,0.024041,0.007174,0.021122
e,0.182312,0.735708,0.023744,0.007401,0.022447
e,0.184478,0.747482,0.023447,0.007641,0.023743
e,0.186278,0.75788,0.023153,0.007891,0.025011
e,0.187732,0.766971,0.022864,0.00815,0.02625
e,0.188863,0.774833,0.02258,0.008417,0.027458
e,0.189696,0.781552,0.022305,0.008689,0.028635
e,0.190257,0.787218,0.022038,0.008965,0.029781
e,0.190574,0.791925,0.021783,0.009244,0.030895
e,0.190673,0.795765,0.021538,0.009524,0.031975
e,0.190581,0.798826,0.021306,0.009804,0.033023
e,0.190321,0.801195,0.021087,0.010084,0.034037
e,0.18992,0.802959,0.020882,0.010362,0.035018
e,0.189403,0.804208,0.02069,0.010638,0.035965
e,0.188794,0.80503,0.020511,0.010912,0.03688
e,0.188117,0.805513,0.020346,0.011183,0.037762
e,0.187395,0.805741,0.020193,0.01145,0.038615
e,0.18665,0.805791,0.020051,0.011713,0.039438
e,0.185898,0.805726,0.01992,0.011973,0.040233
e,0.185152,0.805597,0.019798,0.01223,0.041001
e,0.184422,0.805444,0.019684,0.012485,0.041745
e,0.183717,0.805298,0.019577,0.012737,0.042464
e,0.183041,0.805182,0.019476,0.012987,0.04316
e,0.182397,0.805106,0.019378,0.013236,0.043835
e,0.181784,0.805072,0.019285,0.013483,0.044488
e,0.1812,0.805075,0.019194,0.013728,0.045122
e,0.180642,0.805105,0.019106,0.01397,0.045736
e,0.180106,0.805151,0.019019,0.01421,0.046331
e,0.179588,0.805197,0.018934,0.014446,0.046907
e,0.179084,0.805226,0.01885,0.014678,0.047463
e,0.178589,0.80522,0.018767,0.014905,0.047998
e,0.178095,0.805151,0.018686,0.015127,0.048511
e,0.177596,0.804986,0.018606,0.015342,0.049002
e,0.177078,0.804679,0.01853,0.01555,0.049468
e,0.176527,0.80418,0.018456,0.015749,0.04991
e,0.17593,0.803431,0.018387,0.015937,0.050326
e,0.175272,0.802383,0.018323,0.016115,0.050715
e,0.174539,0.800987,0.018265,0.016279,0.051076
e,0.173721,0.799201,0.018213,0.01643,0.05141
e,0.172807,0.796986,0.018169,0.016567,0.051715
e,0.171788,0.794311,0.018132,0.016689,0.051992
e,0.170656,0.791149,0.018103,0.016796,0.052239
e,0.169406,0.787483,0.018081,0.016887,0.052458
e,0.168036,0.783304,0.018068,0.016964,0.052649
e,0.166546,0.77861,0.018063,0.017027,0.05281
e,0.164939,0.773412,0.018066,0.017077,0.052943
e,0.16322,0.76773,0.018077,0.017116,0.053047
e,0.161397,0.761591,0.018095,0.017145,0.053122
e,0.159479,0.755025,0.018121,0.017165,0.053167
e,0.157473,0.748058,0.018155,0.017179,0.053183
e,0.155389,0.740718,0.018198,0.017186,0.053169
e,0.153233,0.733027,0.018248,0.017189,0.053124
e,0.151013,0.725009,0.018307,0.017188,0.053048
e,0.148734,0.716681,0.018375,0.017185,0.052939
e,0.146403,0.708062,0.018453,0.01718,0.052797
e,0.144025,0.699168,0.01854,0.017173,0.05262
e,0.141603,0.690006,0.018638,0.017165,0.052407
e,0.139138,0.680574,0.018746,0.017156,0.052157
e,0.136627,0.670855,0.018866,0.017146,0.05187
e,0.134061,0.66082,0.018997,0.017136,0.051543
e,0.13143,0.650428,0.01914,0.017125,0.051177
e,0.12872,0.639629,0.019294,0.017115,0.05077
e,0.125916,0.628367,0.019459,0.017103,0.050321
e,0.123001,0.616584,0.019637,0.017092,0.049832
e,0.11996,0.604229,0.019826,0.017079,0.049301
e,0.116781,0.591255,0.020027,0.017065,0.048729
e,0.113452,0.577625,0.02024,0.01705,0.048117
e,0.109965,0.563315,0.020465,0.017033,0.047465
e,0.106314,0.548304,0.020701,0.017013,0.046773
e,0.102494,0.532579,0.020949,0.01699,0.046044
e,0.098503,0.516137,0.021208,0.016962,0.045278
e,0.094342,0.498984,0.021479,0.016931,0.044476
e,0.090015,0.481141,0.02176,0.016895,0.04364
e,0.085532,0.462642,0.022052,0.016854,0.042771
e,0.080904,0.443534,0.022352,0.01681,0.04187
e,0.076147,0.423874,0.022662,0.016762,0.040937
e,0.07128,0.40373,0.022978,0.016712,0.039975
e,0.066322,0.383176,0.0233,0.01666,0.038984
e,0.061295,0.362294,0.023627,0.016606,0.037966
e,0.05622,0.341162,0.023957,0.01655,0.036922
e,0.051117,0.319851,0.024289,0.016494,0.035854
e,0.046005,0.298431,0.024621,0.016439,0.034763
e,0.040898,0.27696,0.024951,0.016383,0.033649
e,0.035813,0.25549,0.025278,0.016329,0.032513
e,0.030758,0.23406,0.025599,0.016277,0.031356
e,0.025741,0.212692,0.025915,0.016227,0.030177
e,0.020764,0.191394,0.026221,0.016178,0.028977
e,0.015827,0.17016,0.026519,0.016133,0.027753
e,0.010923,0.148966,0.026805,0.016089,0.026506
e,0.006043,0.127771,0.027078,0.016047,0.025233
e,0.001172,0.106522,0.027339,0.016006,0.023933
e,-0.003706,0.085152,0.027586,0.015965,0.022603
e,-0.008611,0.063587,0.027818,0.015925,0.021242
e,-0.013561,0.041759,0.028035,0.015885,0.019849
e,-0.018573,0.019608,0.028237,0.015842,0.018424
e,-0.023659,-0.002902,0.028425,0.015798,0.016966
e,-0.028823,-0.025784,0.028597,0.015751,0.015478
e,-0.034064,-0.049022,0.028756,0.0157,0.013964
e,-0.039375,-0.072569,0.0289,0.015645,0.01243
e,-0.044739,-0.096348,0.029031,0.015586,0.010882
e,-0.050134,-0.120252,0.029149,0.015523,0.00933
e,-0.05553,-0.144151,0.029253,0.015457,0.00778
e,-0.060892,-0.167889,0.029346,0.015387,0.00624
e,-0.066182,-0.191296,0.029426,0.015316,0.00473
e,-0.071358,-0.214194,0.029493,0.015244,0.00325
e,-0.07638,-0.236404,0.02955,0.015172,0.00181
e,-0.081209,-0.257757,0.029595,0.015101,0.000437
e,-0.08581,-0.278099,0.02963,0.015031,-0.000874
e,-0.090155,-0.2973,0.029656,0.014963,-0.00211
e,-0.094223,-0.315265,0.029673,0.014897,-0.00326
e,-0.098001,-0.331932,0.029682,0.014834,-0.00433
e,-0.101487,-0.347287,0.029684,0.014773,-0.0053
e,-0.104689,-0.361357,0.02968,0.014716,-0.00619
e,-0.107624,-0.374205,0.029672,0.014661,-0.00699
e,-0.110315,-0.385924,0.029659,0.014608,-0.0077
e,-0.112787,-0.396622,0.029643,0.014558,-0.00833
e,-0.115067,-0.406419,0.029625,0.01451,-0.00889
e,-0.117183,-0.415432,0.029604,0.014464,-0.00939
e,-0.119159,-0.423772,0.029582,0.014418,-0.00983
e,-0.121016,-0.431545,0.029559,0.014374,-0.010225
e,-0.122772,-0.438841,0.029536,0.014331,-0.010581
